tenor_type,contract_month,option_type,strike_price,unit_premium,open_interest_t0,open_interest_t1,delta_oi,flow_usd_notional,flow_premium_cash
Monthly,MAR 27,PUT,4610.0,370.4290057918188,300,0.0,300.0,138300000.0,11112870.173754564
Monthly,JUN 27,PUT,4050.0,156.19765132827,600,0.0,600.0,243000000.0,9371859.0796962
Monthly,MAR 27,CALL,4700.0,218.79732528684872,1090,730.0,360.0,169200000.0,7876703.710326554
Monthly,OCT 26,CALL,4580.0,93.64217440579773,1009,188.0,821.0,376018000.0,7688022.5187159935
Monthly,MAR 27,CALL,4610.0,252.3330523964496,302,4.0,298.0,137378000.0,7519524.961414198
Monthly,JUN 27,CALL,5400.0,113.89998617962158,600,0.0,600.0,324000000.0,6833999.170777295
Monthly,OCT 26,CALL,4680.0,66.07845448569401,1014,18.0,996.0,466128000.0,6581414.066775124
Monthly,MAR 27,PUT,4130.0,149.86321763702472,390,0.0,390.0,161070000.0,5844665.487843964
Monthly,DEC 26,CALL,4600.0,163.10059816123498,4870,4622.0,248.0,114080000.0,4044894.8343986277
Monthly,MAR 27,CALL,5190.0,93.12793158529746,390,0.0,390.0,202410000.0,3631989.331826601
Monthly,OCT 26,CALL,4600.0,87.5188417589427,6891,6534.0,357.0,164220000.0,3124422.650794254
Monthly,DEC 26,CALL,5000.0,61.68195093244742,7718,7227.0,491.0,245500000.0,3028583.7907831683
Monthly,OCT 26,CALL,4460.0,137.4380704528162,239,27.0,212.0,94552000.0,2913687.093599703
Monthly,JAN 27,PUT,4400.0,232.4906275611354,138,28.0,110.0,48400000.0,2557396.9031724893
Monthly,DEC 26,PUT,4525.0,281.85345885229253,330,240.0,90.0,40725000.0,2536681.129670633
Monthly,DEC 26,CALL,4525.0,191.78672503726898,133,33.0,100.0,45250000.0,1917867.2503726897
Monthly,FEB 27,CALL,5000.0,109.88877895377732,1414,1243.0,171.0,85500000.0,1879098.120109592
Monthly,OCT 26,CALL,4800.0,42.013544381959946,3634,3197.0,437.0,209760000.0,1835991.8894916496
Monthly,SEP 26,CALL,4500.0,71.45779453724754,3057,2813.0,244.0,109800000.0,1743570.1867088398
Monthly,NOV 26,CALL,4750.0,84.49336240693083,974,787.0,187.0,88825000.0,1580025.8770096065
Monthly,OCT 26,CALL,4650.0,73.56647030729528,1802,1589.0,213.0,99045000.0,1566965.8175453893
Monthly,DEC 26,CALL,4480.0,210.699783862294,76,2.0,74.0,33152000.0,1559178.4005809757
Monthly,OCT 26,PUT,4450.0,194.7088856265268,155,86.0,69.0,30705000.0,1343491.310823035
Weekly Thursday Options Week 2,AUG 26,PUT,4400.0,59.46317735144339,241,35.0,206.0,90640000.0,1224941.453439734
Monthly,MAR 27,PUT,3600.0,33.64993709178242,1240,880.0,360.0,129600000.0,1211397.735304167
Weekly Friday Option Week 4,AUG 26,PUT,4475.0,119.48418109156546,100,0.0,100.0,44750000.0,1194841.8109156545
Monthly,OCT 26,PUT,4300.0,120.60800206478075,897,798.0,99.0,42570000.0,1194019.2204413295
Monthly,OCT 26,PUT,4400.0,167.65160211150032,1129,1060.0,69.0,30360000.0,1156796.0545693522
Monthly,SEP 26,PUT,4300.0,84.79152262145067,1685,1549.0,136.0,58480000.0,1153164.707651729
Monthly,DEC 26,PUT,4470.0,251.08077909133817,45,1.0,44.0,19668000.0,1104755.4280018879
Monthly,SEP 26,PUT,4435.0,151.8813303269112,75,10.0,65.0,28827500.0,987228.6471249228
Monthly,SEP 26,PUT,4395.0,129.53584145112927,170,95.0,75.0,32962500.0,971518.8108834695
Monthly,SEP 26,CALL,4700.0,25.223722229432383,2197,1821.0,376.0,176720000.0,948411.9558266576
Monthly,NOV 26,CALL,5000.0,39.20670293510648,1381,1147.0,234.0,117000000.0,917436.8486814916
Monthly,DEC 26,CALL,5500.0,14.440422780345756,13447,12841.0,606.0,333300000.0,875089.6204889528
Monthly,NOV 26,CALL,4475.0,175.22288825825285,75,26.0,49.0,21927500.0,858592.1524654389
Monthly,FEB 27,CALL,4750.0,176.0303538833257,461,413.0,48.0,22800000.0,844945.6986399633
Monthly,OCT 26,CALL,4900.0,28.002183931673812,3200,2907.0,293.0,143570000.0,820463.9891980427
Monthly,OCT 26,PUT,4225.0,91.52961128165498,266,184.0,82.0,34645000.0,750542.8125095709
Weekly Wednesday Options Week 3,AUG 26,PUT,4450.0,97.68384781434133,75,0.0,75.0,33375000.0,732628.85860756
Monthly,SEP 26,PUT,4325.0,95.42263920618598,300,226.0,74.0,32005000.0,706127.5301257762
Monthly,OCT 26,CALL,4635.0,77.55427161856983,112,21.0,91.0,42178500.0,705743.8717289855
Monthly,NOV 26,CALL,4700.0,97.35967177414932,1494,1422.0,72.0,33840000.0,700989.6367738751
Monthly,NOV 26,CALL,4600.0,127.71220503561813,3289,3237.0,52.0,23920000.0,664103.4661852142
Monthly,MAR 27,CALL,5200.0,91.40062060668322,86,16.0,70.0,36400000.0,639804.3442467825
Weekly Thursday Options Week 2,AUG 26,PUT,4335.0,24.582566366086212,465,214.0,251.0,108808500.0,617022.4157887639
Monthly,OCT 26,PUT,4100.0,54.325359011919545,1261,1151.0,110.0,45100000.0,597578.949131115
Monthly,SEP 26,PUT,4400.0,132.21686168206952,1382,1337.0,45.0,19800000.0,594975.8775693128
Monthly,NOV 26,CALL,4900.0,53.927167743659766,3616,3506.0,110.0,53900000.0,593198.8451802575
Monthly,OCT 26,PUT,4200.0,82.9926477392471,1029,958.0,71.0,29820000.0,589247.7989486544
Monthly,NOV 26,CALL,4800.0,73.03495430714361,1389,1315.0,74.0,35520000.0,540458.6618728627
Monthly,SEP 26,PUT,4440.0,154.81728743566737,47,14.0,33.0,14652000.0,510897.0485377023
Monthly,DEC 26,CALL,5100.0,47.06715806462773,1296,1189.0,107.0,54570000.0,503618.5912915167
Monthly,NOV 26,PUT,4300.0,147.64984428734533,1035,1001.0,34.0,14620000.0,502009.4705769741
Monthly,OCT 26,CALL,5000.0,18.198810635490872,4940,4667.0,273.0,136500000.0,496827.5303489008
Monthly,OCT 26,PUT,4265.0,106.38324716713373,350,304.0,46.0,19619000.0,489362.93696881516
Monthly,OCT 26,CALL,4700.0,61.434400107481,3013,2934.0,79.0,37130000.0,485331.7608490999
Weekly Thursday Options Week 2,AUG 26,PUT,4430.0,81.40565479753195,59,0.0,59.0,26137000.0,480293.36330543854
Monthly,OCT 26,PUT,4075.0,48.45126815242418,469,370.0,99.0,40342500.0,479667.55470899935
Weekly Thursday Options Week 2,AUG 26,CALL,4180.0,180.48041311910765,26,0.0,26.0,10868000.0,469249.0741096799
Monthly,SEP 26,PUT,4460.0,166.87218435935029,43,15.0,28.0,12488000.0,467242.11620618077
Monthly,NOV 26,CALL,4400.0,209.25195180794208,868,846.0,22.0,9680000.0,460354.2939774726
Monthly,OCT 26,PUT,4325.0,131.47829904451532,125,90.0,35.0,15137500.0,460174.0466558036
Monthly,NOV 26,PUT,4100.0,77.4242978270247,811,752.0,59.0,24190000.0,456803.35717944574
Monthly,SEP 26,CALL,4525.0,63.49957980115528,300,230.0,70.0,31675000.0,444497.05860808695
Monthly,FEB 27,PUT,4390.0,242.89330740375271,18,0.0,18.0,7902000.0,437207.9533267549
Weekly Thursday Options Week 2,AUG 26,PUT,4420.0,73.7340853093242,59,1.0,58.0,25636000.0,427657.69479408034
Monthly,OCT 26,CALL,4725.0,56.00329777031777,315,240.0,75.0,35437500.0,420024.7332773833
Monthly,OCT 26,PUT,4150.0,67.59121213278468,798,737.0,61.0,25315000.0,412306.39400998654
Monthly,SEP 26,CALL,4425.0,99.77548557687032,470,430.0,40.0,17700000.0,399101.9423074813
Weekly Friday Option Week 1,SEP 26,PUT,4125.0,31.549934149333467,150,24.0,126.0,51975000.0,397529.17028160166
Monthly,SEP 26,CALL,4485.0,76.57803161966604,68,17.0,51.0,22873500.0,390547.96126029675
Monthly,OCT 26,CALL,4100.0,348.22345593262753,958,947.0,11.0,4510000.0,383045.8015258903
Monthly,OCT 26,PUT,4460.0,200.39760404638764,26,7.0,19.0,8474000.0,380755.44768813654
Weekly Friday Option Week 2,AUG 26,PUT,4400.0,59.46317735144339,97,34.0,63.0,27720000.0,374618.01731409336
Weekly Thursday Options Week 2,AUG 26,PUT,4425.0,77.52794070935624,51,4.0,47.0,20797500.0,364381.32133397437
Monthly,DEC 26,CALL,4550.0,181.83653535815301,1129,1110.0,19.0,8645000.0,345489.41718049074
Monthly,DEC 26,CALL,4900.0,79.9785505679115,4501,4458.0,43.0,21070000.0,343907.7674420194
Monthly,OCT 26,PUT,4435.0,186.3479628751861,24,6.0,18.0,7983000.0,335426.333175335
Monthly,OCT 26,CALL,4550.0,103.43559917632774,938,906.0,32.0,14560000.0,330993.9173642488
Monthly,DEC 26,CALL,4390.0,252.4944346569382,21,8.0,13.0,5707000.0,328242.7650540197
Monthly,DEC 26,PUT,4450.0,240.37735032653336,300,287.0,13.0,5785000.0,312490.5554244934
Monthly,SEP 26,PUT,4470.0,173.08389000581656,24,6.0,18.0,8046000.0,311551.0020104698
Weekly Thursday Options Week 1,SEP 26,PUT,4425.0,145.5636630932463,26,5.0,21.0,9292500.0,305683.69249581726
Monthly,SEP 26,CALL,4450.0,89.57068503930805,1268,1234.0,34.0,15130000.0,304540.3291336474
Monthly,FEB 27,CALL,5500.0,38.183116002334884,1407,1329.0,78.0,42900000.0,297828.3048182121
Monthly,APR 27,CALL,5500.0,66.16424588652524,819,775.0,44.0,24200000.0,291122.68190071103
Monthly,SEP 26,PUT,4385.0,124.27092510504144,73,50.0,23.0,10085500.0,285823.1277415953
Weekly Thursday Options Week 2,AUG 26,PUT,4455.0,101.92697058254907,28,0.0,28.0,12474000.0,285395.5176311374
Monthly,OCT 26,CALL,4950.0,22.64489165700843,2020,1896.0,124.0,61380000.0,280796.65654690453
Monthly,SEP 26,PUT,4485.0,182.62756080074996,21,6.0,15.0,6727500.0,273941.34120112495
Monthly,JAN 27,CALL,5000.0,85.693914690116,981,950.0,31.0,15500000.0,265651.1355393596
Monthly,FEB 27,CALL,5025.0,104.59953234078262,27,2.0,25.0,12562500.0,261498.83085195653
Monthly,OCT 26,PUT,4895.0,522.7557828462486,5,0.0,5.0,2447500.0,261377.8914231243
Weekly Thursday Options Week 2,AUG 26,PUT,4410.0,66.41143102816932,42,3.0,39.0,17199000.0,259004.58100986033
Weekly Thursday Options Week 2,AUG 26,PUT,4320.0,19.148674553064893,266,131.0,135.0,58320000.0,258507.10646637605
Weekly Wednesday Options Week 1,SEP 26,PUT,4450.0,160.2495918293912,66,50.0,16.0,7120000.0,256399.3469270259
Monthly,SEP 26,PUT,4505.0,195.7658193357538,16,3.0,13.0,5856500.0,254495.56513647994
Weekly Thursday Options Week 2,AUG 26,PUT,4450.0,97.68384781434133,26,0.0,26.0,11570000.0,253978.00431728747
Weekly Thursday Options Week 2,AUG 26,PUT,4390.0,52.91188413042619,58,10.0,48.0,21072000.0,253977.0438260457
Weekly Friday Option Week 2,AUG 26,PUT,4425.0,77.52794070935624,35,3.0,32.0,14160000.0,248089.41026993998
Monthly,OCT 26,PUT,4000.0,33.62730997691142,1884,1813.0,71.0,28400000.0,238753.9008360711
Monthly,OCT 26,CALL,4435.0,148.17020917843934,78,62.0,16.0,7096000.0,237072.33468550292
Weekly Thursday Options Week 2,AUG 26,PUT,4350.0,30.98514682796167,83,9.0,74.0,32190000.0,229290.08652691636
Monthly,NOV 26,CALL,4360.0,229.16258462583664,22,12.0,10.0,4360000.0,229162.58462583664
Monthly,SEP 26,CALL,4435.0,95.59946590815889,156,133.0,23.0,10200500.0,219878.77158876543
Monthly,DEC 26,PUT,4330.0,181.7384217067288,42,30.0,12.0,5196000.0,218086.10604807455
Monthly,SEP 26,CALL,4460.0,85.70648755943239,112,87.0,25.0,11150000.0,214266.21889858096
Monthly,MAY 27,PUT,3815.0,84.99873696780776,25,0.0,25.0,9537500.0,212496.8424195194
Monthly,NOV 26,PUT,4525.0,263.2592817750383,19,11.0,8.0,3620000.0,210607.42542003063
Monthly,DEC 26,PUT,4000.0,69.68040744422365,3184,3154.0,30.0,12000000.0,209041.22233267094
Monthly,DEC 26,CALL,4535.0,187.7594062490209,16,5.0,11.0,4988500.0,206535.346873923
Monthly,SEP 26,CALL,4490.0,74.8419734164695,134,107.0,27.0,12123000.0,202073.32822446764
Monthly,NOV 26,PUT,4260.0,131.18213320578138,121,106.0,15.0,6390000.0,196773.19980867207
Monthly,FEB 27,CALL,4700.0,192.46677848678473,173,163.0,10.0,4700000.0,192466.77848678472
Weekly Thursday Options Week 2,AUG 26,PUT,4435.0,85.36371810647279,23,1.0,22.0,9757000.0,187800.17983424015
Monthly,OCT 26,CALL,4475.0,131.2727210822004,149,135.0,14.0,6265000.0,183781.80951508056
Monthly,NOV 26,PUT,4515.0,257.31182157944795,7,0.0,7.0,3160500.0,180118.27510561357
Weekly Thursday Options Week 2,AUG 26,PUT,4415.0,70.02749174784094,26,1.0,25.0,11037500.0,175068.72936960234
Monthly,OCT 26,CALL,5005.0,17.79929631066949,112,14.0,98.0,49049000.0,174433.103844561
Monthly,SEP 26,CALL,4650.0,33.41203897192099,1018,966.0,52.0,24180000.0,173742.60265398916
Monthly,OCT 26,PUT,4270.0,108.3447405440445,385,369.0,16.0,6832000.0,173351.5848704712
Weekly Monday Options Week 3,AUG 26,PUT,4400.0,59.46317735144339,39,10.0,29.0,12760000.0,172443.21431918585
Monthly,DEC 26,PUT,3700.0,21.399502943500295,1598,1518.0,80.0,29600000.0,171196.02354800235
Monthly,JAN 27,CALL,4900.0,106.85476193664522,463,447.0,16.0,7840000.0,170967.61909863236
Monthly,NOV 26,PUT,5265.0,854.4957365132091,2,0.0,2.0,1053000.0,170899.14730264182
Monthly,OCT 26,PUT,4440.0,189.11188886157152,19,10.0,9.0,3996000.0,170200.69997541438
Monthly,NOV 26,PUT,4490.0,242.76233469601084,13,6.0,7.0,3143000.0,169933.6342872076
Monthly,JAN 27,CALL,5010.0,83.78629270918645,21,1.0,20.0,10020000.0,167572.5854183729
Monthly,SEP 26,CALL,4065.0,333.32919817715947,106,101.0,5.0,2032500.0,166664.59908857974
Monthly,OCT 26,CALL,4200.0,277.76362507265594,1928,1922.0,6.0,2520000.0,166658.17504359357
Weekly Wednesday Options Week 3,AUG 26,PUT,4400.0,59.46317735144339,40,12.0,28.0,12320000.0,166496.8965840415
Monthly,FEB 27,CALL,4730.0,182.4665201590385,29,20.0,9.0,4257000.0,164219.86814313466
Monthly,NOV 26,CALL,4410.0,204.4671393118565,27,19.0,8.0,3528000.0,163573.7114494852
Monthly,SEP 26,PUT,4480.0,179.41645547370217,16,7.0,9.0,4032000.0,161474.80992633195
Weekly Thursday Options Week 2,AUG 26,PUT,4440.0,89.3985404594041,20,2.0,18.0,7992000.0,160917.3728269274
Monthly,FEB 27,CALL,4800.0,160.7264249424386,1697,1687.0,10.0,4800000.0,160726.4249424386
Monthly,DEC 26,PUT,4490.0,262.0451871283235,23,17.0,6.0,2694000.0,157227.1122769941
Weekly Thursday Options Week 2,AUG 26,CALL,4440.0,9.332823115374822,166,2.0,164.0,72816000.0,153058.2990921471
Weekly Wednesday Options Week 1,SEP 26,PUT,4200.0,49.74916279734589,33,3.0,30.0,12600000.0,149247.48839203766
Monthly,OCT 26,PUT,4430.0,183.60717359344062,28,20.0,8.0,3544000.0,146885.73887475248
Monthly,OCT 26,CALL,4690.0,63.72245558407349,39,16.0,23.0,10787000.0,146561.64784336902
Monthly,SEP 26,PUT,4425.0,146.1038170431575,239,229.0,10.0,4425000.0,146103.8170431575
Weekly Wednesday Options Week 1,SEP 26,PUT,4425.0,145.5636630932463,10,0.0,10.0,4425000.0,145563.66309324632
Monthly,OCT 26,PUT,4190.0,79.73582275180001,38,20.0,18.0,7542000.0,143524.48095324004
Monthly,OCT 26,CALL,4660.0,70.99923656962369,46,26.0,20.0,9320000.0,141998.4731392474
Monthly,OCT 26,PUT,4250.0,100.63907593146291,398,384.0,14.0,5950000.0,140894.70630404807
Weekly Thursday Options Week 2,AUG 26,PUT,4370.0,41.07129549696174,35,1.0,34.0,14858000.0,139642.4046896699
Weekly Friday Option Week 3,AUG 26,CALL,4400.0,19.381025028531894,272,200.0,72.0,31680000.0,139543.38020542962
Weekly Friday Option Week 2,AUG 26,PUT,4350.0,30.98514682796167,191,149.0,42.0,18270000.0,130137.61667743901
Monthly,DEC 26,CALL,4470.0,215.080281819922,14,8.0,6.0,2682000.0,129048.1690919532
Weekly Friday Option Week 2,AUG 26,PUT,4460.0,106.23217324338657,12,0.0,12.0,5352000.0,127478.60789206388
Monthly,DEC 26,PUT,4275.0,158.09956660095668,28,20.0,8.0,3420000.0,126479.65328076534
Monthly,OCT 26,PUT,4375.0,155.00122245483817,479,471.0,8.0,3500000.0,124000.97796387054
Weekly Thursday Options Week 2,AUG 26,PUT,4380.0,46.77642151194141,27,1.0,26.0,11388000.0,121618.69593104767
Monthly,OCT 26,CALL,4440.0,145.9777791854592,74,66.0,8.0,3552000.0,116782.22334836738
Monthly,OCT 26,PUT,4240.0,96.92598799222105,66,54.0,12.0,5088000.0,116311.18559066526
Monthly,OCT 26,PUT,3950.0,25.857077545776065,534,490.0,44.0,17380000.0,113771.14120141469
Monthly,MAY 27,PUT,4575.0,369.8978189386248,3,0.0,3.0,1372500.0,110969.34568158745
Monthly,NOV 26,PUT,4450.0,220.44656137267884,65,60.0,5.0,2225000.0,110223.28068633942
Weekly Friday Option Week 4,AUG 26,PUT,4450.0,97.68384781434133,11,0.0,11.0,4895000.0,107452.23259577547
Monthly,OCT 26,CALL,4540.0,106.86640846909108,66,56.0,10.0,4540000.0,106866.40846909108
Monthly,OCT 26,CALL,4430.0,150.38577587605891,81,74.0,7.0,3101000.0,105270.04311324123
Monthly,DEC 26,CALL,4490.0,206.3842402046871,21,16.0,5.0,2245000.0,103192.12010234356
Monthly,DEC 26,PUT,4480.0,256.5305059598195,5,1.0,4.0,1792000.0,102612.2023839278
Monthly,OCT 26,CALL,4750.0,50.969331268474775,4678,4658.0,20.0,9500000.0,101938.66253694955
Weekly Friday Option Week 2,AUG 26,PUT,4455.0,101.92697058254907,10,0.0,10.0,4455000.0,101926.97058254908
Monthly,OCT 26,CALL,4445.0,143.8084203023634,43,36.0,7.0,3111500.0,100665.89421165438
Weekly Wednesday Options Week 1,SEP 26,CALL,4450.0,89.03742798193889,236,225.0,11.0,4895000.0,97941.17078013279
Monthly,NOV 26,CALL,4505.0,162.79395260804154,31,25.0,6.0,2703000.0,97676.37156482492
Monthly,SEP 26,CALL,4520.0,65.03478108627701,175,160.0,15.0,6780000.0,97552.1716294155
Weekly Wednesday Options Week 1,SEP 26,PUT,4275.0,74.46287209665388,13,0.0,13.0,5557500.0,96801.73372565005
Monthly,NOV 26,PUT,4000.0,53.027506964289046,576,558.0,18.0,7200000.0,95449.51253572028
Monthly,NOV 26,CALL,4515.0,158.79800202236265,41,35.0,6.0,2709000.0,95278.8012134176
Weekly Friday Option Week 2,AUG 26,PUT,4385.0,49.79115797497889,21,2.0,19.0,8331500.0,94603.20015245989
Weekly Monday Options Week 4,AUG 26,CALL,4050.0,309.7776302269949,3,0.0,3.0,1215000.0,92933.28906809847
Monthly,OCT 26,PUT,3960.0,27.287243360078605,141,107.0,34.0,13464000.0,92776.62742426725
Weekly Wednesday Options Week 2,SEP 26,CALL,4600.0,43.215230842192796,22,1.0,21.0,9660000.0,90751.98476860487
Monthly,DEC 26,CALL,4450.0,224.03730270733922,588,584.0,4.0,1780000.0,89614.92108293569
Monthly,JAN 27,CALL,4885.0,110.3734907862663,30,22.0,8.0,3908000.0,88298.79262901304
Monthly,NOV 26,PUT,4575.0,294.06828085498637,3,0.0,3.0,1372500.0,88220.48425649591
Monthly,DEC 26,CALL,4460.0,219.52602871140402,139,135.0,4.0,1784000.0,87810.41148456161
Monthly,SEP 26,PUT,4270.0,73.1004952273031,67,55.0,12.0,5124000.0,87720.59427276372
Monthly,APR 27,CALL,5400.0,79.11352724201788,300,289.0,11.0,5940000.0,87024.87996621967
Monthly,OCT 26,PUT,4410.0,172.87659036889363,72,67.0,5.0,2205000.0,86438.29518444682
Monthly,OCT 26,CALL,4000.0,426.6525264849197,118,116.0,2.0,800000.0,85330.50529698393
Monthly,NOV 26,PUT,5260.0,849.8486939057016,1,0.0,1.0,526000.0,84984.86939057015
Monthly,SEP 26,CALL,4750.0,18.77970271932884,1613,1568.0,45.0,21375000.0,84508.66223697977
Monthly,NOV 26,PUT,4050.0,64.3993826410657,231,218.0,13.0,5265000.0,83719.19743338542
Monthly,DEC 26,PUT,4520.0,278.9757706156638,28,25.0,3.0,1356000.0,83692.73118469914
Monthly,DEC 26,PUT,4505.0,270.43831412403597,4,1.0,3.0,1351500.0,81131.49423721079
Monthly,DEC 26,CALL,4510.0,197.94675706333783,5027,5023.0,4.0,1804000.0,79178.70282533513
Monthly,SEP 26,PUT,4445.0,157.7845129651896,11,6.0,5.0,2222500.0,78892.2564825948
Weekly Friday Option Week 3,AUG 26,PUT,4400.0,59.46317735144339,29,16.0,13.0,5720000.0,77302.13055687641
Monthly,OCT 26,PUT,4445.0,191.8988859578394,27,23.0,4.0,1778000.0,76759.55438313576
Weekly Wednesday Options Week 2,SEP 26,CALL,4725.0,21.49310054008845,35,0.0,35.0,16537500.0,75225.85189030957
Weekly Thursday Options Week 2,AUG 26,PUT,4445.0,93.50647606280017,8,0.0,8.0,3556000.0,74805.18085024014
Monthly,SEP 26,PUT,4430.0,148.9767924069929,19,14.0,5.0,2215000.0,74488.39620349645
Weekly Tuesday Options Week 3,AUG 26,PUT,4300.0,13.316413569784572,60,5.0,55.0,23650000.0,73240.27463381515
Monthly,JUN 27,PUT,4550.0,365.13821142915185,88,86.0,2.0,910000.0,73027.64228583037
Weekly Wednesday Options Week 2,SEP 26,CALL,4550.0,55.758889628455336,15,2.0,13.0,5915000.0,72486.55651699194
Monthly,OCT 26,CALL,4825.0,38.05221218355882,228,209.0,19.0,9167500.0,72299.20314876176
Monthly,DEC 26,PUT,4170.0,118.60372843735809,37,31.0,6.0,2502000.0,71162.23706241485
Monthly,MAR 27,PUT,4205.0,176.67750107464326,4,0.0,4.0,1682000.0,70671.0004298573
Weekly Friday Option Week 2,AUG 26,PUT,4375.0,43.869346231551845,60,44.0,16.0,7000000.0,70190.95397048295
Monthly,MAY 27,PUT,3780.0,77.72698336812641,9,0.0,9.0,3402000.0,69954.28503131378
Monthly,OCT 26,CALL,4455.0,139.53863881120378,36,31.0,5.0,2227500.0,69769.31940560188
Monthly,OCT 26,CALL,4715.0,58.126975743973276,29,17.0,12.0,5658000.0,69752.37089276793
Monthly,SEP 26,PUT,4410.0,137.67558613405436,100,95.0,5.0,2205000.0,68837.79306702717
Monthly,SEP 26,PUT,4240.0,62.54972314190741,180,169.0,11.0,4664000.0,68804.69545609815
Weekly Friday Option Week 2,AUG 26,PUT,4450.0,97.68384781434133,22,15.0,7.0,3115000.0,68378.69347003894
Monthly,DEC 26,PUT,4425.0,227.36832727296292,14,11.0,3.0,1327500.0,68210.49818188888
Weekly Monday Options Week 4,AUG 26,PUT,4350.0,30.98514682796167,22,0.0,22.0,9570000.0,68167.32302151568
Monthly,NOV 26,CALL,5050.0,33.24060282845858,265,245.0,20.0,10100000.0,66481.20565691715
Monthly,OCT 26,PUT,4030.0,39.0745930873386,117,100.0,17.0,6851000.0,66426.80824847562
Weekly Thursday Options Week 1,SEP 26,PUT,4325.0,94.89078607778447,9,2.0,7.0,3027500.0,66423.55025444913
Monthly,MAR 27,PUT,4175.0,165.6127044866614,4,0.0,4.0,1670000.0,66245.08179466457
Weekly Friday Option Week 4,AUG 26,PUT,4375.0,43.869346231551845,21,6.0,15.0,6562500.0,65804.01934732776
Weekly Thursday Options Week 2,AUG 26,PUT,4375.0,43.869346231551845,29,14.0,15.0,6562500.0,65804.01934732776
Monthly,OCT 26,PUT,4165.0,71.98184554321438,121,112.0,9.0,3748500.0,64783.66098889294
Monthly,OCT 26,CALL,4625.0,80.30583845378465,227,219.0,8.0,3700000.0,64244.670763027716
Monthly,MAR 27,PUT,4520.0,320.3546750778696,3,1.0,2.0,904000.0,64070.93501557392
Monthly,OCT 26,CALL,4410.0,159.4806165689722,89,85.0,4.0,1764000.0,63792.24662758889
Monthly,DEC 26,PUT,4395.0,212.30522454592324,4,1.0,3.0,1318500.0,63691.56736377697
Monthly,SEP 26,CALL,4640.0,35.28560626495005,45,27.0,18.0,8352000.0,63514.09127691008
Weekly Friday Option Week 3,AUG 26,PUT,4275.0,8.031859857836821,215,136.0,79.0,33772500.0,63451.692876910885
Weekly Wednesday Options Week 3,AUG 26,CALL,4150.0,210.0536250642208,17,14.0,3.0,1245000.0,63016.087519266235
Monthly,SEP 26,PUT,4310.0,88.9463763444387,25,18.0,7.0,3017000.0,62262.463441107095
Weekly Friday Option Week 4,AUG 26,PUT,4350.0,30.98514682796167,30,10.0,20.0,8700000.0,61970.29365592334
Monthly,DEC 26,PUT,5000.0,618.684363987722,539,538.0,1.0,500000.0,61868.4363987722
Weekly Thursday Options Week 2,AUG 26,CALL,4460.0,6.174673388798169,100,0.0,100.0,44600000.0,61746.73388798169
Monthly,SEP 26,PUT,4220.0,56.13254641743947,155,144.0,11.0,4642000.0,61745.80105918342
Monthly,DEC 26,CALL,5250.0,30.774570969730917,1784,1764.0,20.0,10500000.0,61549.141939461835
Monthly,JAN 27,CALL,5100.0,68.17658448702173,155,146.0,9.0,4590000.0,61358.92603831956
Monthly,OCT 26,PUT,4465.0,203.27617135524997,84,81.0,3.0,1339500.0,60982.85140657499
Monthly,SEP 26,PUT,4335.0,99.90341850717437,36,30.0,6.0,2601000.0,59942.05110430462
Monthly,SEP 26,PUT,4510.0,199.1227196028367,14,11.0,3.0,1353000.0,59736.815880851005
Weekly Thursday Options Week 1,SEP 26,CALL,4700.0,24.88938827334721,25,1.0,24.0,11280000.0,59734.531856033296
Monthly,OCT 26,PUT,4455.0,197.5418164254097,7,4.0,3.0,1336500.0,59262.54492762291
Weekly Friday Option Week 2,AUG 26,CALL,4320.0,59.033652272387826,10,0.0,10.0,4320000.0,59033.65227238783
Monthly,OCT 26,PUT,4290.0,116.42583561523179,82,77.0,5.0,2145000.0,58212.91780761589
Monthly,SEP 26,CALL,4470.0,81.96466025343284,70,63.0,7.0,3129000.0,57375.26217740299
Monthly,SEP 26,PUT,4420.0,143.26254006621684,28,24.0,4.0,1768000.0,57305.01602648674
Monthly,AUG 27,CALL,5210.0,190.61861830718,3,0.0,3.0,1563000.0,57185.585492153994
Weekly Thursday Options Week 2,AUG 26,PUT,4355.0,33.3400394552923,22,5.0,17.0,7403500.0,56678.06707399691
Monthly,FEB 27,CALL,4000.0,557.991482127496,6,5.0,1.0,400000.0,55799.148212749606
Monthly,NOV 26,PUT,4550.0,278.44256036946854,3,1.0,2.0,910000.0,55688.51207389371
Monthly,NOV 26,PUT,3850.0,27.716777503429967,436,416.0,20.0,7700000.0,55433.55500685993
Monthly,OCT 26,PUT,4275.0,110.32970269285534,101,96.0,5.0,2137500.0,55164.85134642767
Monthly,SEP 26,CALL,4575.0,49.6287162039589,238,227.0,11.0,5032500.0,54591.58782435479
Monthly,SEP 26,PUT,4405.0,134.93014200575226,78,74.0,4.0,1762000.0,53972.056802300904
Monthly,OCT 26,PUT,4420.0,178.19525258832027,54,51.0,3.0,1326000.0,53458.57577649608
Weekly Friday Option Week 2,AUG 26,PUT,4340.0,26.60724497989645,55,35.0,20.0,8680000.0,53214.4899597929
Monthly,SEP 26,PUT,4475.0,176.2351636795679,43,40.0,3.0,1342500.0,52870.54910387037
Monthly,OCT 26,PUT,4215.0,88.04668178524616,97,91.0,6.0,2529000.0,52828.009071147695
Monthly,FEB 27,CALL,5305.0,58.658339566992595,13,4.0,9.0,4774500.0,52792.50561029334
Monthly,OCT 26,PUT,4415.0,175.5242370128558,26,23.0,3.0,1324500.0,52657.271103856736
Monthly,NOV 26,CALL,4485.0,171.00593276944915,34,31.0,3.0,1345500.0,51301.77983083474
Monthly,SEP 26,PUT,4340.0,102.19289363540065,73,68.0,5.0,2170000.0,51096.44681770033
Monthly,OCT 26,PUT,4405.0,170.25236300277584,11,8.0,3.0,1321500.0,51075.70890083275
Weekly Thursday Options Week 2,AUG 26,PUT,4395.0,56.13663638011485,9,0.0,9.0,3955500.0,50522.97274210337
Monthly,SEP 26,CALL,4465.0,83.82036959504467,96,90.0,6.0,2679000.0,50292.2217570268
Monthly,SEP 26,CALL,4775.0,16.120385394596212,382,351.0,31.0,14802500.0,49973.194723248256
Weekly Thursday Options Week 2,AUG 26,PUT,4385.0,49.79115797497889,11,1.0,10.0,4385000.0,49791.15797497889
Weekly Wednesday Options Week 1,SEP 26,CALL,4650.0,33.02739537974617,15,0.0,15.0,6975000.0,49541.09306961925
Monthly,JUN 27,PUT,4300.0,247.6205550816196,139,137.0,2.0,860000.0,49524.11101632392
Weekly Thursday Options Week 2,AUG 26,CALL,4485.0,3.5171083968950256,140,0.0,140.0,62790000.0,49239.51755653036
Weekly Monday Options Week 5,AUG 26,PUT,4450.0,97.68384781434133,105,100.0,5.0,2225000.0,48841.92390717067
Monthly,SEP 26,PUT,4380.0,121.68717996227178,135,131.0,4.0,1752000.0,48674.871984908714
Monthly,OCT 26,CALL,4810.0,40.38957072272228,41,29.0,12.0,5772000.0,48467.48486726674
Monthly,SEP 26,CALL,4580.0,48.38372887199239,40,30.0,10.0,4580000.0,48383.72887199239
Weekly Friday Option Week 1,SEP 26,CALL,4600.0,43.215230842192796,91,80.0,11.0,5060000.0,47536.75392641207
Monthly,OCT 26,PUT,4295.0,118.50508915623823,20,16.0,4.0,1718000.0,47402.03566249529
Weekly Wednesday Options Week 1,SEP 26,PUT,4125.0,31.549934149333467,22,7.0,15.0,6187500.0,47324.9012240002
Monthly,OCT 26,CALL,5400.0,2.558215513271506,710,527.0,183.0,98820000.0,46815.34389286856
Monthly,OCT 26,CALL,4270.0,233.72673416634325,247,245.0,2.0,854000.0,46745.346833268646
Weekly Friday Option Week 2,AUG 26,PUT,4360.0,35.80610255039301,14,1.0,13.0,5668000.0,46547.933315510905
Weekly Friday Option Week 4,AUG 26,CALL,4450.0,7.622239215032209,282,221.0,61.0,27145000.0,46495.659211696475
Monthly,OCT 26,CALL,4515.0,115.81637144237857,172,168.0,4.0,1806000.0,46326.54857695143
Monthly,OCT 26,PUT,3980.0,30.33037345407604,50,35.0,15.0,5970000.0,45495.56018111406
Monthly,JUN 27,CALL,4355.0,453.7117128145301,1,0.0,1.0,435500.0,45371.171281453004
Monthly,DEC 26,CALL,5445.0,17.14114912638439,30,4.0,26.0,14157000.0,44566.987728599415
Weekly Wednesday Options Week 1,SEP 26,CALL,4400.0,110.22880809605704,31,27.0,4.0,1760000.0,44091.523238422815
Monthly,SEP 26,CALL,4555.0,54.86143909601992,195,187.0,8.0,3644000.0,43889.15127681594
Weekly Monday Options Week 4,AUG 26,PUT,4375.0,43.869346231551845,11,1.0,10.0,4375000.0,43869.34623155184
Monthly,NOV 26,PUT,4290.0,143.41672574432823,7,4.0,3.0,1287000.0,43025.01772329847
Monthly,MAY 27,CALL,5145.0,143.41570389479352,3,0.0,3.0,1543500.0,43024.71116843806
Weekly Thursday Options Week 2,AUG 26,PUT,4360.0,35.80610255039301,48,36.0,12.0,5232000.0,42967.32306047161
Weekly Monday Options Week 3,AUG 26,PUT,4360.0,35.80610255039301,12,0.0,12.0,5232000.0,42967.32306047161
Monthly,OCT 26,PUT,4350.0,142.9427230817896,673,670.0,3.0,1305000.0,42882.816924536884
Weekly Thursday Options Week 2,AUG 26,PUT,4300.0,13.316413569784572,45,13.0,32.0,13760000.0,42612.52342331063
Weekly Thursday Options Week 2,AUG 26,CALL,4500.0,2.446479834804734,193,19.0,174.0,78300000.0,42568.74912560237
Monthly,NOV 26,PUT,4435.0,212.38834208635353,12,10.0,2.0,887000.0,42477.6684172707
Monthly,OCT 26,PUT,4480.0,212.04773853445568,7,5.0,2.0,896000.0,42409.547706891135
Monthly,JAN 27,PUT,4355.0,211.15470385786784,2,0.0,2.0,871000.0,42230.94077157357
Monthly,MAY 27,PUT,3900.0,104.61804668415459,204,200.0,4.0,1560000.0,41847.21867366184
Monthly,FEB 27,CALL,5300.0,59.29124681994915,607,600.0,7.0,3710000.0,41503.87277396441
Monthly,SEP 27,CALL,5225.0,207.31487745697677,2,0.0,2.0,1045000.0,41462.97549139535
Weekly Friday Option Week 2,AUG 26,PUT,4370.0,41.07129549696174,11,1.0,10.0,4370000.0,41071.29549696174
Monthly,JAN 27,PUT,4340.0,204.31245606058064,2,0.0,2.0,868000.0,40862.49121211613
Monthly,DEC 26,CALL,4505.0,200.03202996123446,4,2.0,2.0,901000.0,40006.40599224689
Monthly,NOV 26,CALL,4420.0,199.7590442773003,12,10.0,2.0,884000.0,39951.808855460054
Weekly Thursday Options Week 3,AUG 26,PUT,4300.0,13.316413569784572,183,153.0,30.0,12900000.0,39949.24070935372
Weekly Wednesday Options Week 2,SEP 26,CALL,4575.0,49.17388720838039,32,24.0,8.0,3660000.0,39339.109766704314
Weekly Tuesday Options Week 3,AUG 26,PUT,4450.0,97.68384781434133,4,0.0,4.0,1780000.0,39073.53912573653
Monthly,SEP 26,PUT,4330.0,97.64667560768112,37,33.0,4.0,1732000.0,39058.67024307245
Monthly,NOV 26,CALL,4100.0,388.5447828360948,330,329.0,1.0,410000.0,38854.47828360948
Monthly,NOV 26,CALL,5300.0,13.788077356265887,912,884.0,28.0,14840000.0,38606.61659754448
Weekly Thursday Options Week 2,AUG 26,PUT,4315.0,17.544240346473998,25,3.0,22.0,9493000.0,38597.328762242796
Monthly,DEC 26,PUT,4690.0,385.39566744240256,2,1.0,1.0,469000.0,38539.566744240256
Monthly,SEP 26,PUT,4390.0,126.88716935773346,69,66.0,3.0,1317000.0,38066.15080732004
Weekly Thursday Options Week 2,AUG 26,CALL,4170.0,190.29581309706464,2,0.0,2.0,834000.0,38059.16261941293
Monthly,JAN 27,CALL,5500.0,25.343106232982848,908,893.0,15.0,8250000.0,38014.65934947427
Monthly,NOV 26,PUT,4390.0,189.24370640456846,125,123.0,2.0,878000.0,37848.74128091369
Weekly Thursday Options Week 2,AUG 26,PUT,4405.0,62.889016264361544,8,2.0,6.0,2643000.0,37733.40975861692
Weekly Friday Option Week 2,AUG 26,PUT,4300.0,13.316413569784572,263,235.0,28.0,12040000.0,37285.957995396806
Monthly,SEP 26,CALL,4530.0,61.992101882620545,156,150.0,6.0,2718000.0,37195.261129572325
Weekly Monday Options Week 3,AUG 26,PUT,4350.0,30.98514682796167,28,16.0,12.0,5220000.0,37182.176193554005
Weekly Friday Option Week 2,AUG 26,PUT,4420.0,73.7340853093242,10,5.0,5.0,2210000.0,36867.0426546621
Monthly,SEP 26,CALL,4445.0,91.54911559397078,64,60.0,4.0,1778000.0,36619.64623758831
Weekly Thursday Options Week 3,AUG 26,CALL,4300.0,73.19317379966651,29,24.0,5.0,2150000.0,36596.58689983326
Monthly,OCT 26,PUT,4220.0,89.77673289364793,69,65.0,4.0,1688000.0,35910.69315745917
Weekly Friday Option Week 1,SEP 26,PUT,4375.0,118.59266604271852,3,0.0,3.0,1312500.0,35577.79981281556
Monthly,NOV 26,CALL,4470.0,177.35929840229824,35,33.0,2.0,894000.0,35471.859680459645
Weekly Tuesday Options Week 1,SEP 26,PUT,4475.0,175.71210755077527,2,0.0,2.0,895000.0,35142.42151015505
Weekly Tuesday Options Week 4,AUG 26,PUT,4375.0,43.869346231551845,13,5.0,8.0,3500000.0,35095.476985241476
Monthly,NOV 26,CALL,4875.0,58.26062354010992,15,9.0,6.0,2925000.0,34956.37412406595
Monthly,DEC 26,CALL,5570.0,11.564269258434706,228,198.0,30.0,16710000.0,34692.807775304114
Weekly Thursday Options Week 2,AUG 26,PUT,4365.0,38.383311091522046,10,1.0,9.0,3928500.0,34544.97998236984
Weekly Friday Option Week 2,AUG 26,PUT,4470.0,115.01432586442888,3,0.0,3.0,1341000.0,34504.29775932866
Monthly,APR 27,PUT,4545.0,344.59488880721983,1,0.0,1.0,454500.0,34459.48888072198
Monthly,OCT 26,PUT,3985.0,31.130343980930206,35,24.0,11.0,4383500.0,34243.37837902323
Monthly,MAY 27,CALL,5040.0,168.07617466866327,2,0.0,2.0,1008000.0,33615.23493373265
Monthly,MAY 27,PUT,4115.0,167.4744023396745,2,0.0,2.0,823000.0,33494.8804679349
Weekly Monday Options Week 4,AUG 26,CALL,4025.0,334.764782611604,1,0.0,1.0,402500.0,33476.4782611604
Weekly Wednesday Options Week 3,AUG 26,PUT,4300.0,13.316413569784572,40,15.0,25.0,10750000.0,33291.03392446143
Monthly,NOV 26,PUT,4340.0,165.3593304120077,18,16.0,2.0,868000.0,33071.86608240154
Monthly,MAY 27,PUT,4500.0,330.5761870473759,16,15.0,1.0,450000.0,33057.61870473759
Monthly,OCT 26,CALL,4960.0,21.68703278007081,163,148.0,15.0,7440000.0,32530.549170106213
Monthly,MAR 27,PUT,4525.0,323.03464676752765,11,10.0,1.0,452500.0,32303.464676752767
Weekly Thursday Options Week 2,AUG 26,PUT,4340.0,26.60724497989645,41,29.0,12.0,5208000.0,31928.69397587574
Weekly Thursday Options Week 2,AUG 26,PUT,4460.0,106.23217324338657,3,0.0,3.0,1338000.0,31869.65197301597
Monthly,OCT 26,CALL,4415.0,157.17190723356953,117,115.0,2.0,883000.0,31434.381446713905
Monthly,JAN 27,CALL,5520.0,24.048518190611958,13,0.0,13.0,7176000.0,31263.073647795543
Monthly,NOV 26,PUT,3995.0,51.977257627566246,13,7.0,6.0,2397000.0,31186.354576539747
Weekly Thursday Options Week 2,AUG 26,CALL,4050.0,309.7776302269949,17,16.0,1.0,405000.0,30977.76302269949
Monthly,SEP 26,CALL,4420.0,101.91097507616314,165,162.0,3.0,1326000.0,30573.29252284894
Monthly,OCT 26,PUT,4175.0,75.01743381027427,104,100.0,4.0,1670000.0,30006.973524109708
Monthly,OCT 26,PUT,3800.0,10.617135415351953,1698,1670.0,28.0,10640000.0,29727.97916298547
Weekly Thursday Options Week 2,AUG 26,PUT,4330.0,22.665732648586527,14,1.0,13.0,5629000.0,29465.452443162485
Weekly Monday Options Week 3,AUG 26,PUT,4450.0,97.68384781434133,13,10.0,3.0,1335000.0,29305.1543443024
Monthly,DEC 26,PUT,3900.0,48.79864709308015,3714,3708.0,6.0,2340000.0,29279.18825584809
Monthly,DEC 26,CALL,4650.0,145.87085718048115,715,713.0,2.0,930000.0,29174.17143609623
Monthly,OCT 26,CALL,4865.0,32.36826358987105,19,10.0,9.0,4378500.0,29131.437230883945
Monthly,NOV 26,PUT,4570.0,290.90818311886005,1,0.0,1.0,457000.0,29090.818311886003
Monthly,OCT 26,PUT,4600.0,289.2563427747341,352,351.0,1.0,460000.0,28925.634277473408
Monthly,MAY 27,CALL,4665.0,286.3781873252117,1,0.0,1.0,466500.0,28637.81873252117
Monthly,NOV 26,PUT,3700.0,12.96595812150548,845,823.0,22.0,8140000.0,28525.107867312057
Weekly Thursday Options Week 2,AUG 26,PUT,4500.0,142.48754471051052,3,1.0,2.0,900000.0,28497.508942102104
Monthly,SEP 26,CALL,4660.0,31.6203708052127,66,57.0,9.0,4194000.0,28458.33372469143
Monthly,JAN 27,PUT,4500.0,284.1996250697216,14,13.0,1.0,450000.0,28419.96250697216
Monthly,NOV 26,CALL,4560.0,141.7082695829979,47,45.0,2.0,912000.0,28341.65391659958
Monthly,NOV 26,PUT,4285.0,141.32925578194295,124,122.0,2.0,857000.0,28265.85115638859
Weekly Friday Option Week 2,AUG 26,PUT,4395.0,56.13663638011485,5,0.0,5.0,2197500.0,28068.318190057427
Monthly,FEB 27,PUT,4135.0,139.40791884482041,13,11.0,2.0,827000.0,27881.583768964083
Monthly,DEC 26,PUT,4515.0,276.1139871862297,247,246.0,1.0,451500.0,27611.398718622968
Monthly,SEP 26,CALL,4590.0,45.967564700050616,84,78.0,6.0,2754000.0,27580.53882003037
Weekly Tuesday Options Week 3,AUG 26,PUT,4635.0,275.0241451900529,1,0.0,1.0,463500.0,27502.414519005288
Weekly Monday Options Week 2,SEP 26,CALL,4700.0,24.88938827334721,11,0.0,11.0,5170000.0,27378.32710068193
Monthly,SEP 26,PUT,4315.0,91.07253786161095,131,128.0,3.0,1294500.0,27321.761358483287
Monthly,OCT 26,CALL,4985.0,19.44478660039954,39,25.0,14.0,6979000.0,27222.701240559356
Monthly,OCT 26,CALL,4675.0,67.28232090177858,46,42.0,4.0,1870000.0,26912.92836071143
Monthly,DEC 26,PUT,4500.0,267.6245118525444,1226,1225.0,1.0,450000.0,26762.45118525444
Monthly,SEP 26,CALL,4515.0,66.59795795081504,70,66.0,4.0,1806000.0,26639.183180326017
Weekly Friday Option Week 3,AUG 26,PUT,4300.0,13.316413569784572,101,81.0,20.0,8600000.0,26632.827139569144
Monthly,NOV 26,CALL,4585.0,132.8316046873988,61,59.0,2.0,917000.0,26566.32093747976
Weekly Monday Options Week 3,AUG 26,PUT,4375.0,43.869346231551845,7,1.0,6.0,2625000.0,26321.607738931107
Monthly,OCT 26,CALL,5010.0,17.407483721965207,20,5.0,15.0,7515000.0,26111.22558294781
Monthly,NOV 26,PUT,4520.0,260.2764955061243,5,4.0,1.0,452000.0,26027.649550612434
Weekly Wednesday Options Week 3,AUG 26,CALL,4100.0,259.82917139890014,4,3.0,1.0,410000.0,25982.917139890014
Monthly,OCT 26,CALL,4615.0,83.13319510781662,49,46.0,3.0,1384500.0,24939.958532344986
Weekly Monday Options Week 3,AUG 26,PUT,4330.0,22.665732648586527,18,7.0,11.0,4763000.0,24932.30591344518
Monthly,NOV 26,PUT,4500.0,248.52710863414768,129,128.0,1.0,450000.0,24852.710863414766
Monthly,DEC 26,PUT,4465.0,248.38036623170046,3,2.0,1.0,446500.0,24838.036623170046
Weekly Tuesday Options Week 4,AUG 26,PUT,4350.0,30.98514682796167,9,1.0,8.0,3480000.0,24788.117462369337
Monthly,FEB 27,PUT,4400.0,247.67422343677572,62,61.0,1.0,440000.0,24767.422343677572
Monthly,NOV 26,CALL,4325.0,247.60209354469953,259,258.0,1.0,432500.0,24760.209354469953
Monthly,OCT 26,CALL,4495.0,123.36725800892032,227,225.0,2.0,899000.0,24673.451601784065
Monthly,NOV 26,PUT,3980.0,48.91824710753781,123,118.0,5.0,1990000.0,24459.123553768906
Monthly,DEC 26,PUT,4455.0,243.02861812045467,7,6.0,1.0,445500.0,24302.861812045467
Monthly,DEC 26,CALL,4730.0,121.27979194084196,29,27.0,2.0,946000.0,24255.958388168394
Monthly,FEB 27,CALL,5290.0,60.57504067897264,4,0.0,4.0,2116000.0,24230.016271589055
Monthly,OCT 26,CALL,4850.0,34.40922523231882,501,494.0,7.0,3395000.0,24086.457662623172
Monthly,JAN 27,CALL,4495.0,239.62386895865575,1,0.0,1.0,449500.0,23962.386895865573
Weekly Thursday Options Week 2,AUG 26,CALL,4470.0,4.96093475456081,48,0.0,48.0,21456000.0,23812.48682189189
Weekly Friday Option Week 4,AUG 26,PUT,4400.0,59.46317735144339,7,3.0,4.0,1760000.0,23785.270940577357
Weekly Tuesday Options Week 4,AUG 26,PUT,4400.0,59.46317735144339,4,0.0,4.0,1760000.0,23785.270940577357
Weekly Wednesday Options Week 3,AUG 26,CALL,4125.0,234.89943121108809,195,194.0,1.0,412500.0,23489.94312110881
Weekly Thursday Options Week 3,AUG 26,CALL,4125.0,234.89943121108809,17,16.0,1.0,412500.0,23489.94312110881
Monthly,NOV 26,CALL,4350.0,234.33388867662597,461,460.0,1.0,435000.0,23433.388867662597
Monthly,DEC 26,CALL,4430.0,233.2574603279886,14,13.0,1.0,443000.0,23325.74603279886
Weekly Friday Option Week 3,AUG 26,PUT,4425.0,77.52794070935624,3,0.0,3.0,1327500.0,23258.38221280687
Monthly,DEC 26,CALL,4750.0,115.67712834501958,2572,2570.0,2.0,950000.0,23135.42566900392
Monthly,DEC 26,CALL,4435.0,230.92764407778168,23,22.0,1.0,443500.0,23092.764407778166
Weekly Thursday Options Week 2,AUG 26,PUT,4345.0,28.741103711499818,9,1.0,8.0,3476000.0,22992.882969199854
Monthly,OCT 26,PUT,4110.0,56.81391676925887,68,64.0,4.0,1644000.0,22725.566707703547
Weekly Wednesday Options Week 2,SEP 26,CALL,4625.0,37.84578240135659,7,1.0,6.0,2775000.0,22707.46944081395
Weekly Friday Option Week 1,SEP 26,PUT,4550.0,226.50638300056835,1,0.0,1.0,455000.0,22650.638300056835
Weekly Monday Options Week 3,AUG 26,PUT,4395.0,56.13663638011485,4,0.0,4.0,1758000.0,22454.65455204594
Monthly,NOV 26,PUT,4090.0,74.68242285631732,18,15.0,3.0,1227000.0,22404.726856895195
Monthly,OCT 26,CALL,5030.0,15.914858739375859,126,112.0,14.0,7042000.0,22280.802235126204
Monthly,DEC 26,CALL,4455.0,221.7734580882052,14,13.0,1.0,445500.0,22177.34580882052
Monthly,OCT 26,PUT,4170.0,73.48871249096305,24,21.0,3.0,1251000.0,22046.613747288917
Monthly,DEC 26,PUT,4410.0,219.76178629729884,16,15.0,1.0,441000.0,21976.178629729882
Monthly,JAN 27,CALL,4890.0,109.19014185491596,2,0.0,2.0,978000.0,21838.028370983193
Monthly,DEC 26,PUT,4405.0,217.25957144420704,9,8.0,1.0,440500.0,21725.957144420703
Monthly,NOV 26,PUT,3950.0,43.20257912846387,111,106.0,5.0,1975000.0,21601.289564231934
Monthly,SEP 26,PUT,4265.0,71.26365836970126,52,49.0,3.0,1279500.0,21379.09751091038
Monthly,SEP 26,PUT,4530.0,212.83252934980146,26,25.0,1.0,453000.0,21283.252934980148
Weekly Friday Option Week 1,SEP 26,PUT,4350.0,106.3306738214967,2,0.0,2.0,870000.0,21266.134764299342
Monthly,SEP 26,CALL,4410.0,106.27755409646761,83,81.0,2.0,882000.0,21255.510819293522
Weekly Thursday Options Week 3,AUG 26,CALL,4150.0,210.0536250642208,15,14.0,1.0,415000.0,21005.36250642208
Monthly,SEP 26,PUT,4525.0,209.36324079210362,51,50.0,1.0,452500.0,20936.32407921036
Weekly Friday Option Week 2,AUG 26,CALL,4475.0,4.432844354058375,255,208.0,47.0,21032500.0,20834.368464074363
Monthly,SEP 26,CALL,4415.0,104.07829112589707,234,232.0,2.0,883000.0,20815.658225179413
Monthly,JAN 27,PUT,4345.0,206.57818544109637,1,0.0,1.0,434500.0,20657.818544109636
Weekly Monday Options Week 3,AUG 26,CALL,4155.0,205.10144140483953,1,0.0,1.0,415500.0,20510.144140483953
Weekly Tuesday Options Week 3,AUG 26,PUT,4250.0,4.557574232611728,85,40.0,45.0,19125000.0,20509.084046752774
Monthly,NOV 26,PUT,4420.0,204.501155560205,20,19.0,1.0,442000.0,20450.1155560205
Monthly,NOV 26,PUT,4415.0,201.91027590560952,251,250.0,1.0,441500.0,20191.027590560952
Monthly,NOV 26,PUT,3985.0,49.922742221045155,108,104.0,4.0,1594000.0,19969.096888418062
Monthly,NOV 26,PUT,4400.0,194.25265082259875,90,89.0,1.0,440000.0,19425.265082259873
Weekly Wednesday Options Week 2,SEP 26,PUT,4500.0,191.92782335018774,12,11.0,1.0,450000.0,19192.782335018775
Monthly,OCT 26,CALL,4870.0,31.711174532515543,38,32.0,6.0,2922000.0,19026.704719509326
Monthly,OCT 26,PUT,4135.0,63.392974139588205,136,133.0,3.0,1240500.0,19017.892241876463
Weekly Wednesday Options Week 2,SEP 26,CALL,4525.0,63.0057960483191,9,6.0,3.0,1357500.0,18901.73881449573
Weekly Friday Option Week 2,AUG 26,PUT,4405.0,62.889016264361544,4,1.0,3.0,1321500.0,18866.70487930846
Weekly Friday Option Week 4,AUG 26,PUT,4300.0,13.316413569784572,169,155.0,14.0,6020000.0,18642.978997698403
Monthly,NOV 26,PUT,3750.0,16.927014272442534,369,358.0,11.0,4125000.0,18619.71569968679
Monthly,OCT 26,PUT,4130.0,62.03572164529555,85,82.0,3.0,1239000.0,18610.716493588665
Monthly,FEB 27,CALL,5280.0,61.88310517422235,16,13.0,3.0,1584000.0,18564.931552266706
Weekly Thursday Options Week 3,AUG 26,CALL,4175.0,185.38166387558067,5,4.0,1.0,417500.0,18538.166387558067
Weekly Thursday Options Week 1,SEP 26,PUT,4150.0,36.947195408356606,11,6.0,5.0,2075000.0,18473.597704178304
Monthly,FEB 27,CALL,5285.0,61.226016649239114,3,0.0,3.0,1585500.0,18367.804994771734
Monthly,OCT 26,CALL,4705.0,60.315460995031344,39,36.0,3.0,1411500.0,18094.638298509402
Monthly,NOV 26,CALL,4865.0,60.07362831036539,9,6.0,3.0,1459500.0,18022.08849310962
Monthly,SEP 26,CALL,4740.0,19.94316152154022,19,10.0,9.0,4266000.0,17948.845369386196
Monthly,JAN 27,CALL,4650.0,178.88641771839661,85,84.0,1.0,465000.0,17888.641771839662
Weekly Monday Options Week 4,AUG 26,PUT,4400.0,59.46317735144339,10,7.0,3.0,1320000.0,17838.95320543302
Weekly Thursday Options Week 2,AUG 26,PUT,4250.0,4.557574232611728,101,62.0,39.0,16575000.0,17774.53950718574
Monthly,DEC 26,CALL,5200.0,35.54609391636109,1449,1444.0,5.0,2600000.0,17773.046958180545
Weekly Wednesday Options Week 3,AUG 26,PUT,4275.0,8.031859857836821,35,13.0,22.0,9405000.0,17670.091687241005
Weekly Friday Option Week 1,SEP 26,PUT,4475.0,175.71210755077527,1,0.0,1.0,447500.0,17571.210755077525
Monthly,SEP 26,CALL,4455.0,87.62319973186936,55,53.0,2.0,891000.0,17524.63994637387
Monthly,NOV 26,PUT,4360.0,174.6804591039961,9,8.0,1.0,436000.0,17468.04591039961
Weekly Tuesday Options Week 3,AUG 26,PUT,4200.0,1.2036023659176465,148,4.0,144.0,60480000.0,17331.874069214107
Weekly Monday Options Week 5,AUG 26,PUT,4300.0,13.316413569784572,28,15.0,13.0,5590000.0,17311.337640719943
Monthly,NOV 26,CALL,4480.0,173.1051172891464,120,119.0,1.0,448000.0,17310.51172891464
Monthly,DEC 26,PUT,4310.0,172.90623641385378,11,10.0,1.0,431000.0,17290.623641385377
Monthly,OCT 26,PUT,4210.0,86.33937516465721,31,29.0,2.0,842000.0,17267.875032931443
Monthly,SEP 26,CALL,4645.0,34.338431794935104,23,18.0,5.0,2322500.0,17169.21589746755
Weekly Wednesday Options Week 1,SEP 26,PUT,4225.0,57.22357491436719,5,2.0,3.0,1267500.0,17167.072474310156
Weekly Thursday Options Week 2,AUG 26,CALL,4190.0,170.72327966541434,1,0.0,1.0,419000.0,17072.327966541434
Weekly Wednesday Options Week 2,SEP 26,CALL,5000.0,3.4063110803206342,54,4.0,50.0,25000000.0,17031.55540160317
Monthly,SEP 26,CALL,4605.0,42.523426599023196,105,101.0,4.0,1842000.0,17009.37063960928
Weekly Friday Option Week 1,SEP 26,PUT,4300.0,84.27081396436597,22,20.0,2.0,860000.0,16854.162792873194
Weekly Wednesday Options Week 2,SEP 26,PUT,4300.0,84.27081396436597,4,2.0,2.0,860000.0,16854.162792873194
Weekly Wednesday Options Week 1,SEP 26,CALL,4550.0,55.758889628455336,3,0.0,3.0,1365000.0,16727.6668885366
Monthly,NOV 26,CALL,4495.0,166.86310469875457,11,10.0,1.0,449500.0,16686.310469875458
Weekly Thursday Options Week 2,AUG 26,PUT,4325.0,20.855088887470174,224,216.0,8.0,3460000.0,16684.07110997614
Weekly Tuesday Options Week 3,AUG 26,PUT,4525.0,166.31066384513997,1,0.0,1.0,452500.0,16631.066384513997
Monthly,SEP 26,PUT,4295.0,82.76267987502979,17,15.0,2.0,859000.0,16552.535975005958
Monthly,OCT 26,CALL,4730.0,54.96536663724112,92,89.0,3.0,1419000.0,16489.609991172336
Weekly Monday Options Week 3,AUG 26,PUT,4370.0,41.07129549696174,4,0.0,4.0,1748000.0,16428.518198784695
Monthly,SEP 26,PUT,4455.0,163.812130055554,16,15.0,1.0,445500.0,16381.2130055554
Weekly Friday Option Week 2,AUG 26,PUT,4430.0,81.40565479753195,3,1.0,2.0,886000.0,16281.13095950639
Monthly,OCT 26,PUT,4390.0,162.52065261199095,71,70.0,1.0,439000.0,16252.065261199095
Monthly,SEP 26,CALL,4715.0,23.120916539058157,41,34.0,7.0,3300500.0,16184.64157734071
Monthly,OCT 26,CALL,4405.0,161.81274518222017,45,44.0,1.0,440500.0,16181.274518222017
Weekly Thursday Options Week 2,AUG 26,PUT,4260.0,5.760454475778602,31,3.0,28.0,11928000.0,16129.272532180084
Monthly,NOV 26,CALL,4510.0,160.7868576638541,122,121.0,1.0,451000.0,16078.68576638541
Weekly Wednesday Options Week 2,SEP 26,PUT,4450.0,160.2495918293912,1,0.0,1.0,445000.0,16024.95918293912
Weekly Tuesday Options Week 1,SEP 26,PUT,4450.0,160.2495918293912,7,6.0,1.0,445000.0,16024.95918293912
Weekly Monday Options Week 2,SEP 26,CALL,4475.0,79.61611132215853,2,0.0,2.0,895000.0,15923.222264431706
Weekly Thursday Options Week 2,AUG 26,PUT,4255.0,5.130413908450635,32,1.0,31.0,13190500.0,15904.283116196968
Monthly,OCT 26,CALL,4740.0,52.936528339117785,7,4.0,3.0,1422000.0,15880.958501735335
Weekly Friday Option Week 2,AUG 26,PUT,4390.0,52.91188413042619,10,7.0,3.0,1317000.0,15873.565239127856
Monthly,OCT 26,PUT,3900.0,19.559056154216705,1794,1786.0,8.0,3120000.0,15647.244923373364
Monthly,DEC 26,CALL,4620.0,156.03127230867904,9,8.0,1.0,462000.0,15603.127230867904
Monthly,OCT 26,PUT,4180.0,76.56812090123867,52,50.0,2.0,836000.0,15313.624180247734
Monthly,DEC 26,CALL,4630.0,152.58581942379374,24,23.0,1.0,463000.0,15258.581942379373
Monthly,NOV 26,PUT,4310.0,151.96061271710437,2,1.0,1.0,431000.0,15196.061271710438
Weekly Wednesday Options Week 1,SEP 26,CALL,4625.0,37.84578240135659,4,0.0,4.0,1850000.0,15138.312960542635
Monthly,SEP 26,PUT,4275.0,74.96903077103912,154,152.0,2.0,855000.0,14993.806154207823
Weekly Monday Options Week 3,AUG 26,PUT,4385.0,49.79115797497889,3,0.0,3.0,1315500.0,14937.347392493666
Monthly,DEC 26,PUT,4250.0,148.0285516466406,1228,1227.0,1.0,425000.0,14802.85516466406
Weekly Tuesday Options Week 1,SEP 26,CALL,4575.0,49.17388720838039,4,1.0,3.0,1372500.0,14752.166162514117
Monthly,DEC 26,CALL,5085.0,49.04824363973012,13,10.0,3.0,1525500.0,14714.473091919035
Weekly Wednesday Options Week 2,SEP 26,CALL,4900.0,6.982053854112252,44,23.0,21.0,10290000.0,14662.313093635728
Monthly,SEP 26,CALL,4495.0,73.1353017448373,139,137.0,2.0,899000.0,14627.060348967461
Monthly,DEC 26,PUT,4245.0,146.06470977173672,24,23.0,1.0,424500.0,14606.47097717367
Weekly Friday Option Week 1,SEP 26,PUT,4425.0,145.5636630932463,3,2.0,1.0,442500.0,14556.36630932463
Monthly,MAY 27,CALL,5140.0,144.51626754581252,1,0.0,1.0,514000.0,14451.626754581252
Weekly Wednesday Options Week 2,SEP 26,CALL,4675.0,28.721456692333504,7,2.0,5.0,2337500.0,14360.728346166752
Monthly,DEC 26,CALL,4945.0,71.25041340989469,7,5.0,2.0,989000.0,14250.082681978938
Weekly Tuesday Options Week 3,AUG 26,PUT,4500.0,142.48754471051052,1,0.0,1.0,450000.0,14248.754471051052
Weekly Monday Options Week 3,AUG 26,PUT,4500.0,142.48754471051052,1,0.0,1.0,450000.0,14248.754471051052
Weekly Friday Option Week 4,AUG 26,CALL,4475.0,4.432844354058375,87,55.0,32.0,14320000.0,14185.1019329868
Monthly,SEP 26,PUT,4415.0,140.45308963971684,59,58.0,1.0,441500.0,14045.308963971684
Weekly Monday Options Week 3,AUG 26,PUT,4380.0,46.77642151194141,3,0.0,3.0,1314000.0,14032.926453582422
Monthly,OCT 26,PUT,3965.0,28.024891043541402,74,69.0,5.0,1982500.0,14012.4455217707
Monthly,FEB 27,CALL,4875.0,139.7926243158979,1,0.0,1.0,487500.0,13979.262431589792
Monthly,NOV 26,PUT,4280.0,139.26115910713224,11,10.0,1.0,428000.0,13926.115910713224
Monthly,NOV 26,PUT,4070.0,69.40547957294939,31,29.0,2.0,814000.0,13881.095914589878
Monthly,NOV 26,CALL,5200.0,19.815697004658944,1576,1569.0,7.0,3640000.0,13870.98790326126
Weekly Friday Option Week 2,AUG 26,CALL,4465.0,5.540373807817332,52,27.0,25.0,11162500.0,13850.93451954333
Weekly Friday Option Week 4,AUG 26,CALL,4225.0,137.26963563305753,13,12.0,1.0,422500.0,13726.963563305753
Monthly,NOV 26,PUT,4275.0,137.2124185853063,81,80.0,1.0,427500.0,13721.24185853063
Monthly,MAR 27,CALL,4980.0,136.39766785142638,2,1.0,1.0,498000.0,13639.766785142638
Monthly,OCT 26,CALL,4780.0,45.42488967140196,88,85.0,3.0,1434000.0,13627.466901420587
Monthly,NOV 26,PUT,4270.0,135.18301512319385,5,4.0,1.0,427000.0,13518.301512319385
Monthly,NOV 26,CALL,4580.0,134.57229236264675,53,52.0,1.0,458000.0,13457.229236264675
Monthly,SEP 26,CALL,4595.0,44.79580078936033,510,507.0,3.0,1378500.0,13438.740236808098
Monthly,SEP 26,CALL,4805.0,13.360559783025224,53,43.0,10.0,4805000.0,13360.559783025223
Monthly,DEC 26,CALL,4970.0,66.7566291041561,8,6.0,2.0,994000.0,13351.325820831222
Weekly Friday Option Week 2,AUG 26,PUT,4355.0,33.3400394552923,4,0.0,4.0,1742000.0,13336.01578211692
Monthly,APR 27,CALL,5095.0,133.25507171977347,1,0.0,1.0,509500.0,13325.507171977348
Weekly Tuesday Options Week 3,AUG 26,PUT,4490.0,133.16809837591882,1,0.0,1.0,449000.0,13316.809837591882
Weekly Monday Options Week 3,AUG 26,PUT,4410.0,66.41143102816932,2,0.0,2.0,882000.0,13282.286205633864
Weekly Friday Option Week 2,AUG 26,CALL,4230.0,132.61276843173164,28,27.0,1.0,423000.0,13261.276843173164
Weekly Thursday Options Week 1,SEP 26,PUT,4400.0,131.67330718117728,3,2.0,1.0,440000.0,13167.330718117728
Weekly Wednesday Options Week 1,SEP 26,PUT,4400.0,131.67330718117728,1,0.0,1.0,440000.0,13167.330718117728
Weekly Thursday Options Week 3,AUG 26,PUT,4375.0,43.869346231551845,5,2.0,3.0,1312500.0,13160.803869465553
Monthly,OCT 26,CALL,4915.0,26.291267223083423,30,25.0,5.0,2457500.0,13145.63361154171
Monthly,NOV 26,PUT,3800.0,21.800550280977916,702,696.0,6.0,2280000.0,13080.33016858675
Monthly,JAN 27,CALL,4805.0,130.77923633013393,2,1.0,1.0,480500.0,13077.923633013394
Monthly,OCT 26,CALL,4685.0,64.89188432930291,11,9.0,2.0,937000.0,12978.376865860582
Monthly,OCT 26,PUT,4320.0,129.2567460554635,9,8.0,1.0,432000.0,12925.674605546352
Weekly Thursday Options Week 2,AUG 26,PUT,4310.0,16.03926747067294,29,21.0,8.0,3448000.0,12831.413976538352
Monthly,SEP 26,CALL,4795.0,14.231383579516944,55,46.0,9.0,4315500.0,12808.24522156525
Monthly,FEB 27,CALL,5275.0,62.54635136069476,13,11.0,2.0,1055000.0,12509.27027213895
Monthly,SEP 26,CALL,4760.0,17.67434266606574,163,156.0,7.0,3332000.0,12372.039866246017
Weekly Thursday Options Week 2,AUG 26,CALL,4240.0,123.4207398305075,1,0.0,1.0,424000.0,12342.07398305075
Monthly,SEP 26,CALL,4665.0,30.754481968976393,86,82.0,4.0,1866000.0,12301.792787590557
Monthly,NOV 26,PUT,4035.0,60.81883376909548,26,24.0,2.0,807000.0,12163.766753819094
Monthly,JAN 27,CALL,4840.0,121.50438819710212,1,0.0,1.0,484000.0,12150.438819710213
Monthly,NOV 26,CALL,4620.0,121.1228022953494,28,27.0,1.0,462000.0,12112.28022953494
Weekly Tuesday Options Week 3,AUG 26,PUT,4275.0,8.031859857836821,32,17.0,15.0,6412500.0,12047.789786755231
Weekly Monday Options Week 3,AUG 26,PUT,4300.0,13.316413569784572,187,178.0,9.0,3870000.0,11984.772212806114
Weekly Tuesday Options Week 3,AUG 26,PUT,4475.0,119.48418109156546,1,0.0,1.0,447500.0,11948.418109156546
Weekly Thursday Options Week 1,SEP 26,PUT,4375.0,118.59266604271852,1,0.0,1.0,437500.0,11859.266604271852
Weekly Wednesday Options Week 1,SEP 26,PUT,4375.0,118.59266604271852,4,3.0,1.0,437500.0,11859.266604271852
Monthly,OCT 26,CALL,4710.0,59.213038624815,101,99.0,2.0,942000.0,11842.607724963
Monthly,NOV 26,CALL,4630.0,117.92791192215441,71,70.0,1.0,463000.0,11792.791192215442
Monthly,NOV 26,PUT,4225.0,117.78443136171222,7,6.0,1.0,422500.0,11778.443136171223
Monthly,OCT 26,CALL,4820.0,38.8183923476646,28,25.0,3.0,1446000.0,11645.51770429938
Monthly,SEP 26,CALL,4625.0,38.254885600221655,63,60.0,3.0,1387500.0,11476.465680066496
Monthly,JAN 27,PUT,4105.0,114.69393533944708,1,0.0,1.0,410500.0,11469.393533944709
Weekly Tuesday Options Week 1,SEP 26,PUT,4225.0,57.22357491436719,2,0.0,2.0,845000.0,11444.714982873438
Monthly,OCT 26,PUT,4285.0,114.37021034975464,21,20.0,1.0,428500.0,11437.021034975463
Monthly,SEP 26,CALL,4680.0,28.272922441330593,127,123.0,4.0,1872000.0,11309.168976532237
Monthly,FEB 27,PUT,4050.0,112.69198030679922,641,640.0,1.0,405000.0,11269.198030679923
Monthly,OCT 26,PUT,3700.0,5.339312689394774,782,761.0,21.0,7770000.0,11212.556647729025
Monthly,NOV 26,CALL,4650.0,111.73423526122292,414,413.0,1.0,465000.0,11173.423526122293
Weekly Friday Option Week 1,SEP 26,CALL,4550.0,55.758889628455336,42,40.0,2.0,910000.0,11151.777925691067
Monthly,NOV 26,CALL,4890.0,55.62694462107834,6,4.0,2.0,978000.0,11125.388924215667
Monthly,OCT 26,CALL,4530.0,110.38200215031725,40,39.0,1.0,453000.0,11038.200215031724
Weekly Friday Option Week 1,SEP 26,CALL,4400.0,110.22880809605704,1,0.0,1.0,440000.0,11022.880809605704
Monthly,SEP 26,CALL,4685.0,27.48342096065892,78,74.0,4.0,1874000.0,10993.368384263567
Weekly Thursday Options Week 1,SEP 26,PUT,4350.0,106.3306738214967,2,1.0,1.0,435000.0,10633.067382149671
Weekly Wednesday Options Week 1,SEP 26,PUT,4350.0,106.3306738214967,11,10.0,1.0,435000.0,10633.067382149671
Weekly Wednesday Options Week 2,SEP 26,PUT,4350.0,106.3306738214967,1,0.0,1.0,435000.0,10633.067382149671
Monthly,NOV 26,CALL,4905.0,53.0937720895638,11,9.0,2.0,981000.0,10618.75441791276
Monthly,SEP 26,CALL,4730.0,21.16698036793389,158,153.0,5.0,2365000.0,10583.490183966944
Weekly Monday Options Week 3,AUG 26,PUT,4390.0,52.91188413042619,2,0.0,2.0,878000.0,10582.376826085238
Monthly,DEC 26,CALL,4790.0,105.09348974025716,34,33.0,1.0,479000.0,10509.348974025716
Monthly,OCT 26,PUT,4260.0,104.44517393019373,53,52.0,1.0,426000.0,10444.517393019374
Monthly,NOV 26,PUT,3900.0,34.80741837659593,447,444.0,3.0,1170000.0,10442.22551297878
Weekly Monday Options Week 4,AUG 26,PUT,4325.0,20.855088887470174,6,1.0,5.0,2162500.0,10427.544443735087
Monthly,NOV 26,PUT,4180.0,101.92691768366626,9,8.0,1.0,418000.0,10192.691768366625
Monthly,OCT 26,CALL,4555.0,101.75169149087083,42,41.0,1.0,455500.0,10175.169149087083
Monthly,OCT 26,CALL,4925.0,25.20121101211157,150,146.0,4.0,1970000.0,10080.484404844628
Monthly,DEC 26,CALL,5220.0,33.564570742163255,16,13.0,3.0,1566000.0,10069.371222648977
Monthly,DEC 26,CALL,4810.0,100.10291213434039,79,78.0,1.0,481000.0,10010.291213434039
Weekly Thursday Options Week 2,AUG 26,CALL,4450.0,7.622239215032209,83,70.0,13.0,5785000.0,9908.910979541872
Monthly,OCT 26,PUT,4245.0,98.77093652395888,65,64.0,1.0,424500.0,9877.093652395888
Monthly,FEB 27,PUT,4000.0,98.71699756106977,480,479.0,1.0,400000.0,9871.699756106977
Monthly,OCT 26,PUT,3805.0,10.96566582283316,309,300.0,9.0,3424500.0,9869.099240549844
Weekly Thursday Options Week 2,AUG 26,PUT,4290.0,10.955431442689019,16,7.0,9.0,3861000.0,9859.888298420117
Monthly,OCT 26,CALL,4760.0,49.06250551955986,16,14.0,2.0,952000.0,9812.501103911973
Weekly Tuesday Options Week 4,AUG 26,PUT,4450.0,97.68384781434133,1,0.0,1.0,445000.0,9768.384781434133
Monthly,DEC 26,PUT,4100.0,96.28509092735544,838,837.0,1.0,410000.0,9628.509092735545
Weekly Wednesday Options Week 2,SEP 26,PUT,4325.0,94.89078607778447,1,0.0,1.0,432500.0,9489.078607778447
Weekly Thursday Options Week 2,AUG 26,PUT,4210.0,1.6059993394221692,60,1.0,59.0,24839000.0,9475.3961025908
Monthly,OCT 26,CALL,4770.0,47.21478119253538,11,9.0,2.0,954000.0,9442.956238507077
Monthly,OCT 26,PUT,3690.0,4.962245933013918,39,20.0,19.0,7011000.0,9428.267272726443
Weekly Friday Option Week 2,AUG 26,PUT,4380.0,46.77642151194141,10,8.0,2.0,876000.0,9355.284302388282
Monthly,DEC 26,PUT,4090.0,93.35066544446568,50,49.0,1.0,409000.0,9335.066544446567
Monthly,NOV 26,CALL,5070.0,31.084152024715422,39,36.0,3.0,1521000.0,9325.245607414627
Monthly,SEP 26,PUT,4320.0,93.23127454992459,168,167.0,1.0,432000.0,9323.12745499246
Weekly Tuesday Options Week 3,AUG 26,PUT,4350.0,30.98514682796167,39,36.0,3.0,1305000.0,9295.544048388501
Weekly Thursday Options Week 3,AUG 26,PUT,4350.0,30.98514682796167,7,4.0,3.0,1305000.0,9295.544048388501
Weekly Friday Option Week 3,AUG 26,CALL,4275.0,92.89834822591683,104,103.0,1.0,427500.0,9289.834822591683
Weekly Friday Option Week 4,AUG 26,CALL,4275.0,92.89834822591683,63,62.0,1.0,427500.0,9289.834822591683
Monthly,DEC 26,PUT,4085.0,91.90681341809795,8,7.0,1.0,408500.0,9190.681341809795
Monthly,SEP 26,CALL,4755.0,18.219900224088747,32,27.0,5.0,2377500.0,9109.950112044373
Weekly Wednesday Options Week 1,SEP 26,CALL,4900.0,6.982053854112252,20,7.0,13.0,6370000.0,9076.670010345928
Weekly Monday Options Week 3,AUG 26,PUT,4440.0,89.3985404594041,1,0.0,1.0,444000.0,8939.85404594041
Monthly,DEC 26,CALL,5120.0,44.53352284088214,3,1.0,2.0,1024000.0,8906.704568176428
Weekly Friday Option Week 1,SEP 26,CALL,4450.0,89.03742798193889,6,5.0,1.0,445000.0,8903.742798193889
Weekly Monday Options Week 2,SEP 26,CALL,4450.0,89.03742798193889,1,0.0,1.0,445000.0,8903.742798193889
Weekly Wednesday Options Week 2,SEP 26,CALL,4450.0,89.03742798193889,18,17.0,1.0,445000.0,8903.742798193889
Weekly Monday Options Week 3,AUG 26,CALL,4280.0,88.79740742750846,1,0.0,1.0,428000.0,8879.740742750846
Monthly,MAR 27,CALL,5220.0,88.02866621158444,15,14.0,1.0,522000.0,8802.866621158444
Weekly Tuesday Options Week 3,AUG 26,PUT,4315.0,17.544240346473998,5,0.0,5.0,2157500.0,8772.120173237
Monthly,OCT 26,PUT,3680.0,4.607885831849799,69,50.0,19.0,6992000.0,8754.98308051462
Monthly,OCT 26,PUT,3825.0,12.454457160766594,84,77.0,7.0,2677500.0,8718.120012536616
Monthly,NOV 26,CALL,4740.0,86.95072377827319,8,7.0,1.0,474000.0,8695.072377827319
Monthly,SEP 26,PUT,4175.0,43.42098291699199,202,200.0,2.0,835000.0,8684.196583398398
Weekly Tuesday Options Week 1,SEP 26,CALL,4600.0,43.215230842192796,3,1.0,2.0,920000.0,8643.04616843856
Monthly,OCT 26,CALL,4605.0,86.03748959666586,25,24.0,1.0,460500.0,8603.748959666587
Monthly,OCT 26,CALL,4795.0,42.84572030182096,10,8.0,2.0,959000.0,8569.144060364193
Monthly,NOV 26,CALL,4985.0,41.167021783582186,8,6.0,2.0,997000.0,8233.404356716437
Monthly,OCT 26,PUT,4040.0,41.0299933717439,80,78.0,2.0,808000.0,8205.998674348779
Weekly Thursday Options Week 2,AUG 26,CALL,4420.0,13.660150475853243,9,3.0,6.0,2652000.0,8196.090285511946
Weekly Friday Option Week 3,AUG 26,CALL,4350.0,40.882450781447005,43,41.0,2.0,870000.0,8176.490156289401
Weekly Monday Options Week 3,AUG 26,PUT,4430.0,81.40565479753195,1,0.0,1.0,443000.0,8140.565479753195
Monthly,JAN 27,CALL,5025.0,80.9920895562284,8,7.0,1.0,502500.0,8099.208955622839
Weekly Thursday Options Week 2,AUG 26,CALL,4290.0,80.82808292784966,1,0.0,1.0,429000.0,8082.808292784966
Monthly,SEP 26,PUT,4290.0,80.76611128144805,189,188.0,1.0,429000.0,8076.611128144805
Weekly Thursday Options Week 2,AUG 26,CALL,4525.0,1.2798708312366784,95,32.0,63.0,28507500.0,8063.186236791074
Weekly Friday Option Week 2,AUG 26,PUT,4310.0,16.03926747067294,14,9.0,5.0,2155000.0,8019.63373533647
Weekly Thursday Options Week 2,AUG 26,CALL,4480.0,3.9526772656873845,23,3.0,20.0,8960000.0,7905.354531374769
Monthly,SEP 26,PUT,4285.0,78.80171928563936,22,21.0,1.0,428500.0,7880.1719285639365
Monthly,SEP 26,CALL,4620.0,39.28825069794311,591,589.0,2.0,924000.0,7857.650139588623
Weekly Friday Option Week 2,AUG 26,PUT,4240.0,3.568632068950194,24,2.0,22.0,9328000.0,7850.990551690427
Weekly Thursday Options Week 2,AUG 26,PUT,4200.0,1.2036023659176465,76,11.0,65.0,27300000.0,7823.415378464702
Weekly Thursday Options Week 2,AUG 26,CALL,4490.0,3.1229247554930453,48,23.0,25.0,11225000.0,7807.311888732613
Weekly Monday Options Week 3,AUG 26,CALL,4465.0,5.540373807817332,14,0.0,14.0,6251000.0,7756.523330944265
Weekly Tuesday Options Week 4,AUG 26,PUT,4425.0,77.52794070935624,1,0.0,1.0,442500.0,7752.794070935624
Weekly Monday Options Week 4,AUG 26,PUT,4425.0,77.52794070935624,2,1.0,1.0,442500.0,7752.794070935624
Weekly Wednesday Options Week 3,AUG 26,PUT,4425.0,77.52794070935624,44,43.0,1.0,442500.0,7752.794070935624
Weekly Tuesday Options Week 3,AUG 26,PUT,4425.0,77.52794070935624,1,0.0,1.0,442500.0,7752.794070935624
Weekly Tuesday Options Week 3,AUG 26,CALL,4400.0,19.381025028531894,13,9.0,4.0,1760000.0,7752.410011412758
Monthly,SEP 26,CALL,4785.0,15.150634744289732,47,42.0,5.0,2392500.0,7575.317372144866
Weekly Tuesday Options Week 1,SEP 26,CALL,4625.0,37.84578240135659,2,0.0,2.0,925000.0,7569.156480271317
Monthly,NOV 26,CALL,4790.0,75.21893978163735,21,20.0,1.0,479000.0,7521.893978163735
Monthly,JAN 27,PUT,3650.0,24.856576523453157,8,5.0,3.0,1095000.0,7456.972957035947
Monthly,NOV 26,CALL,4795.0,74.12037194498589,3,2.0,1.0,479500.0,7412.037194498589
Weekly Wednesday Options Week 1,SEP 26,PUT,4150.0,36.947195408356606,15,13.0,2.0,830000.0,7389.439081671321
Monthly,DEC 26,PUT,3580.0,12.025741442603703,8,2.0,6.0,2148000.0,7215.444865562222
Weekly Thursday Options Week 2,AUG 26,CALL,4435.0,10.29594639008269,24,17.0,7.0,3104500.0,7207.162473057883
Monthly,SEP 26,CALL,4900.0,7.136425211306118,600,590.0,10.0,4900000.0,7136.425211306118
Weekly Monday Options Week 2,SEP 26,CALL,4500.0,70.94799474040474,1,0.0,1.0,450000.0,7094.799474040474
Weekly Wednesday Options Week 2,SEP 26,CALL,4500.0,70.94799474040474,5,4.0,1.0,450000.0,7094.799474040474
Weekly Tuesday Options Week 1,SEP 26,CALL,4500.0,70.94799474040474,2,1.0,1.0,450000.0,7094.799474040474
Monthly,JAN 27,CALL,6500.0,1.384824300993671,613,562.0,51.0,33150000.0,7062.603935067722
Monthly,OCT 26,PUT,4160.0,70.49671856425425,46,45.0,1.0,416000.0,7049.671856425425
Monthly,SEP 26,PUT,4140.0,35.09328556739251,62,60.0,2.0,828000.0,7018.657113478503
Monthly,NOV 26,CALL,4815.0,69.85655858682799,25,24.0,1.0,481500.0,6985.655858682799
Monthly,OCT 26,CALL,4665.0,69.74255874748042,37,36.0,1.0,466500.0,6974.255874748042
Monthly,FEB 27,CALL,5230.0,68.80018562839496,13,12.0,1.0,523000.0,6880.018562839496
Monthly,OCT 26,CALL,4670.0,68.50363780378439,42,41.0,1.0,467000.0,6850.363780378439
Monthly,FEB 27,CALL,5235.0,68.07946373515097,1,0.0,1.0,523500.0,6807.946373515097
Weekly Friday Option Week 2,AUG 26,PUT,4330.0,22.665732648586527,6,3.0,3.0,1299000.0,6799.719794575958
Monthly,SEP 26,PUT,4255.0,67.6845080251494,46,45.0,1.0,425500.0,6768.45080251494
Monthly,DEC 26,CALL,4965.0,67.63576227354554,32,31.0,1.0,496500.0,6763.576227354553
Monthly,FEB 27,CALL,5240.0,67.36531275899529,1,0.0,1.0,524000.0,6736.531275899529
Monthly,FEB 27,CALL,5245.0,66.65768615654918,1,0.0,1.0,524500.0,6665.768615654917
Weekly Friday Option Week 2,AUG 26,PUT,4410.0,66.41143102816932,1,0.0,1.0,441000.0,6641.143102816932
Monthly,FEB 27,CALL,5250.0,65.95653753643205,448,447.0,1.0,525000.0,6595.653753643205
Monthly,MAY 27,CALL,6250.0,21.955754726459162,4,1.0,3.0,1875000.0,6586.726417937749
Monthly,NOV 26,PUT,4055.0,65.62584810461158,4,3.0,1.0,405500.0,6562.584810461158
Weekly Tuesday Options Week 1,SEP 26,PUT,4250.0,65.45344523935432,1,0.0,1.0,425000.0,6545.344523935432
Monthly,SEP 26,CALL,4725.0,21.80224120309083,77,74.0,3.0,1417500.0,6540.6723609272485
Monthly,FEB 27,CALL,5255.0,65.26182066125432,2,1.0,1.0,525500.0,6526.182066125431
Monthly,DEC 26,CALL,4980.0,65.02725838818446,92,91.0,1.0,498000.0,6502.725838818446
Monthly,DEC 26,PUT,3350.0,3.2512787582947027,34,14.0,20.0,6700000.0,6502.557516589405
Weekly Friday Option Week 2,AUG 26,CALL,4510.0,1.9002152068375722,37,3.0,34.0,15334000.0,6460.731703247746
Monthly,FEB 27,CALL,5260.0,64.57348944958574,2,1.0,1.0,526000.0,6457.348944958574
Monthly,FEB 27,CALL,5265.0,63.89149797786979,7,6.0,1.0,526500.0,6389.1497977869785
Weekly Wednesday Options Week 2,SEP 26,CALL,4775.0,15.860292077593897,4,0.0,4.0,1910000.0,6344.116831037559
Monthly,DEC 26,CALL,4990.0,63.33590308899579,406,405.0,1.0,499000.0,6333.590308899579
Monthly,FEB 27,CALL,5270.0,63.215800482308055,12,11.0,1.0,527000.0,6321.580048230806
Weekly Monday Options Week 3,AUG 26,CALL,4395.0,21.05242968484299,3,0.0,3.0,1318500.0,6315.728905452897
Monthly,MAY 27,PUT,3700.0,62.783581153588784,1,0.0,1.0,370000.0,6278.358115358878
Weekly Tuesday Options Week 4,AUG 26,PUT,4325.0,20.855088887470174,18,15.0,3.0,1297500.0,6256.526666241052
Weekly Monday Options Week 3,AUG 26,CALL,4315.0,62.42716369343634,1,0.0,1.0,431500.0,6242.716369343634
Weekly Friday Option Week 3,AUG 26,PUT,4350.0,30.98514682796167,20,18.0,2.0,870000.0,6197.029365592334
Weekly Thursday Options Week 2,AUG 26,CALL,4370.0,30.976816939888067,2,0.0,2.0,874000.0,6195.3633879776135
Monthly,DEC 26,PUT,3475.0,6.858128063161232,171,162.0,9.0,3127500.0,6172.315256845109
Monthly,SEP 26,PUT,4235.0,60.899823368994475,24,23.0,1.0,423500.0,6089.982336899448
Monthly,OCT 26,PUT,4125.0,60.699327802223024,165,164.0,1.0,412500.0,6069.932780222302
Weekly Friday Option Week 3,AUG 26,PUT,4225.0,2.4236909885805744,55,30.0,25.0,10562500.0,6059.227471451436
Weekly Monday Options Week 5,AUG 26,PUT,4200.0,1.2036023659176465,51,1.0,50.0,21000000.0,6018.011829588232
Monthly,FEB 27,CALL,5295.0,59.930132325210934,35,34.0,1.0,529500.0,5993.013232521093
Monthly,SEP 26,CALL,4670.0,29.90814809117876,39,37.0,2.0,934000.0,5981.629618235752
Weekly Monday Options Week 5,AUG 26,PUT,4400.0,59.46317735144339,1,0.0,1.0,440000.0,5946.317735144339
Weekly Tuesday Options Week 3,AUG 26,PUT,4400.0,59.46317735144339,31,30.0,1.0,440000.0,5946.317735144339
Weekly Thursday Options Week 3,AUG 26,PUT,4400.0,59.46317735144339,4,3.0,1.0,440000.0,5946.317735144339
Monthly,OCT 26,PUT,4120.0,59.383655759029466,59,58.0,1.0,412000.0,5938.365575902946
Weekly Friday Option Week 3,AUG 26,PUT,4250.0,4.557574232611728,56,43.0,13.0,5525000.0,5924.846502395247
Monthly,NOV 26,CALL,4870.0,59.161334744133455,20,19.0,1.0,487000.0,5916.1334744133455
Weekly Thursday Options Week 2,AUG 26,CALL,4445.0,8.442813091130688,7,0.0,7.0,3111500.0,5909.969163791482
Weekly Thursday Options Week 2,AUG 26,CALL,4495.0,2.7670354451378216,30,9.0,21.0,9439500.0,5810.774434789426
Monthly,OCT 26,PUT,4115.0,58.08856607442317,115,114.0,1.0,411500.0,5808.856607442317
Monthly,OCT 26,PUT,3970.0,28.777835641740012,81,79.0,2.0,794000.0,5755.567128348002
Monthly,NOV 26,CALL,4880.0,57.37139067143164,26,25.0,1.0,488000.0,5737.139067143164
Weekly Monday Options Week 2,SEP 26,PUT,4050.0,18.892842941098365,3,0.0,3.0,1215000.0,5667.852882329509
Weekly Monday Options Week 2,SEP 26,CALL,4550.0,55.758889628455336,1,0.0,1.0,455000.0,5575.888962845534
Weekly Friday Option Week 3,AUG 26,CALL,4325.0,55.74212097915324,27,26.0,1.0,432500.0,5574.212097915324
Weekly Friday Option Week 2,AUG 26,PUT,4280.0,8.928864687067858,13,7.0,6.0,2568000.0,5357.318812240715
Weekly Monday Options Week 3,AUG 26,PUT,4340.0,26.60724497989645,2,0.0,2.0,868000.0,5321.44899597929
Monthly,SEP 26,PUT,4210.0,53.10430470639403,66,65.0,1.0,421000.0,5310.430470639403
Weekly Tuesday Options Week 3,AUG 26,PUT,4390.0,52.91188413042619,1,0.0,1.0,439000.0,5291.188413042619
Monthly,SEP 26,CALL,4565.0,52.193951817509515,84,83.0,1.0,456500.0,5219.395181750951
Monthly,NOV 26,CALL,5240.0,17.16854309880597,3,0.0,3.0,1572000.0,5150.562929641791
Monthly,OCT 26,PUT,4085.0,50.742135814205085,15,14.0,1.0,408500.0,5074.2135814205085
Weekly Wednesday Options Week 2,SEP 26,CALL,4700.0,24.88938827334721,7,5.0,2.0,940000.0,4977.877654669442
Weekly Thursday Options Week 2,AUG 26,CALL,4520.0,1.4632525842468453,66,32.0,34.0,15368000.0,4975.058786439275
Weekly Wednesday Options Week 2,SEP 26,PUT,4200.0,49.74916279734589,6,5.0,1.0,420000.0,4974.916279734589
Weekly Friday Option Week 2,AUG 26,CALL,4470.0,4.96093475456081,13,3.0,10.0,4470000.0,4960.934754560811
Weekly Friday Option Week 2,AUG 26,CALL,4460.0,6.174673388798169,13,5.0,8.0,3568000.0,4939.738711038535
Weekly Monday Options Week 3,AUG 26,CALL,4410.0,16.333387449978545,3,0.0,3.0,1323000.0,4900.016234993564
Weekly Tuesday Options Week 3,AUG 26,CALL,4535.0,0.9728015523467803,50,0.0,50.0,22675000.0,4864.007761733902
Weekly Thursday Options Week 2,AUG 26,PUT,4225.0,2.4236909885805744,28,8.0,20.0,8450000.0,4847.381977161149
Weekly Thursday Options Week 2,AUG 26,PUT,4295.0,12.09234947077232,4,0.0,4.0,1718000.0,4836.939788308928
Monthly,OCT 26,CALL,4765.0,48.131335011599845,35,34.0,1.0,476500.0,4813.133501159984
Monthly,NOV 26,CALL,4940.0,47.558296249083924,33,32.0,1.0,494000.0,4755.829624908392
Monthly,SEP 26,CALL,5250.0,0.4701668976656599,788,688.0,100.0,52500000.0,4701.668976656599
Weekly Thursday Options Week 2,AUG 26,CALL,4550.0,0.6341462859693507,86,12.0,74.0,33670000.0,4692.682516173196
Weekly Thursday Options Week 2,AUG 26,PUT,4220.0,2.118877132344693,22,0.0,22.0,9284000.0,4661.529691158325
Weekly Friday Option Week 2,AUG 26,CALL,4340.0,46.50044018866083,1,0.0,1.0,434000.0,4650.044018866083
Weekly Thursday Options Week 2,AUG 26,PUT,4240.0,3.568632068950194,13,0.0,13.0,5512000.0,4639.221689635252
Weekly Tuesday Options Week 1,SEP 26,PUT,4075.0,22.565416177380257,3,1.0,2.0,815000.0,4513.083235476051
Weekly Thursday Options Week 1,SEP 26,PUT,4075.0,22.565416177380257,4,2.0,2.0,815000.0,4513.083235476051
Weekly Thursday Options Week 2,AUG 26,PUT,4305.0,14.630989075478738,6,3.0,3.0,1291500.0,4389.296722643621
Monthly,OCT 26,CALL,4790.0,43.691564860996436,43,42.0,1.0,479000.0,4369.156486099644
Monthly,JAN 27,CALL,5290.0,43.227605055943854,1,0.0,1.0,529000.0,4322.760505594386
Weekly Wednesday Options Week 2,SEP 26,PUT,4175.0,43.00138351616965,2,1.0,1.0,417500.0,4300.138351616965
Weekly Thursday Options Week 1,SEP 26,PUT,4175.0,43.00138351616965,4,3.0,1.0,417500.0,4300.138351616965
Weekly Wednesday Options Week 1,SEP 26,PUT,4175.0,43.00138351616965,2,1.0,1.0,417500.0,4300.138351616965
Monthly,DEC 26,CALL,5135.0,42.71169212903942,6,5.0,1.0,513500.0,4271.169212903942
Monthly,OCT 26,PUT,4045.0,42.03467329610123,68,67.0,1.0,404500.0,4203.467329610123
Weekly Tuesday Options Week 4,AUG 26,CALL,4500.0,2.446479834804734,38,21.0,17.0,7650000.0,4159.015719168047
Weekly Wednesday Options Week 3,AUG 26,CALL,4500.0,2.446479834804734,30,13.0,17.0,7650000.0,4159.015719168047
Monthly,SEP 26,CALL,4610.0,41.42221796646379,131,130.0,1.0,461000.0,4142.2217966463795
Monthly,OCT 26,CALL,4805.0,41.19488007358791,315,314.0,1.0,480500.0,4119.488007358791
Monthly,NOV 26,CALL,5190.0,20.531706711318463,5,3.0,2.0,1038000.0,4106.341342263693
Weekly Friday Option Week 4,AUG 26,PUT,4250.0,4.557574232611728,54,45.0,9.0,3825000.0,4101.816809350556
Weekly Friday Option Week 2,AUG 26,CALL,4350.0,40.882450781447005,311,310.0,1.0,435000.0,4088.2450781447005
Monthly,OCT 26,CALL,4815.0,39.59746008281991,57,56.0,1.0,481500.0,3959.7460082819907
Weekly Friday Option Week 2,AUG 26,CALL,4480.0,3.9526772656873845,33,23.0,10.0,4480000.0,3952.6772656873845
Weekly Monday Options Week 2,SEP 26,PUT,4000.0,12.966589295390918,3,0.0,3.0,1200000.0,3889.9767886172754
Monthly,NOV 26,PUT,3925.0,38.83395380213949,85,84.0,1.0,392500.0,3883.395380213949
Monthly,SEP 26,CALL,4745.0,19.35402930691214,51,49.0,2.0,949000.0,3870.805861382428
Weekly Monday Options Week 3,AUG 26,PUT,4365.0,38.383311091522046,1,0.0,1.0,436500.0,3838.3311091522046
Weekly Tuesday Options Week 3,AUG 26,PUT,4320.0,19.148674553064893,2,0.0,2.0,864000.0,3829.7349106129786
Weekly Monday Options Week 5,AUG 26,CALL,4450.0,7.622239215032209,34,29.0,5.0,2225000.0,3811.1196075161047
Weekly Friday Option Week 1,SEP 26,PUT,4050.0,18.892842941098365,4,2.0,2.0,810000.0,3778.568588219673
Monthly,DEC 26,CALL,5185.0,37.09890613595326,10,9.0,1.0,518500.0,3709.8906135953257
Weekly Friday Option Week 1,SEP 26,PUT,4150.0,36.947195408356606,1,0.0,1.0,415000.0,3694.7195408356606
Weekly Tuesday Options Week 1,SEP 26,PUT,4150.0,36.947195408356606,2,1.0,1.0,415000.0,3694.7195408356606
Monthly,NOV 26,CALL,5020.0,36.71799620790546,44,43.0,1.0,502000.0,3671.7996207905458
Weekly Thursday Options Week 2,AUG 26,CALL,4505.0,2.1584339565909545,17,0.0,17.0,7658500.0,3669.3377262046224
Monthly,OCT 26,PUT,4015.0,36.27374910589526,23,22.0,1.0,401500.0,3627.3749105895263
Weekly Tuesday Options Week 3,AUG 26,PUT,4360.0,35.80610255039301,1,0.0,1.0,436000.0,3580.6102550393007
Monthly,OCT 26,PUT,4010.0,35.37468827047326,63,62.0,1.0,401000.0,3537.4688270473257
Monthly,DEC 26,CALL,5205.0,35.04131673469942,1,0.0,1.0,520500.0,3504.131673469942
Monthly,SEP 26,PUT,4035.0,17.187232372502194,75,73.0,2.0,807000.0,3437.446474500439
Monthly,NOV 26,CALL,5040.0,34.36663997572441,27,26.0,1.0,504000.0,3436.663997572441
Weekly Thursday Options Week 2,AUG 26,CALL,4365.0,33.2867781620871,1,0.0,1.0,436500.0,3328.6778162087103
Monthly,DEC 26,CALL,5225.0,33.08463999970178,40,39.0,1.0,522500.0,3308.4639999701776
Monthly,DEC 26,PUT,3150.0,0.8053224946759734,55,15.0,40.0,12600000.0,3221.2899787038937
Monthly,DEC 26,CALL,5235.0,32.14288035463119,8,7.0,1.0,523500.0,3214.288035463119
Weekly Monday Options Week 3,AUG 26,CALL,4500.0,2.446479834804734,50,37.0,13.0,5850000.0,3180.423785246154
Weekly Monday Options Week 2,SEP 26,CALL,4775.0,15.860292077593897,2,0.0,2.0,955000.0,3172.0584155187794
Monthly,NOV 26,CALL,5065.0,31.61153742677118,7,6.0,1.0,506500.0,3161.153742677118
Weekly Friday Option Week 2,AUG 26,CALL,4490.0,3.1229247554930453,37,27.0,10.0,4490000.0,3122.9247554930453
Weekly Thursday Options Week 2,AUG 26,CALL,4475.0,4.432844354058375,33,26.0,7.0,3132500.0,3102.9910478408624
Weekly Monday Options Week 5,AUG 26,PUT,4350.0,30.98514682796167,3,2.0,1.0,435000.0,3098.514682796167
Weekly Wednesday Options Week 3,AUG 26,PUT,4350.0,30.98514682796167,55,54.0,1.0,435000.0,3098.514682796167
Monthly,DEC 26,PUT,3550.0,10.301661823308933,2153,2150.0,3.0,1065000.0,3090.49854699268
Weekly Monday Options Week 3,AUG 26,PUT,4255.0,5.130413908450635,6,0.0,6.0,2553000.0,3078.2483450703808
Weekly Friday Option Week 2,AUG 26,CALL,4520.0,1.4632525842468453,20,0.0,20.0,9040000.0,2926.5051684936907
Monthly,SEP 26,PUT,4110.0,28.958044301805444,768,767.0,1.0,411000.0,2895.8044301805444
Weekly Wednesday Options Week 3,AUG 26,CALL,4375.0,28.776922046838536,51,50.0,1.0,437500.0,2877.6922046838536
Weekly Friday Option Week 3,AUG 26,CALL,4375.0,28.776922046838536,13,12.0,1.0,437500.0,2877.6922046838536
Weekly Monday Options Week 3,AUG 26,PUT,4345.0,28.741103711499818,1,0.0,1.0,434500.0,2874.110371149982
Weekly Monday Options Week 2,SEP 26,CALL,4675.0,28.721456692333504,1,0.0,1.0,467500.0,2872.1456692333504
Monthly,DEC 26,CALL,5275.0,28.608231947158288,40,39.0,1.0,527500.0,2860.823194715829
Monthly,OCT 26,CALL,4895.0,28.59327904792417,13,12.0,1.0,489500.0,2859.327904792417
Weekly Thursday Options Week 2,AUG 26,CALL,4455.0,6.867416355600653,6,2.0,4.0,1782000.0,2746.9665422402613
Weekly Wednesday Options Week 2,SEP 26,CALL,4800.0,13.553344243697211,11,9.0,2.0,960000.0,2710.668848739442
Weekly Friday Option Week 1,SEP 26,PUT,4100.0,26.769971126915607,1,0.0,1.0,410000.0,2676.9971126915607
Weekly Monday Options Week 2,SEP 26,PUT,4100.0,26.769971126915607,1,0.0,1.0,410000.0,2676.9971126915607
Monthly,SEP 26,CALL,4690.0,26.712255291665997,30,29.0,1.0,469000.0,2671.2255291665997
Weekly Tuesday Options Week 4,AUG 26,PUT,4300.0,13.316413569784572,4,2.0,2.0,860000.0,2663.2827139569144
Weekly Thursday Options Week 1,SEP 26,PUT,4000.0,12.966589295390918,9,7.0,2.0,800000.0,2593.3178590781836
Monthly,DEC 26,CALL,5310.0,25.802767277506177,5,4.0,1.0,531000.0,2580.2767277506177
Weekly Thursday Options Week 2,AUG 26,CALL,4515.0,1.6692854431375679,16,1.0,15.0,6772500.0,2503.9281647063517
Weekly Friday Option Week 3,AUG 26,CALL,4425.0,12.456060248246104,28,26.0,2.0,885000.0,2491.2120496492207
Weekly Thursday Options Week 2,AUG 26,CALL,4385.0,24.702842534986758,4,3.0,1.0,438500.0,2470.2842534986758
Weekly Thursday Options Week 2,AUG 26,CALL,4510.0,1.9002152068375722,17,4.0,13.0,5863000.0,2470.279768888844
Weekly Tuesday Options Week 3,AUG 26,PUT,4335.0,24.582566366086212,1,0.0,1.0,433500.0,2458.256636608621
Weekly Friday Option Week 2,AUG 26,PUT,4335.0,24.582566366086212,11,10.0,1.0,433500.0,2458.256636608621
Weekly Friday Option Week 2,AUG 26,PUT,4295.0,12.09234947077232,14,12.0,2.0,859000.0,2418.469894154464
Weekly Friday Option Week 3,AUG 26,PUT,4200.0,1.2036023659176465,137,117.0,20.0,8400000.0,2407.204731835293
Monthly,OCT 26,PUT,3935.0,23.82178693603737,76,75.0,1.0,393500.0,2382.178693603737
Monthly,OCT 26,PUT,3930.0,23.17191243587115,51,50.0,1.0,393000.0,2317.191243587115
Weekly Thursday Options Week 2,AUG 26,CALL,4430.0,11.335828708781492,4,2.0,2.0,886000.0,2267.1657417562983
Monthly,OCT 26,PUT,3925.0,22.535995803287108,102,101.0,1.0,392500.0,2253.5995803287105
Monthly,NOV 26,CALL,5165.0,22.423002053862774,3,2.0,1.0,516500.0,2242.3002053862774
Weekly Monday Options Week 3,AUG 26,CALL,4475.0,4.432844354058375,43,38.0,5.0,2237500.0,2216.4221770291874
Monthly,OCT 26,PUT,3565.0,1.8438303584792806,84,72.0,12.0,4278000.0,2212.5964301751364
Weekly Monday Options Week 3,AUG 26,PUT,4235.0,3.1453065234917403,7,0.0,7.0,2964500.0,2201.7145664442182
Monthly,NOV 26,PUT,3600.0,7.284836250472495,1461,1458.0,3.0,1080000.0,2185.4508751417484
Weekly Thursday Options Week 2,AUG 26,PUT,4270.0,7.207343573718504,4,1.0,3.0,1281000.0,2162.203072115551
Monthly,SEP 26,PUT,4065.0,21.330343354662887,97,96.0,1.0,406500.0,2133.0343354662887
Weekly Wednesday Options Week 1,SEP 26,PUT,3975.0,10.6247828589552,32,30.0,2.0,795000.0,2124.95657179104
Monthly,OCT 26,PUT,3645.0,3.531193420149563,30,24.0,6.0,2187000.0,2118.716052089738
Weekly Wednesday Options Week 2,SEP 26,PUT,3925.0,6.9712430437861315,8,5.0,3.0,1177500.0,2091.3729131358396
Weekly Thursday Options Week 3,AUG 26,PUT,4325.0,20.855088887470174,22,21.0,1.0,432500.0,2085.5088887470174
Weekly Friday Option Week 3,AUG 26,PUT,4325.0,20.855088887470174,138,137.0,1.0,432500.0,2085.5088887470174
Weekly Friday Option Week 2,AUG 26,CALL,4435.0,10.29594639008269,7,5.0,2.0,887000.0,2059.189278016538
Monthly,OCT 26,PUT,3905.0,20.128065064938767,17,16.0,1.0,390500.0,2012.8065064938767
Monthly,OCT 26,CALL,4980.0,19.876336281473414,32,31.0,1.0,498000.0,1987.6336281473414
Weekly Thursday Options Week 2,AUG 26,PUT,4285.0,9.902147167581575,5,3.0,2.0,857000.0,1980.429433516315
Monthly,SEP 26,CALL,4955.0,4.854334308130348,17,13.0,4.0,1982000.0,1941.733723252139
Weekly Wednesday Options Week 2,SEP 26,PUT,4050.0,18.892842941098365,2,1.0,1.0,405000.0,1889.2842941098365
Weekly Friday Option Week 2,AUG 26,PUT,4215.0,1.8472787992621704,24,14.0,10.0,4215000.0,1847.2787992621704
Weekly Monday Options Week 3,AUG 26,PUT,4280.0,8.928864687067858,2,0.0,2.0,856000.0,1785.7729374135715
Weekly Friday Option Week 3,AUG 26,CALL,4475.0,4.432844354058375,101,97.0,4.0,1790000.0,1773.13774162335
Weekly Tuesday Options Week 3,AUG 26,CALL,4475.0,4.432844354058375,22,18.0,4.0,1790000.0,1773.13774162335
Monthly,DEC 26,PUT,3520.0,8.785049935874156,3,1.0,2.0,704000.0,1757.0099871748312
Weekly Wednesday Options Week 2,SEP 26,PUT,3950.0,8.639975363986707,23,21.0,2.0,790000.0,1727.9950727973414
Monthly,SEP 26,CALL,4765.0,17.142753348870087,52,51.0,1.0,476500.0,1714.2753348870087
Monthly,DEC 26,PUT,3515.0,8.551115536760648,102,100.0,2.0,703000.0,1710.2231073521295
Monthly,OCT 26,PUT,3875.0,16.90228219450057,306,305.0,1.0,387500.0,1690.2282194500572
Weekly Friday Option Week 4,AUG 26,PUT,4200.0,1.2036023659176465,136,122.0,14.0,5880000.0,1685.043312284705
Weekly Thursday Options Week 2,AUG 26,CALL,4530.0,1.1170396364717874,15,0.0,15.0,6795000.0,1675.5594547076812
Monthly,DEC 26,PUT,3510.0,8.322333432009856,215,213.0,2.0,702000.0,1664.4666864019712
Monthly,OCT 26,PUT,3870.0,16.4072484763646,30,29.0,1.0,387000.0,1640.72484763646
Weekly Friday Option Week 2,AUG 26,CALL,4410.0,16.333387449978545,2,1.0,1.0,441000.0,1633.3387449978545
Weekly Thursday Options Week 2,AUG 26,PUT,4245.0,4.038199893496142,6,2.0,4.0,1698000.0,1615.2799573984566
Weekly Thursday Options Week 2,AUG 26,PUT,4275.0,8.031859857836821,12,10.0,2.0,855000.0,1606.3719715673642
Weekly Wednesday Options Week 2,SEP 26,PUT,4025.0,15.708014715350146,5,4.0,1.0,402500.0,1570.8014715350146
Weekly Friday Option Week 3,AUG 26,CALL,4450.0,7.622239215032209,43,41.0,2.0,890000.0,1524.4478430064419
Weekly Monday Options Week 3,AUG 26,CALL,4470.0,4.96093475456081,3,0.0,3.0,1341000.0,1488.280426368243
Monthly,SEP 26,PUT,4015.0,14.799374498826069,59,58.0,1.0,401500.0,1479.9374498826069
Weekly Thursday Options Week 2,AUG 26,CALL,4565.0,0.40528834061395713,38,2.0,36.0,16434000.0,1459.0380262102458
Weekly Thursday Options Week 4,AUG 26,CALL,4525.0,1.2798708312366784,32,21.0,11.0,4977500.0,1407.8579143603463
Monthly,DEC 26,PUT,3610.0,13.976935442370234,20,19.0,1.0,361000.0,1397.6935442370234
Weekly Thursday Options Week 1,SEP 26,CALL,5000.0,3.4063110803206342,6,2.0,4.0,2000000.0,1362.5244321282537
Monthly,NOV 26,CALL,5485.0,6.801895814406407,2,0.0,2.0,1097000.0,1360.3791628812814
Weekly Tuesday Options Week 1,SEP 26,CALL,4800.0,13.553344243697211,12,11.0,1.0,480000.0,1355.334424369721
Weekly Friday Option Week 1,SEP 26,CALL,4800.0,13.553344243697211,1,0.0,1.0,480000.0,1355.334424369721
Weekly Thursday Options Week 2,AUG 26,CALL,4540.0,0.8453390942962926,18,2.0,16.0,7264000.0,1352.5425508740682
Weekly Tuesday Options Week 3,AUG 26,CALL,4550.0,0.6341462859693507,31,10.0,21.0,9555000.0,1331.7072005356365
Weekly Monday Options Week 4,AUG 26,PUT,4300.0,13.316413569784572,4,3.0,1.0,430000.0,1331.6413569784572
Weekly Thursday Options Week 4,AUG 26,PUT,4300.0,13.316413569784572,1,0.0,1.0,430000.0,1331.6413569784572
Weekly Tuesday Options Week 1,SEP 26,PUT,4000.0,12.966589295390918,1,0.0,1.0,400000.0,1296.6589295390918
Monthly,JAN 27,PUT,3500.0,12.876129931755003,43,42.0,1.0,350000.0,1287.6129931755004
Weekly Thursday Options Week 2,AUG 26,PUT,4195.0,1.0374918327126466,13,1.0,12.0,5034000.0,1244.9901992551759
Weekly Monday Options Week 3,AUG 26,PUT,4225.0,2.4236909885805744,19,14.0,5.0,2112500.0,1211.8454942902872
Weekly Monday Options Week 3,AUG 26,PUT,4245.0,4.038199893496142,3,0.0,3.0,1273500.0,1211.4599680488425
Weekly Monday Options Week 3,AUG 26,PUT,4295.0,12.09234947077232,2,1.0,1.0,429500.0,1209.234947077232
Monthly,OCT 26,PUT,3555.0,1.692822855188517,25,18.0,7.0,2488500.0,1184.9759986319618
Monthly,OCT 26,PUT,3815.0,11.69077351636804,56,55.0,1.0,381500.0,1169.077351636804
Weekly Friday Option Week 2,AUG 26,CALL,4535.0,0.9728015523467803,14,2.0,12.0,5442000.0,1167.3618628161364
Monthly,FEB 27,CALL,6000.0,11.632801849784045,1494,1493.0,1.0,600000.0,1163.2801849784046
Monthly,NOV 26,CALL,5530.0,5.689447225876606,3,1.0,2.0,1106000.0,1137.8894451753213
Weekly Thursday Options Week 2,AUG 26,CALL,4465.0,5.540373807817332,4,2.0,2.0,893000.0,1108.0747615634664
Monthly,OCT 26,PUT,3705.0,5.536705796082941,31,29.0,2.0,741000.0,1107.3411592165883
Weekly Friday Option Week 2,AUG 26,PUT,4200.0,1.2036023659176465,83,74.0,9.0,3780000.0,1083.2421293258817
Weekly Wednesday Options Week 3,AUG 26,CALL,4550.0,0.6341462859693507,38,22.0,16.0,7280000.0,1014.6340575509612
Weekly Tuesday Options Week 3,AUG 26,CALL,4500.0,2.446479834804734,97,93.0,4.0,1800000.0,978.5919339218935
Weekly Thursday Options Week 4,AUG 26,CALL,4500.0,2.446479834804734,24,20.0,4.0,1800000.0,978.5919339218935
Monthly,OCT 26,CALL,5135.0,9.783927707346294,6,5.0,1.0,513500.0,978.3927707346294
Weekly Tuesday Options Week 3,AUG 26,PUT,4225.0,2.4236909885805744,7,3.0,4.0,1690000.0,969.4763954322298
Weekly Thursday Options Week 2,AUG 26,PUT,4280.0,8.928864687067858,1,0.0,1.0,428000.0,892.8864687067858
Weekly Wednesday Options Week 3,AUG 26,CALL,4475.0,4.432844354058375,27,25.0,2.0,895000.0,886.568870811675
Weekly Thursday Options Week 2,AUG 26,CALL,4545.0,0.7329707526784546,12,0.0,12.0,5454000.0,879.5649032141455
Weekly Thursday Options Week 2,AUG 26,CALL,4570.0,0.34756789156541146,25,0.0,25.0,11425000.0,868.9197289135286
Weekly Friday Option Week 2,AUG 26,CALL,4445.0,8.442813091130688,3,2.0,1.0,444500.0,844.2813091130688
Monthly,OCT 26,CALL,5170.0,8.270913475330929,13,12.0,1.0,517000.0,827.0913475330929
Weekly Monday Options Week 4,AUG 26,PUT,4275.0,8.031859857836821,6,5.0,1.0,427500.0,803.1859857836821
Weekly Thursday Options Week 4,AUG 26,PUT,4275.0,8.031859857836821,1,0.0,1.0,427500.0,803.1859857836821
Weekly Thursday Options Week 2,AUG 26,PUT,4190.0,0.8917156274601581,9,0.0,9.0,3771000.0,802.5440647141422
Monthly,DEC 26,PUT,3500.0,7.879889496967195,4913,4912.0,1.0,350000.0,787.9889496967195
Weekly Wednesday Options Week 3,AUG 26,CALL,4600.0,0.13197777404031186,94,35.0,59.0,27140000.0,778.6688668378399
Weekly Thursday Options Week 3,AUG 26,CALL,4575.0,0.2974097157092288,28,2.0,26.0,11895000.0,773.2652608439948
Weekly Wednesday Options Week 3,AUG 26,CALL,4525.0,1.2798708312366784,45,39.0,6.0,2715000.0,767.9224987420071
Weekly Monday Options Week 4,AUG 26,CALL,4450.0,7.622239215032209,6,5.0,1.0,445000.0,762.2239215032209
Monthly,OCT 26,PUT,3750.0,7.605057166966958,785,784.0,1.0,375000.0,760.5057166966958
Weekly Wednesday Options Week 3,AUG 26,PUT,4225.0,2.4236909885805744,19,16.0,3.0,1267500.0,727.1072965741723
Weekly Friday Option Week 2,AUG 26,PUT,4270.0,7.207343573718504,5,4.0,1.0,427000.0,720.7343573718504
Weekly Monday Options Week 3,AUG 26,PUT,4240.0,3.568632068950194,2,0.0,2.0,848000.0,713.7264137900388
Weekly Monday Options Week 3,AUG 26,CALL,4485.0,3.5171083968950256,2,0.0,2.0,897000.0,703.4216793790051
Weekly Tuesday Options Week 1,SEP 26,CALL,5000.0,3.4063110803206342,6,4.0,2.0,1000000.0,681.2622160641268
Monthly,OCT 26,CALL,5685.0,0.5113736070362549,13,0.0,13.0,7390500.0,664.7856891471314
Monthly,NOV 26,CALL,5500.0,6.4106206796750485,769,768.0,1.0,550000.0,641.0620679675048
Weekly Wednesday Options Week 3,AUG 26,PUT,4200.0,1.2036023659176465,7,2.0,5.0,2100000.0,601.8011829588232
Weekly Wednesday Options Week 2,SEP 26,PUT,3900.0,5.579807207943816,11,10.0,1.0,390000.0,557.9807207943816
Weekly Monday Options Week 2,SEP 26,PUT,3900.0,5.579807207943816,1,0.0,1.0,390000.0,557.9807207943816
Monthly,OCT 26,PUT,3560.0,1.7669269026530756,48,45.0,3.0,1068000.0,530.0780707959227
Monthly,SEP 26,PUT,3890.0,5.212503243482615,28,27.0,1.0,389000.0,521.2503243482615
Weekly Friday Option Week 4,AUG 26,CALL,4600.0,0.13197777404031186,71,32.0,39.0,17940000.0,514.7133187572163
Weekly Monday Options Week 4,AUG 26,CALL,4500.0,2.446479834804734,66,64.0,2.0,900000.0,489.29596696094677
Weekly Thursday Options Week 2,AUG 26,PUT,4180.0,0.6529578258747932,9,2.0,7.0,2926000.0,457.07047811235526
Weekly Tuesday Options Week 4,AUG 26,PUT,4250.0,4.557574232611728,4,3.0,1.0,425000.0,455.7574232611728
Weekly Thursday Options Week 4,AUG 26,PUT,4250.0,4.557574232611728,1,0.0,1.0,425000.0,455.7574232611728
Weekly Thursday Options Week 2,AUG 26,CALL,4610.0,0.09388851929728936,48,0.0,48.0,22128000.0,450.66489262698894
Weekly Thursday Options Week 4,AUG 26,CALL,4475.0,4.432844354058375,3,2.0,1.0,447500.0,443.2844354058375
Weekly Tuesday Options Week 4,AUG 26,CALL,4475.0,4.432844354058375,13,12.0,1.0,447500.0,443.2844354058375
Monthly,NOV 26,PUT,3300.0,0.8651903369453713,130,125.0,5.0,1650000.0,432.59516847268566
Monthly,OCT 26,PUT,3575.0,2.0063820595083754,8,6.0,2.0,715000.0,401.2764119016751
Weekly Tuesday Options Week 3,AUG 26,CALL,4480.0,3.9526772656873845,1,0.0,1.0,448000.0,395.26772656873845
Weekly Friday Option Week 3,AUG 26,CALL,4525.0,1.2798708312366784,30,27.0,3.0,1357500.0,383.96124937100353
Weekly Monday Options Week 4,AUG 26,CALL,4525.0,1.2798708312366784,10,7.0,3.0,1357500.0,383.96124937100353
Weekly Friday Option Week 2,AUG 26,CALL,4550.0,0.6341462859693507,109,103.0,6.0,2730000.0,380.48777158161045
Weekly Friday Option Week 2,AUG 26,CALL,4560.0,0.47155210067101905,9,1.0,8.0,3648000.0,377.24168053681524
Weekly Thursday Options Week 2,AUG 26,PUT,4215.0,1.8472787992621704,2,0.0,2.0,843000.0,369.4557598524341
Weekly Thursday Options Week 2,AUG 26,CALL,4615.0,0.07892618925512629,47,2.0,45.0,20767500.0,355.1678516480683
Weekly Friday Option Week 2,AUG 26,CALL,4485.0,3.5171083968950256,2,1.0,1.0,448500.0,351.71083968950256
Weekly Tuesday Options Week 3,AUG 26,CALL,4485.0,3.5171083968950256,1,0.0,1.0,448500.0,351.71083968950256
Weekly Tuesday Options Week 1,SEP 26,PUT,3850.0,3.486491553919194,1,0.0,1.0,385000.0,348.6491553919194
Weekly Monday Options Week 2,SEP 26,CALL,5000.0,3.4063110803206342,2,1.0,1.0,500000.0,340.6311080320634
Monthly,SEP 26,PUT,3840.0,3.245648820935955,197,196.0,1.0,384000.0,324.5648820935955
Weekly Friday Option Week 3,AUG 26,CALL,4550.0,0.6341462859693507,77,72.0,5.0,2275000.0,317.07314298467537
Weekly Wednesday Options Week 2,SEP 26,CALL,5100.0,1.576027339394173,12,10.0,2.0,1020000.0,315.2054678788346
Weekly Thursday Options Week 2,AUG 26,PUT,4235.0,3.1453065234917403,2,1.0,1.0,423500.0,314.53065234917403
Weekly Thursday Options Week 4,AUG 26,CALL,4575.0,0.2974097157092288,12,2.0,10.0,4575000.0,297.4097157092288
Weekly Friday Option Week 3,AUG 26,CALL,4575.0,0.2974097157092288,18,8.0,10.0,4575000.0,297.4097157092288
Monthly,SEP 26,CALL,5200.0,0.7201818575995453,10235,10231.0,4.0,2080000.0,288.07274303981814
Weekly Thursday Options Week 2,AUG 26,CALL,4600.0,0.13197777404031186,85,64.0,21.0,9660000.0,277.1533254846549
Weekly Thursday Options Week 2,AUG 26,PUT,4230.0,2.764769414894829,1,0.0,1.0,423000.0,276.4769414894829
Monthly,FEB 27,PUT,3000.0,1.3717929028612907,181,179.0,2.0,600000.0,274.3585805722581
Weekly Thursday Options Week 2,AUG 26,CALL,4555.0,0.5474414235635692,7,2.0,5.0,2277500.0,273.7207117817846
Weekly Wednesday Options Week 3,AUG 26,CALL,4575.0,0.2974097157092288,25,16.0,9.0,4117500.0,267.6687441383059
Weekly Monday Options Week 3,AUG 26,PUT,4180.0,0.6529578258747932,4,0.0,4.0,1672000.0,261.1831303499173
Weekly Wednesday Options Week 2,SEP 26,PUT,3750.0,1.2240058955823443,15,13.0,2.0,750000.0,244.80117911646886
Weekly Monday Options Week 5,AUG 26,CALL,4500.0,2.446479834804734,183,182.0,1.0,450000.0,244.64798348047339
Weekly Friday Option Week 2,AUG 26,CALL,4570.0,0.34756789156541146,22,15.0,7.0,3199000.0,243.29752409578802
Weekly Thursday Options Week 3,AUG 26,PUT,4225.0,2.4236909885805744,4,3.0,1.0,422500.0,242.36909885805744
Weekly Friday Option Week 2,AUG 26,PUT,4225.0,2.4236909885805744,32,31.0,1.0,422500.0,242.36909885805744
Weekly Tuesday Options Week 4,AUG 26,PUT,4225.0,2.4236909885805744,3,2.0,1.0,422500.0,242.36909885805744
Weekly Friday Option Week 4,AUG 26,PUT,4150.0,0.23849600514983393,53,43.0,10.0,4150000.0,238.49600514983393
Weekly Friday Option Week 2,AUG 26,PUT,4185.0,0.7641821503889759,5,2.0,3.0,1255500.0,229.25464511669276
Monthly,OCT 26,CALL,5435.0,2.1181861590826117,232,231.0,1.0,543500.0,211.81861590826117
Weekly Friday Option Week 3,AUG 26,CALL,4600.0,0.13197777404031186,85,69.0,16.0,7360000.0,211.16443846449897
Monthly,NOV 26,PUT,3320.0,1.0184653413654843,28,26.0,2.0,664000.0,203.69306827309686
Weekly Thursday Options Week 2,AUG 26,CALL,4535.0,0.9728015523467803,27,25.0,2.0,907000.0,194.56031046935607
Weekly Monday Options Week 3,AUG 26,PUT,4190.0,0.8917156274601581,2,0.0,2.0,838000.0,178.34312549203162
Weekly Friday Option Week 2,AUG 26,CALL,4515.0,1.6692854431375679,1,0.0,1.0,451500.0,166.9285443137568
Weekly Monday Options Week 5,AUG 26,PUT,4175.0,0.5562629547084015,3,0.0,3.0,1252500.0,166.87888641252044
Weekly Friday Option Week 1,SEP 26,CALL,5100.0,1.576027339394173,1,0.0,1.0,510000.0,157.6027339394173
Weekly Thursday Options Week 2,AUG 26,PUT,4185.0,0.7641821503889759,12,10.0,2.0,837000.0,152.83643007779517
Monthly,NOV 26,CALL,6000.0,0.7639484027316357,616,614.0,2.0,1200000.0,152.78968054632713
Weekly Monday Options Week 4,AUG 26,CALL,4575.0,0.2974097157092288,14,9.0,5.0,2287500.0,148.7048578546144
Weekly Monday Options Week 3,AUG 26,CALL,4545.0,0.7329707526784546,2,0.0,2.0,909000.0,146.59415053569091
Monthly,OCT 26,PUT,3325.0,0.1779984758198756,55,47.0,8.0,2660000.0,142.39878065590048
Weekly Thursday Options Week 2,AUG 26,PUT,4205.0,1.3922998108202194,1,0.0,1.0,420500.0,139.22998108202194
Weekly Monday Options Week 2,SEP 26,CALL,5200.0,0.6926969241686542,2,0.0,2.0,1040000.0,138.53938483373085
Monthly,FEB 27,PUT,2800.0,0.3373418542701412,21,17.0,4.0,1120000.0,134.93674170805647
Weekly Monday Options Week 3,AUG 26,CALL,4525.0,1.2798708312366784,17,16.0,1.0,452500.0,127.98708312366784
Weekly Thursday Options Week 3,AUG 26,CALL,4550.0,0.6341462859693507,2,0.0,2.0,910000.0,126.82925719387015
Weekly Monday Options Week 5,AUG 26,CALL,4550.0,0.6341462859693507,58,56.0,2.0,910000.0,126.82925719387015
Weekly Monday Options Week 4,AUG 26,CALL,4550.0,0.6341462859693507,6,4.0,2.0,910000.0,126.82925719387015
Weekly Tuesday Options Week 3,AUG 26,CALL,4625.0,0.05540429341669828,22,0.0,22.0,10175000.0,121.88944551673622
Weekly Monday Options Week 3,AUG 26,PUT,4200.0,1.2036023659176465,47,46.0,1.0,420000.0,120.36023659176465
Weekly Friday Option Week 4,AUG 26,CALL,4575.0,0.2974097157092288,12,8.0,4.0,1830000.0,118.96388628369152
Weekly Thursday Options Week 2,AUG 26,CALL,4575.0,0.2974097157092288,19,15.0,4.0,1830000.0,118.96388628369152
Weekly Tuesday Options Week 3,AUG 26,CALL,4575.0,0.2974097157092288,6,2.0,4.0,1830000.0,118.96388628369152
Weekly Friday Option Week 2,AUG 26,CALL,4530.0,1.1170396364717874,8,7.0,1.0,453000.0,111.70396364717874
Monthly,NOV 26,PUT,3330.0,1.1036496404359895,3,2.0,1.0,333000.0,110.36496404359895
Weekly Friday Option Week 2,AUG 26,CALL,4555.0,0.5474414235635692,2,0.0,2.0,911000.0,109.48828471271383
Weekly Friday Option Week 2,AUG 26,PUT,4195.0,1.0374918327126466,1,0.0,1.0,419500.0,103.74918327126466
Weekly Thursday Options Week 2,AUG 26,PUT,4130.0,0.11452159265935791,9,0.0,9.0,3717000.0,103.06943339342212
Weekly Thursday Options Week 2,AUG 26,PUT,4115.0,0.06387208502285979,16,0.0,16.0,6584000.0,102.19533603657567
Weekly Tuesday Options Week 4,AUG 26,CALL,4625.0,0.05540429341669828,35,17.0,18.0,8325000.0,99.7277281500569
Weekly Thursday Options Week 2,AUG 26,CALL,4650.0,0.022002232011880896,46,2.0,44.0,20460000.0,96.80982085227595
Weekly Thursday Options Week 2,AUG 26,PUT,4150.0,0.23849600514983393,15,11.0,4.0,1660000.0,95.39840205993357
Weekly Thursday Options Week 2,AUG 26,CALL,4560.0,0.47155210067101905,2,0.0,2.0,912000.0,94.31042013420381
Weekly Tuesday Options Week 4,AUG 26,CALL,4600.0,0.13197777404031186,69,62.0,7.0,3220000.0,92.3844418282183
Weekly Tuesday Options Week 4,AUG 26,CALL,4575.0,0.2974097157092288,9,6.0,3.0,1372500.0,89.22291471276864
Weekly Wednesday Options Week 3,AUG 26,CALL,4625.0,0.05540429341669828,18,2.0,16.0,7400000.0,88.64686946671725
Weekly Monday Options Week 3,AUG 26,CALL,4540.0,0.8453390942962926,1,0.0,1.0,454000.0,84.53390942962926
Weekly Thursday Options Week 2,AUG 26,PUT,4165.0,0.4000803156931383,2,0.0,2.0,833000.0,80.01606313862766
Weekly Tuesday Options Week 3,AUG 26,CALL,4600.0,0.13197777404031186,22,16.0,6.0,2760000.0,79.18666442418711
Monthly,OCT 26,PUT,3400.0,0.39540627025769126,529,527.0,2.0,680000.0,79.08125405153825
Weekly Wednesday Options Week 3,AUG 26,PUT,4150.0,0.23849600514983393,7,4.0,3.0,1245000.0,71.54880154495018
Weekly Monday Options Week 3,AUG 26,CALL,4570.0,0.34756789156541146,2,0.0,2.0,914000.0,69.51357831308229
Weekly Monday Options Week 2,SEP 26,PUT,3700.0,0.6851501466880343,1,0.0,1.0,370000.0,68.51501466880343
Weekly Thursday Options Week 2,AUG 26,CALL,4620.0,0.06620103604346994,13,3.0,10.0,4620000.0,66.20103604346994
Weekly Tuesday Options Week 4,AUG 26,CALL,4550.0,0.6341462859693507,10,9.0,1.0,455000.0,63.414628596935074
Weekly Friday Option Week 4,AUG 26,CALL,4550.0,0.6341462859693507,32,31.0,1.0,455000.0,63.414628596935074
Weekly Thursday Options Week 2,AUG 26,PUT,4110.0,0.05223318789164644,62,50.0,12.0,4932000.0,62.679825469975725
Monthly,NOV 26,PUT,3260.0,0.6181427376608148,1,0.0,1.0,326000.0,61.814273766081484
Weekly Thursday Options Week 2,AUG 26,CALL,4625.0,0.05540429341669828,12,1.0,11.0,5087500.0,60.94472275836811
Weekly Friday Option Week 2,AUG 26,CALL,4640.0,0.03204721820946421,18,0.0,18.0,8352000.0,57.68499277703558
Weekly Friday Option Week 2,AUG 26,PUT,4175.0,0.5562629547084015,123,122.0,1.0,417500.0,55.62629547084015
Weekly Friday Option Week 3,AUG 26,PUT,4175.0,0.5562629547084015,42,41.0,1.0,417500.0,55.62629547084015
Weekly Monday Options Week 3,AUG 26,PUT,4175.0,0.5562629547084015,10,9.0,1.0,417500.0,55.62629547084015
Weekly Thursday Options Week 3,AUG 26,CALL,4600.0,0.13197777404031186,17,13.0,4.0,1840000.0,52.79110961612474
Weekly Wednesday Options Week 3,AUG 26,PUT,4100.0,0.03458606343148851,45,31.0,14.0,5740000.0,48.42048880408392
Weekly Friday Option Week 3,AUG 26,PUT,4150.0,0.23849600514983393,34,32.0,2.0,830000.0,47.69920102996679
Weekly Monday Options Week 3,AUG 26,PUT,4125.0,0.09457401381798292,23,18.0,5.0,2062500.0,47.28700690899146
Weekly Monday Options Week 3,AUG 26,PUT,4170.0,0.4724665485519495,1,0.0,1.0,417000.0,47.24665485519495
Weekly Thursday Options Week 2,AUG 26,PUT,4135.0,0.13823121726501952,3,0.0,3.0,1240500.0,41.46936517950586
Weekly Friday Option Week 2,AUG 26,CALL,4600.0,0.13197777404031186,184,181.0,3.0,1380000.0,39.59333221209356
Weekly Thursday Options Week 3,AUG 26,CALL,4625.0,0.05540429341669828,11,5.0,6.0,2775000.0,33.24257605001897
Weekly Thursday Options Week 2,AUG 26,CALL,4645.0,0.02658339537481158,12,0.0,12.0,5574000.0,31.900074449773896
Weekly Friday Option Week 2,AUG 26,PUT,4100.0,0.03458606343148851,841,832.0,9.0,3690000.0,31.12745708833966
Weekly Thursday Options Week 2,AUG 26,CALL,4630.0,0.046265483534341456,7,1.0,6.0,2778000.0,27.759290120604874
Monthly,JAN 27,PUT,2800.0,0.13084814280380863,21,19.0,2.0,560000.0,26.169628560761726
Monthly,SEP 26,CALL,5400.0,0.12183930484943506,2463,2461.0,2.0,1080000.0,24.367860969887012
Weekly Friday Option Week 2,AUG 26,PUT,4150.0,0.23849600514983393,311,310.0,1.0,415000.0,23.849600514983393
Weekly Friday Option Week 2,AUG 26,CALL,4585.0,0.21632270154532307,1,0.0,1.0,458500.0,21.632270154532307
Monthly,DEC 26,CALL,8000.0,0.0007733715194676062,27562,27286.0,276.0,220800000.0,21.34505393730593
Weekly Thursday Options Week 2,AUG 26,PUT,4145.0,0.19947705632297286,1,0.0,1.0,414500.0,19.947705632297286
Weekly Thursday Options Week 2,AUG 26,CALL,4590.0,0.18387889270371005,1,0.0,1.0,459000.0,18.387889270371005
Weekly Wednesday Options Week 3,AUG 26,CALL,4675.0,0.008266280716497043,44,22.0,22.0,10285000.0,18.185817576293495
Weekly Monday Options Week 3,AUG 26,PUT,4100.0,0.03458606343148851,42,37.0,5.0,2050000.0,17.293031715744256
Weekly Thursday Options Week 2,AUG 26,PUT,4140.0,0.16631751589427424,1,0.0,1.0,414000.0,16.631751589427424
Weekly Thursday Options Week 4,AUG 26,CALL,4625.0,0.05540429341669828,3,0.0,3.0,1387500.0,16.621288025009484
Weekly Thursday Options Week 2,AUG 26,PUT,4120.0,0.07784839051570991,2,0.0,2.0,824000.0,15.569678103141982
Weekly Friday Option Week 3,AUG 26,CALL,4650.0,0.022002232011880896,27,20.0,7.0,3255000.0,15.401562408316627
Monthly,DEC 26,CALL,7500.0,0.0069458020806134335,2600,2578.0,22.0,16500000.0,15.280764577349554
Monthly,SEP 26,CALL,5675.0,0.007908246310505185,30,11.0,19.0,10782500.0,15.025667989959851
Weekly Thursday Options Week 3,AUG 26,PUT,4100.0,0.03458606343148851,30,26.0,4.0,1640000.0,13.834425372595405
Weekly Friday Option Week 2,AUG 26,PUT,4135.0,0.13823121726501952,1,0.0,1.0,413500.0,13.823121726501952
Weekly Tuesday Options Week 4,AUG 26,CALL,4650.0,0.022002232011880896,6,0.0,6.0,2790000.0,13.201339207128537
Weekly Monday Options Week 3,AUG 26,CALL,4600.0,0.13197777404031186,83,82.0,1.0,460000.0,13.197777404031186
Monthly,JAN 27,PUT,2650.0,0.031285786228004264,8,4.0,4.0,1060000.0,12.514314491201706
Weekly Friday Option Week 2,AUG 26,PUT,4130.0,0.11452159265935791,1,0.0,1.0,413000.0,11.45215926593579
Weekly Thursday Options Week 2,AUG 26,CALL,4605.0,0.11143945306941916,1,0.0,1.0,460500.0,11.143945306941916
Weekly Monday Options Week 3,AUG 26,CALL,4605.0,0.11143945306941916,1,0.0,1.0,460500.0,11.143945306941916
Weekly Wednesday Options Week 3,AUG 26,CALL,4650.0,0.022002232011880896,40,35.0,5.0,2325000.0,11.001116005940448
Weekly Friday Option Week 2,AUG 26,PUT,4125.0,0.09457401381798292,68,67.0,1.0,412500.0,9.457401381798292
Weekly Friday Option Week 4,AUG 26,PUT,4125.0,0.09457401381798292,20,19.0,1.0,412500.0,9.457401381798292
Weekly Monday Options Week 3,AUG 26,CALL,4610.0,0.09388851929728936,1,0.0,1.0,461000.0,9.388851929728936
Weekly Friday Option Week 2,AUG 26,CALL,4610.0,0.09388851929728936,1,0.0,1.0,461000.0,9.388851929728936
Monthly,DEC 26,PUT,2695.0,0.01022853328696871,9,0.0,9.0,2425500.0,9.20567995827184
Weekly Thursday Options Week 3,AUG 26,CALL,4650.0,0.022002232011880896,6,2.0,4.0,1860000.0,8.800892804752358
Monthly,OCT 26,PUT,3000.0,0.0023942395653228227,533,500.0,33.0,9900000.0,7.900990565565315
Weekly Thursday Options Week 2,AUG 26,CALL,4635.0,0.03854836807640183,2,0.0,2.0,927000.0,7.709673615280366
Weekly Thursday Options Week 2,AUG 26,PUT,4080.0,0.014564034542877025,5,0.0,5.0,2040000.0,7.282017271438512
Monthly,OCT 26,CALL,6000.0,0.07217891649634378,3796,3795.0,1.0,600000.0,7.217891649634378
Weekly Monday Options Week 3,AUG 26,CALL,4620.0,0.06620103604346994,1,0.0,1.0,462000.0,6.620103604346994
Weekly Tuesday Options Week 3,AUG 26,CALL,4650.0,0.022002232011880896,7,4.0,3.0,1395000.0,6.600669603564269
Weekly Monday Options Week 4,AUG 26,CALL,4625.0,0.05540429341669828,7,6.0,1.0,462500.0,5.540429341669828
Weekly Friday Option Week 3,AUG 26,CALL,4625.0,0.05540429341669828,46,45.0,1.0,462500.0,5.540429341669828
Weekly Friday Option Week 2,AUG 26,CALL,4625.0,0.05540429341669828,26,25.0,1.0,462500.0,5.540429341669828
Weekly Thursday Options Week 2,AUG 26,PUT,4050.0,0.003588615129411332,26,11.0,15.0,6075000.0,5.382922694116998
Weekly Thursday Options Week 2,AUG 26,CALL,4705.0,0.002373887396542762,20,0.0,20.0,9410000.0,4.747774793085524
Weekly Monday Options Week 5,AUG 26,CALL,4650.0,0.022002232011880896,16,14.0,2.0,930000.0,4.400446402376179
Weekly Friday Option Week 2,AUG 26,CALL,4650.0,0.022002232011880896,29,27.0,2.0,930000.0,4.400446402376179
Weekly Thursday Options Week 4,AUG 26,CALL,4650.0,0.022002232011880896,5,3.0,2.0,930000.0,4.400446402376179
Monthly,NOV 26,PUT,2800.0,0.004135905049527544,33,23.0,10.0,2800000.0,4.135905049527544
Weekly Friday Option Week 2,AUG 26,CALL,4635.0,0.03854836807640183,1,0.0,1.0,463500.0,3.854836807640183
Weekly Friday Option Week 3,AUG 26,PUT,4100.0,0.03458606343148851,54,53.0,1.0,410000.0,3.458606343148851
Weekly Thursday Options Week 2,AUG 26,PUT,4100.0,0.03458606343148851,50,49.0,1.0,410000.0,3.458606343148851
Weekly Friday Option Week 2,AUG 26,CALL,4680.0,0.0067514345050656566,5,0.0,5.0,2340000.0,3.3757172525328283
Weekly Tuesday Options Week 4,AUG 26,CALL,4675.0,0.008266280716497043,6,2.0,4.0,1870000.0,3.3065122865988172
Monthly,DEC 26,PUT,2675.0,0.00805327847620868,4,0.0,4.0,1070000.0,3.2213113904834723
Weekly Thursday Options Week 2,AUG 26,CALL,4660.0,0.014972345523774688,2,0.0,2.0,932000.0,2.9944691047549377
Weekly Wednesday Options Week 3,AUG 26,PUT,4050.0,0.003588615129411332,15,9.0,6.0,2430000.0,2.1531690776467993
Monthly,OCT 26,PUT,3100.0,0.01059497754363714,170,168.0,2.0,620000.0,2.118995508727428
Weekly Thursday Options Week 2,AUG 26,CALL,4655.0,0.01817019907745321,1,0.0,1.0,465500.0,1.8170199077453209
Weekly Tuesday Options Week 3,AUG 26,CALL,4675.0,0.008266280716497043,2,0.0,2.0,935000.0,1.6532561432994086
Weekly Wednesday Options Week 3,AUG 26,CALL,4700.0,0.0029387273116552315,49,44.0,5.0,2350000.0,1.4693636558276157
Weekly Thursday Options Week 2,AUG 26,CALL,4665.0,0.012309993699015642,1,0.0,1.0,466500.0,1.2309993699015642
Weekly Friday Option Week 2,AUG 26,CALL,4700.0,0.0029387273116552315,59,55.0,4.0,1880000.0,1.1754909246620926
Weekly Friday Option Week 3,AUG 26,PUT,4075.0,0.01163244292496124,119,118.0,1.0,407500.0,1.163244292496124
Weekly Thursday Options Week 2,AUG 26,PUT,4075.0,0.01163244292496124,80,79.0,1.0,407500.0,1.163244292496124
Weekly Friday Option Week 4,AUG 26,CALL,4750.0,0.0003150662831448853,39,3.0,36.0,17100000.0,1.134238619321587
Monthly,OCT 26,CALL,6300.0,0.009609040492484788,892,891.0,1.0,630000.0,0.9609040492484788
Weekly Tuesday Options Week 3,AUG 26,CALL,4700.0,0.0029387273116552315,13,10.0,3.0,1410000.0,0.8816181934965694
Weekly Thursday Options Week 2,AUG 26,CALL,4700.0,0.0029387273116552315,17,14.0,3.0,1410000.0,0.8816181934965694
Weekly Thursday Options Week 2,AUG 26,PUT,4035.0,0.0016982714160909684,5,0.0,5.0,2017500.0,0.8491357080454842
Weekly Monday Options Week 3,AUG 26,CALL,4675.0,0.008266280716497043,3,2.0,1.0,467500.0,0.8266280716497043
Weekly Thursday Options Week 2,AUG 26,CALL,4675.0,0.008266280716497043,3,2.0,1.0,467500.0,0.8266280716497043
Weekly Friday Option Week 2,AUG 26,PUT,4065.0,0.007344095925310157,1,0.0,1.0,406500.0,0.7344095925310157
Weekly Monday Options Week 5,AUG 26,PUT,4050.0,0.003588615129411332,2,0.0,2.0,810000.0,0.7177230258822664
Weekly Friday Option Week 3,AUG 26,CALL,4700.0,0.0029387273116552315,105,103.0,2.0,940000.0,0.5877454623310463
Weekly Friday Option Week 3,AUG 26,PUT,4000.0,0.0002608852651237309,69,52.0,17.0,6800000.0,0.4435049507103425
Weekly Thursday Options Week 2,AUG 26,CALL,4730.0,0.0007901009232968159,5,0.0,5.0,2365000.0,0.39505046164840796
Weekly Tuesday Options Week 4,AUG 26,CALL,4700.0,0.0029387273116552315,28,27.0,1.0,470000.0,0.29387273116552315
Weekly Thursday Options Week 3,AUG 26,CALL,4700.0,0.0029387273116552315,8,7.0,1.0,470000.0,0.29387273116552315
Monthly,NOV 26,PUT,2775.0,0.002934008757889364,1,0.0,1.0,277500.0,0.2934008757889364
Weekly Friday Option Week 2,AUG 26,PUT,4045.0,0.0028065799142804604,1,0.0,1.0,404500.0,0.28065799142804604
Weekly Monday Options Week 5,AUG 26,CALL,4750.0,0.0003150662831448853,42,34.0,8.0,3800000.0,0.2520530265159082
Weekly Friday Option Week 3,AUG 26,PUT,4025.0,0.001012861540526655,75,73.0,2.0,805000.0,0.202572308105331
Weekly Friday Option Week 3,AUG 26,CALL,4725.0,0.0009888674145812903,8,6.0,2.0,945000.0,0.19777348291625807
Weekly Monday Options Week 3,AUG 26,CALL,4750.0,0.0003150662831448853,6,1.0,5.0,2375000.0,0.15753314157244264
Monthly,DEC 26,CALL,8500.0,8.070898902474977e-05,335,318.0,17.0,14450000.0,0.1372052813420746
Weekly Friday Option Week 4,AUG 26,PUT,4000.0,0.0002608852651237309,22,18.0,4.0,1600000.0,0.10435410604949236
Weekly Friday Option Week 2,AUG 26,CALL,4725.0,0.0009888674145812903,1,0.0,1.0,472500.0,0.09888674145812903
Weekly Tuesday Options Week 3,AUG 26,CALL,4725.0,0.0009888674145812903,1,0.0,1.0,472500.0,0.09888674145812903
Weekly Wednesday Options Week 3,AUG 26,CALL,4750.0,0.0003150662831448853,9,6.0,3.0,1425000.0,0.09451988494346558
Weekly Tuesday Options Week 3,AUG 26,CALL,4750.0,0.0003150662831448853,11,8.0,3.0,1425000.0,0.09451988494346558
Weekly Wednesday Options Week 3,AUG 26,PUT,4000.0,0.0002608852651237309,4,1.0,3.0,1200000.0,0.07826557953711927
Weekly Monday Options Week 3,AUG 26,CALL,4775.0,9.508942544692381e-05,5,3.0,2.0,955000.0,0.019017885089384762
Weekly Friday Option Week 3,AUG 26,CALL,4800.0,2.7197654467220507e-05,16,11.0,5.0,2400000.0,0.013598827233610254
Weekly Wednesday Options Week 3,AUG 26,CALL,4800.0,2.7197654467220507e-05,11,8.0,3.0,1440000.0,0.008159296340166152
Weekly Wednesday Options Week 3,AUG 26,PUT,3975.0,6.11724202710523e-05,16,15.0,1.0,397500.0,0.00611724202710523
Weekly Thursday Options Week 3,AUG 26,PUT,3975.0,6.11724202710523e-05,11,10.0,1.0,397500.0,0.00611724202710523
Monthly,SEP 26,PUT,3150.0,5.5118008790047517e-05,57,56.0,1.0,315000.0,0.005511800879004752
Weekly Friday Option Week 3,AUG 26,CALL,4825.0,7.375972983138723e-06,7,0.0,7.0,3377500.0,0.005163181088197106
Weekly Friday Option Week 2,AUG 26,CALL,4820.0,9.616114313957223e-06,3,0.0,3.0,1446000.0,0.002884834294187167
Weekly Friday Option Week 2,AUG 26,CALL,4800.0,2.7197654467220507e-05,52,51.0,1.0,480000.0,0.0027197654467220507
Weekly Friday Option Week 4,AUG 26,CALL,4800.0,2.7197654467220507e-05,11,10.0,1.0,480000.0,0.0027197654467220507
Weekly Monday Options Week 5,AUG 26,PUT,3950.0,1.3026097713372733e-05,5,4.0,1.0,395000.0,0.0013026097713372733
Weekly Friday Option Week 4,AUG 26,CALL,4900.0,1.0749881745814114e-07,23,4.0,19.0,9310000.0,0.00020424775317046817
Weekly Monday Options Week 3,AUG 26,CALL,4900.0,1.0749881745814114e-07,12,2.0,10.0,4900000.0,0.00010749881745814114
Weekly Monday Options Week 5,AUG 26,PUT,3900.0,4.3814800760962514e-07,52,50.0,2.0,780000.0,8.762960152192503e-05
Monthly,NOV 26,PUT,2300.0,6.234884163184543e-07,2,1.0,1.0,230000.0,6.234884163184543e-05
Weekly Friday Option Week 2,AUG 26,PUT,3875.0,6.888038383261134e-08,15,7.0,8.0,3100000.0,5.5104307066089074e-05
Weekly Wednesday Options Week 3,AUG 26,CALL,4900.0,1.0749881745814114e-07,5,1.0,4.0,1960000.0,4.299952698325646e-05
Monthly,DEC 26,CALL,9900.0,1.161536441414018e-07,43,41.0,2.0,1980000.0,2.323072882828036e-05
Weekly Friday Option Week 2,AUG 26,CALL,4900.0,1.0749881745814114e-07,142,141.0,1.0,490000.0,1.0749881745814114e-05
Weekly Friday Option Week 4,AUG 26,PUT,3875.0,6.888038383261134e-08,3,2.0,1.0,387500.0,6.888038383261134e-06
Weekly Monday Options Week 5,AUG 26,PUT,3850.0,9.74023050169647e-09,1,0.0,1.0,385000.0,9.74023050169647e-07
Weekly Friday Option Week 3,AUG 26,PUT,3825.0,1.235949247986523e-09,25,22.0,3.0,1147500.0,3.7078477439595693e-07
Weekly Friday Option Week 3,AUG 26,PUT,3800.0,1.4039170056754588e-10,12,11.0,1.0,380000.0,1.4039170056754588e-08
Weekly Tuesday Options Week 4,AUG 26,CALL,5100.0,1.516786953884718e-13,1,0.0,1.0,510000.0,1.516786953884718e-11
Weekly Friday Option Week 4,AUG 26,CALL,5200.0,5.864784559582809e-17,1,0.0,1.0,520000.0,5.864784559582809e-15
Monthly,DEC 26,CALL,20000.0,7.244353308198259e-28,38017,38012.0,5.0,10000000.0,3.6221766540991295e-25
Weekly Monday Options Week 5,AUG 26,CALL,5500.0,6.082679939292152e-29,3,0.0,3.0,1650000.0,1.8248039817876456e-26
Weekly Tuesday Options Week 4,AUG 26,CALL,5500.0,6.082679939292152e-29,1,0.0,1.0,550000.0,6.082679939292152e-27
Monthly,DEC 26,CALL,24000.0,4.87891944971099e-35,157,152.0,5.0,12000000.0,2.439459724855495e-32
Weekly Wednesday Options Week 2,AUG 26,PUT,3500.0,4.569727959985037e-26,0,3.0,-3.0,-1050000.0,-1.370918387995511e-23
Weekly Wednesday Options Week 2,AUG 26,PUT,3600.0,5.356931443801468e-20,0,4.0,-4.0,-1440000.0,-2.142772577520587e-17
Weekly Wednesday Options Week 2,AUG 26,PUT,3625.0,1.252006953101178e-18,0,2.0,-2.0,-725000.0,-2.504013906202356e-16
Weekly Wednesday Options Week 2,AUG 26,PUT,3675.0,4.626028802390978e-16,0,4.0,-4.0,-1470000.0,-1.850411520956391e-13
Weekly Wednesday Options Week 2,AUG 26,PUT,3700.0,7.352803179214527e-15,0,7.0,-7.0,-2590000.0,-5.146962225450169e-12
Weekly Monday Options Week 5,AUG 26,CALL,5100.0,1.516786953884718e-13,14,16.0,-2.0,-1020000.0,-3.033573907769436e-11
Weekly Wednesday Options Week 2,AUG 26,PUT,3725.0,1.0331912063697841e-13,0,4.0,-4.0,-1490000.0,-4.1327648254791365e-11
Weekly Friday Option Week 2,AUG 26,PUT,3750.0,1.2867908661941447e-12,14,15.0,-1.0,-375000.0,-1.2867908661941447e-10
Weekly Wednesday Options Week 2,AUG 26,PUT,3750.0,1.2867908661941447e-12,0,13.0,-13.0,-4875000.0,-1.6728281260523881e-09
Weekly Monday Options Week 5,AUG 26,PUT,3750.0,1.2867908661941447e-12,21,42.0,-21.0,-7875000.0,-2.702260819007704e-09
Weekly Friday Option Week 2,AUG 26,PUT,3800.0,1.4039170056754588e-10,52,53.0,-1.0,-380000.0,-1.4039170056754588e-08
Weekly Monday Options Week 5,AUG 26,CALL,5000.0,1.8813557145538505e-10,81,82.0,-1.0,-500000.0,-1.8813557145538505e-08
Weekly Wednesday Options Week 2,AUG 26,PUT,3775.0,1.4240779185811401e-11,0,16.0,-16.0,-6040000.0,-2.2785246697298242e-08
Weekly Wednesday Options Week 2,AUG 26,PUT,3800.0,1.4039170056754588e-10,0,10.0,-10.0,-3800000.0,-1.4039170056754588e-07
Weekly Friday Option Week 3,AUG 26,CALL,5000.0,1.8813557145538505e-10,43,63.0,-20.0,-10000000.0,-3.762711429107701e-07
Weekly Wednesday Options Week 2,AUG 26,PUT,3825.0,1.235949247986523e-09,0,11.0,-11.0,-4207500.0,-1.3595441727851754e-06
Weekly Wednesday Options Week 2,AUG 26,PUT,3850.0,9.74023050169647e-09,0,3.0,-3.0,-1155000.0,-2.922069150508941e-06
Weekly Monday Options Week 5,AUG 26,CALL,4900.0,1.0749881745814114e-07,40,41.0,-1.0,-490000.0,-1.0749881745814114e-05
Weekly Wednesday Options Week 2,AUG 26,PUT,3875.0,6.888038383261134e-08,0,6.0,-6.0,-2325000.0,-4.1328230299566806e-05
Weekly Wednesday Options Week 2,AUG 26,PUT,3900.0,4.3814800760962514e-07,0,25.0,-25.0,-9750000.0,-0.0010953700190240627
Monthly,SEP 26,PUT,3100.0,1.6450793523169584e-05,96,97.0,-1.0,-310000.0,-0.0016450793523169584
Weekly Monday Options Week 3,AUG 26,CALL,4800.0,2.7197654467220507e-05,3,4.0,-1.0,-480000.0,-0.0027197654467220507
Weekly Wednesday Options Week 2,AUG 26,CALL,4800.0,2.7197654467220507e-05,0,2.0,-2.0,-960000.0,-0.005439530893444101
Weekly Wednesday Options Week 2,AUG 26,PUT,3925.0,2.5129388987528856e-06,0,30.0,-30.0,-11775000.0,-0.007538816696258657
Monthly,SEP 26,CALL,6000.0,0.00021236248035493184,1393,1394.0,-1.0,-600000.0,-0.021236248035493184
Weekly Friday Option Week 2,AUG 26,PUT,4000.0,0.0002608852651237309,299,300.0,-1.0,-400000.0,-0.02608852651237309
Weekly Thursday Options Week 4,AUG 26,PUT,4000.0,0.0002608852651237309,4,6.0,-2.0,-800000.0,-0.05217705302474618
Weekly Wednesday Options Week 2,AUG 26,CALL,4750.0,0.0003150662831448853,0,2.0,-2.0,-950000.0,-0.06301325662897705
Weekly Wednesday Options Week 2,AUG 26,PUT,3950.0,1.3026097713372733e-05,0,72.0,-72.0,-28440000.0,-0.09378790353628368
Weekly Wednesday Options Week 2,AUG 26,PUT,3975.0,6.11724202710523e-05,0,17.0,-17.0,-6757500.0,-0.1039931144607889
Monthly,OCT 26,PUT,2950.0,0.00107122944946636,156,157.0,-1.0,-295000.0,-0.10712294494663599
Weekly Wednesday Options Week 2,AUG 26,CALL,4735.0,0.0006299118393783276,0,2.0,-2.0,-947000.0,-0.12598236787566552
Weekly Wednesday Options Week 2,AUG 26,CALL,4715.0,0.0015388691249680342,0,1.0,-1.0,-471500.0,-0.15388691249680342
Weekly Tuesday Options Week 4,AUG 26,PUT,4025.0,0.001012861540526655,14,16.0,-2.0,-805000.0,-0.202572308105331
Weekly Wednesday Options Week 2,AUG 26,CALL,4700.0,0.0029387273116552315,0,1.0,-1.0,-470000.0,-0.29387273116552315
Weekly Wednesday Options Week 2,AUG 26,CALL,4695.0,0.0036299742868560747,0,1.0,-1.0,-469500.0,-0.36299742868560747
Weekly Wednesday Options Week 3,AUG 26,CALL,4725.0,0.0009888674145812903,10,14.0,-4.0,-1890000.0,-0.39554696583251614
Weekly Wednesday Options Week 2,AUG 26,PUT,4025.0,0.001012861540526655,0,4.0,-4.0,-1610000.0,-0.405144616210662
Monthly,SEP 26,CALL,5800.0,0.002060368725562367,612,614.0,-2.0,-1160000.0,-0.4120737451124734
Weekly Friday Option Week 4,AUG 26,PUT,4075.0,0.01163244292496124,125,126.0,-1.0,-407500.0,-1.163244292496124
Weekly Wednesday Options Week 2,AUG 26,CALL,4665.0,0.012309993699015642,0,1.0,-1.0,-466500.0,-1.2309993699015642
Weekly Wednesday Options Week 2,AUG 26,CALL,4660.0,0.014972345523774688,0,1.0,-1.0,-466000.0,-1.4972345523774688
Weekly Wednesday Options Week 1,SEP 26,PUT,3400.0,0.008366493513487006,2,4.0,-2.0,-680000.0,-1.673298702697401
Weekly Wednesday Options Week 2,AUG 26,PUT,4095.0,0.02800279412767459,0,1.0,-1.0,-409500.0,-2.800279412767459
Weekly Wednesday Options Week 2,AUG 26,PUT,4000.0,0.0002608852651237309,0,109.0,-109.0,-43600000.0,-2.8436493898486668
Weekly Wednesday Options Week 2,AUG 26,PUT,4080.0,0.014564034542877025,0,2.0,-2.0,-816000.0,-2.912806908575405
Weekly Wednesday Options Week 2,AUG 26,CALL,4655.0,0.01817019907745321,0,2.0,-2.0,-931000.0,-3.6340398154906417
Weekly Wednesday Options Week 2,AUG 26,CALL,4685.0,0.005502030054924889,0,8.0,-8.0,-3748000.0,-4.401624043939911
Weekly Wednesday Options Week 2,AUG 26,PUT,4090.0,0.02259632035103243,0,2.0,-2.0,-818000.0,-4.519264070206486
Monthly,SEP 26,PUT,3500.0,0.04661380889940059,1238,1240.0,-2.0,-700000.0,-9.322761779880118
Weekly Friday Option Week 3,AUG 26,PUT,4125.0,0.09457401381798292,50,51.0,-1.0,-412500.0,-9.457401381798292
Weekly Wednesday Options Week 2,AUG 26,CALL,4605.0,0.11143945306941916,0,1.0,-1.0,-460500.0,-11.143945306941916
Monthly,OCT 26,PUT,3300.0,0.1344112804162112,464,465.0,-1.0,-330000.0,-13.44112804162112
Monthly,OCT 26,CALL,5900.0,0.13693849063025798,310,311.0,-1.0,-590000.0,-13.693849063025798
Monthly,NOV 26,PUT,3100.0,0.1395476209271651,10,11.0,-1.0,-310000.0,-13.95476209271651
Weekly Wednesday Options Week 2,AUG 26,CALL,4645.0,0.02658339537481158,0,6.0,-6.0,-2787000.0,-15.950037224886948
Monthly,SEP 26,PUT,3520.0,0.06325068287056856,59,62.0,-3.0,-1056000.0,-18.975204861170567
Weekly Wednesday Options Week 2,AUG 26,PUT,4050.0,0.003588615129411332,0,56.0,-56.0,-22680000.0,-20.09624472470346
Weekly Wednesday Options Week 2,AUG 26,CALL,4585.0,0.21632270154532307,0,1.0,-1.0,-458500.0,-21.632270154532307
Weekly Wednesday Options Week 2,AUG 26,CALL,4650.0,0.022002232011880896,0,11.0,-11.0,-5115000.0,-24.202455213068987
Weekly Friday Option Week 2,AUG 26,CALL,4580.0,0.2539274192142287,3,4.0,-1.0,-458000.0,-25.392741921422868
Weekly Wednesday Options Week 2,AUG 26,PUT,4155.0,0.2842579734080388,0,1.0,-1.0,-415500.0,-28.425797340803882
Monthly,SEP 26,PUT,3540.0,0.08517309998447775,51,55.0,-4.0,-1416000.0,-34.0692399937911
Weekly Wednesday Options Week 2,AUG 26,CALL,4570.0,0.34756789156541146,0,1.0,-1.0,-457000.0,-34.756789156541146
Weekly Wednesday Options Week 2,AUG 26,PUT,4075.0,0.01163244292496124,0,32.0,-32.0,-13040000.0,-37.223817359875966
Weekly Wednesday Options Week 2,AUG 26,CALL,4620.0,0.06620103604346994,0,6.0,-6.0,-2772000.0,-39.720621626081964
Weekly Wednesday Options Week 2,AUG 26,CALL,4635.0,0.03854836807640183,0,11.0,-11.0,-5098500.0,-42.40320488404201
Monthly,OCT 26,CALL,5825.0,0.21889364849409887,141,143.0,-2.0,-1165000.0,-43.778729698819774
Weekly Wednesday Options Week 2,AUG 26,PUT,4140.0,0.16631751589427424,0,3.0,-3.0,-1242000.0,-49.89525476828227
Weekly Wednesday Options Week 2,AUG 26,PUT,4180.0,0.6529578258747932,0,1.0,-1.0,-418000.0,-65.29578258747932
Monthly,NOV 26,PUT,3270.0,0.6732049865254126,8,9.0,-1.0,-327000.0,-67.32049865254126
Monthly,SEP 26,PUT,3700.0,0.7114791017721807,1126,1127.0,-1.0,-370000.0,-71.14791017721807
Weekly Wednesday Options Week 2,AUG 26,CALL,4625.0,0.05540429341669828,0,13.0,-13.0,-6012500.0,-72.02558144170777
Weekly Wednesday Options Week 2,AUG 26,PUT,4165.0,0.4000803156931383,0,2.0,-2.0,-833000.0,-80.01606313862766
Weekly Monday Options Week 3,AUG 26,PUT,4150.0,0.23849600514983393,139,143.0,-4.0,-1660000.0,-95.39840205993357
Weekly Wednesday Options Week 2,AUG 26,PUT,4135.0,0.13823121726501952,0,7.0,-7.0,-2894500.0,-96.76185208551367
Weekly Tuesday Options Week 3,AUG 26,PUT,4100.0,0.03458606343148851,140,169.0,-29.0,-11890000.0,-100.29958395131669
Weekly Wednesday Options Week 1,SEP 26,PUT,3675.0,0.5049467942154351,3,5.0,-2.0,-735000.0,-100.98935884308702
Monthly,OCT 26,CALL,5800.0,0.2553742322302437,575,579.0,-4.0,-2320000.0,-102.14969289209748
Weekly Wednesday Options Week 2,AUG 26,PUT,4195.0,1.0374918327126466,0,1.0,-1.0,-419500.0,-103.74918327126466
Monthly,OCT 26,PUT,3515.0,1.1910378139732671,28,29.0,-1.0,-351500.0,-119.10378139732671
Weekly Wednesday Options Week 2,AUG 26,PUT,4110.0,0.05223318789164644,0,24.0,-24.0,-9864000.0,-125.35965093995145
Weekly Friday Option Week 2,AUG 26,CALL,4525.0,1.2798708312366784,41,42.0,-1.0,-452500.0,-127.98708312366784
Monthly,OCT 26,PUT,3530.0,1.3614076990458912,37,38.0,-1.0,-353000.0,-136.14076990458912
Monthly,DEC 26,CALL,7250.0,0.020189204077255662,405,483.0,-78.0,-56550000.0,-157.47579180259416
Monthly,OCT 26,CALL,5600.0,0.8407392387758499,225,227.0,-2.0,-1120000.0,-168.14784775516998
Weekly Wednesday Options Week 2,AUG 26,CALL,4580.0,0.2539274192142287,0,7.0,-7.0,-3206000.0,-177.74919344996007
Monthly,SEP 26,PUT,3785.0,1.8512958165614464,51,52.0,-1.0,-378500.0,-185.12958165614464
Monthly,DEC 26,CALL,7000.0,0.05727441854593551,6352,6387.0,-35.0,-24500000.0,-200.4604649107743
Weekly Wednesday Options Week 2,AUG 26,PUT,4185.0,0.7641821503889759,0,3.0,-3.0,-1255500.0,-229.25464511669276
Monthly,NOV 26,CALL,5750.0,2.2931864004892972,12,13.0,-1.0,-575000.0,-229.31864004892972
Weekly Wednesday Options Week 2,AUG 26,PUT,4225.0,2.4236909885805744,0,1.0,-1.0,-422500.0,-242.36909885805744
Weekly Wednesday Options Week 2,AUG 26,CALL,4540.0,0.8453390942962926,0,3.0,-3.0,-1362000.0,-253.60172828888778
Monthly,OCT 26,PUT,3525.0,1.3023940322883831,42,44.0,-2.0,-705000.0,-260.4788064576766
Weekly Wednesday Options Week 2,AUG 26,CALL,4535.0,0.9728015523467803,0,3.0,-3.0,-1360500.0,-291.8404657040341
Monthly,NOV 26,PUT,3460.0,2.9215387128969184,31,32.0,-1.0,-346000.0,-292.15387128969184
Monthly,DEC 26,CALL,5950.0,3.2252603044640864,37,38.0,-1.0,-595000.0,-322.52603044640864
Weekly Wednesday Options Week 2,AUG 26,PUT,4100.0,0.03458606343148851,0,98.0,-98.0,-40180000.0,-338.94342162858743
Weekly Friday Option Week 1,SEP 26,CALL,5000.0,3.4063110803206342,16,17.0,-1.0,-500000.0,-340.6311080320634
Monthly,SEP 26,CALL,5000.0,3.4995275479385555,4263,4264.0,-1.0,-500000.0,-349.95275479385555
Monthly,SEP 26,CALL,4995.0,3.6310274700628327,160,161.0,-1.0,-499500.0,-363.10274700628327
Weekly Tuesday Options Week 3,AUG 26,CALL,4525.0,1.2798708312366784,18,21.0,-3.0,-1357500.0,-383.96124937100353
Monthly,DEC 26,CALL,5900.0,3.840147683163792,1276,1277.0,-1.0,-590000.0,-384.0147683163792
Weekly Wednesday Options Week 2,AUG 26,CALL,4575.0,0.2974097157092288,0,14.0,-14.0,-6405000.0,-416.3736019929203
Weekly Wednesday Options Week 2,AUG 26,CALL,4600.0,0.13197777404031186,0,32.0,-32.0,-14720000.0,-422.32887692899794
Monthly,SEP 26,PUT,3875.0,4.538006652572676,398,399.0,-1.0,-387500.0,-453.8006652572676
Weekly Monday Options Week 3,AUG 26,PUT,4250.0,4.557574232611728,213,214.0,-1.0,-425000.0,-455.7574232611728
Weekly Wednesday Options Week 2,AUG 26,CALL,4560.0,0.47155210067101905,0,10.0,-10.0,-4560000.0,-471.55210067101905
Monthly,SEP 26,CALL,4950.0,5.030757647705144,238,239.0,-1.0,-495000.0,-503.0757647705144
Weekly Wednesday Options Week 2,AUG 26,PUT,4255.0,5.130413908450635,0,1.0,-1.0,-425500.0,-513.0413908450635
Weekly Wednesday Options Week 2,AUG 26,PUT,4125.0,0.09457401381798292,0,55.0,-55.0,-22687500.0,-520.1570759989061
Monthly,SEP 26,PUT,3725.0,0.9535738031607934,109,115.0,-6.0,-2235000.0,-572.1442818964761
Weekly Wednesday Options Week 2,AUG 26,PUT,4210.0,1.6059993394221692,0,4.0,-4.0,-1684000.0,-642.3997357688677
Monthly,SEP 26,PUT,3800.0,2.1669529850350386,1252,1255.0,-3.0,-1140000.0,-650.0858955105116
Monthly,SEP 26,PUT,3650.0,0.38424038360340873,467,484.0,-17.0,-6205000.0,-653.2086521257949
Monthly,SEP 26,PUT,3920.0,6.816375675990855,55,56.0,-1.0,-392000.0,-681.6375675990855
Monthly,OCT 26,PUT,3740.0,7.097244805867746,31,32.0,-1.0,-374000.0,-709.7244805867746
Weekly Friday Option Week 4,AUG 26,CALL,4500.0,2.446479834804734,329,332.0,-3.0,-1350000.0,-733.9439504414202
Weekly Wednesday Options Week 2,AUG 26,PUT,4160.0,0.3377519631467294,0,22.0,-22.0,-9152000.0,-743.0543189228047
Monthly,SEP 26,PUT,3930.0,7.434798290212171,54,55.0,-1.0,-393000.0,-743.4798290212171
Weekly Friday Option Week 2,AUG 26,PUT,4275.0,8.031859857836821,51,52.0,-1.0,-427500.0,-803.1859857836821
Monthly,SEP 26,PUT,3940.0,8.099064512673863,153,154.0,-1.0,-394000.0,-809.9064512673863
Monthly,NOV 26,PUT,3620.0,8.214662900332144,3,4.0,-1.0,-362000.0,-821.4662900332144
Weekly Wednesday Options Week 1,SEP 26,PUT,3950.0,8.639975363986707,55,56.0,-1.0,-395000.0,-863.9975363986707
Monthly,OCT 26,PUT,3770.0,8.711360412184092,30,31.0,-1.0,-377000.0,-871.1360412184092
Weekly Friday Option Week 2,AUG 26,CALL,4440.0,9.332823115374822,6,7.0,-1.0,-444000.0,-933.2823115374822
Monthly,NOV 26,PUT,3650.0,9.791551618886729,142,143.0,-1.0,-365000.0,-979.1551618886729
Monthly,OCT 26,PUT,3790.0,9.947247787244777,23,24.0,-1.0,-379000.0,-994.7247787244777
Monthly,OCT 26,PUT,3795.0,10.277720531818915,30,31.0,-1.0,-379500.0,-1027.7720531818914
Monthly,SEP 26,PUT,3600.0,0.19895225417245932,1428,1481.0,-53.0,-19080000.0,-1054.4469471140344
Weekly Wednesday Options Week 2,AUG 26,PUT,4220.0,2.118877132344693,0,5.0,-5.0,-2110000.0,-1059.4385661723463
Weekly Wednesday Options Week 2,AUG 26,PUT,4190.0,0.8917156274601581,0,12.0,-12.0,-5028000.0,-1070.0587529521897
Weekly Wednesday Options Week 2,AUG 26,CALL,4515.0,1.6692854431375679,0,7.0,-7.0,-3160500.0,-1168.4998101962974
Monthly,OCT 26,PUT,3660.0,3.963013847133368,41,44.0,-3.0,-1098000.0,-1188.9041541400104
Weekly Wednesday Options Week 2,AUG 26,CALL,4530.0,1.1170396364717874,0,11.0,-11.0,-4983000.0,-1228.7436001189662
Weekly Thursday Options Week 2,AUG 26,CALL,4425.0,12.456060248246104,51,52.0,-1.0,-442500.0,-1245.6060248246104
Weekly Wednesday Options Week 2,AUG 26,PUT,4265.0,6.4514884235208,0,2.0,-2.0,-853000.0,-1290.29768470416
Monthly,DEC 26,PUT,3600.0,13.300059875719512,1932,1933.0,-1.0,-360000.0,-1330.0059875719512
Monthly,SEP 26,CALL,4800.0,13.790045934902878,2848,2849.0,-1.0,-480000.0,-1379.0045934902878
Weekly Wednesday Options Week 2,AUG 26,PUT,4170.0,0.4724665485519495,0,30.0,-30.0,-12510000.0,-1417.3996456558484
Monthly,SEP 26,PUT,3850.0,3.577963074820616,935,939.0,-4.0,-1540000.0,-1431.1852299282464
Weekly Friday Option Week 2,AUG 26,PUT,4305.0,14.630989075478738,13,14.0,-1.0,-430500.0,-1463.0989075478738
Monthly,SEP 26,PUT,4020.0,15.369856175324571,180,181.0,-1.0,-402000.0,-1536.9856175324571
Weekly Wednesday Options Week 2,AUG 26,CALL,4545.0,0.7329707526784546,0,21.0,-21.0,-9544500.0,-1539.2385806247546
Monthly,OCT 26,PUT,3860.0,15.451988057198434,97,98.0,-1.0,-386000.0,-1545.1988057198434
Monthly,DEC 26,CALL,6000.0,2.703842205132034,18249,18255.0,-6.0,-3600000.0,-1622.3053230792202
Monthly,SEP 26,CALL,4880.0,8.176843695025696,78,80.0,-2.0,-976000.0,-1635.368739005139
Monthly,SEP 26,PUT,4030.0,16.563434110807066,77,78.0,-1.0,-403000.0,-1656.3434110807066
Monthly,OCT 26,PUT,3880.0,17.40916981720443,51,52.0,-1.0,-388000.0,-1740.916981720443
Weekly Friday Option Week 2,AUG 26,PUT,4315.0,17.544240346473998,11,12.0,-1.0,-431500.0,-1754.4240346473998
Weekly Friday Option Week 2,AUG 26,CALL,4405.0,17.80891831381041,7,8.0,-1.0,-440500.0,-1780.891831381041
Monthly,OCT 26,PUT,3895.0,19.0028532626269,27,28.0,-1.0,-389500.0,-1900.28532626269
Weekly Friday Option Week 2,AUG 26,PUT,4265.0,6.4514884235208,11,14.0,-3.0,-1279500.0,-1935.44652705624
Weekly Friday Option Week 4,AUG 26,CALL,4400.0,19.381025028531894,10,11.0,-1.0,-440000.0,-1938.1025028531894
Weekly Monday Options Week 5,AUG 26,CALL,4400.0,19.381025028531894,152,153.0,-1.0,-440000.0,-1938.1025028531894
Weekly Friday Option Week 2,AUG 26,CALL,4400.0,19.381025028531894,351,352.0,-1.0,-440000.0,-1938.1025028531894
Weekly Wednesday Options Week 2,AUG 26,CALL,4505.0,2.1584339565909545,0,9.0,-9.0,-4054500.0,-1942.590560931859
Monthly,DEC 26,CALL,6250.0,1.0906355996460597,450,468.0,-18.0,-11250000.0,-1963.1440793629074
Weekly Wednesday Options Week 2,AUG 26,PUT,4285.0,9.902147167581575,0,2.0,-2.0,-857000.0,-1980.429433516315
Monthly,OCT 26,PUT,3910.0,20.710071577561905,86,87.0,-1.0,-391000.0,-2071.0071577561903
Weekly Friday Option Week 2,AUG 26,PUT,4325.0,20.855088887470174,42,43.0,-1.0,-432500.0,-2085.5088887470174
Weekly Monday Options Week 3,AUG 26,PUT,4325.0,20.855088887470174,262,263.0,-1.0,-432500.0,-2085.5088887470174
Weekly Wednesday Options Week 2,AUG 26,CALL,4510.0,1.9002152068375722,0,11.0,-11.0,-4961000.0,-2090.236727521329
Weekly Friday Option Week 2,AUG 26,PUT,4290.0,10.955431442689019,0,2.0,-2.0,-858000.0,-2191.0862885378037
Monthly,OCT 26,PUT,3920.0,21.9138448861533,98,99.0,-1.0,-392000.0,-2191.38448861533
Weekly Friday Option Week 2,AUG 26,CALL,4430.0,11.335828708781492,17,19.0,-2.0,-886000.0,-2267.1657417562983
Monthly,SEP 26,PUT,4085.0,24.499483064739707,104,105.0,-1.0,-408500.0,-2449.9483064739707
Monthly,SEP 26,CALL,4705.0,24.505753236885994,115,116.0,-1.0,-470500.0,-2450.5753236885994
Weekly Wednesday Options Week 2,AUG 26,CALL,4485.0,3.5171083968950256,0,7.0,-7.0,-3139500.0,-2461.9758778265177
Monthly,NOV 26,PUT,3825.0,24.62009453176006,35,36.0,-1.0,-382500.0,-2462.009453176006
Weekly Friday Option Week 1,SEP 26,CALL,4700.0,24.88938827334721,25,26.0,-1.0,-470000.0,-2488.938827334721
Monthly,SEP 26,CALL,4695.0,25.959122858805472,23,24.0,-1.0,-469500.0,-2595.912285880547
Weekly Wednesday Options Week 1,SEP 26,CALL,4800.0,13.553344243697211,31,33.0,-2.0,-960000.0,-2710.668848739442
Weekly Friday Option Week 2,AUG 26,CALL,4420.0,13.660150475853243,6,8.0,-2.0,-884000.0,-2732.0300951706486
Weekly Wednesday Options Week 2,AUG 26,PUT,4150.0,0.23849600514983393,0,115.0,-115.0,-47725000.0,-2742.70405922309
Weekly Wednesday Options Week 2,AUG 26,CALL,4480.0,3.9526772656873845,0,7.0,-7.0,-3136000.0,-2766.874085981169
Weekly Wednesday Options Week 2,AUG 26,CALL,4495.0,2.7670354451378216,0,10.0,-10.0,-4495000.0,-2767.0354451378216
Weekly Wednesday Options Week 2,AUG 26,PUT,4215.0,1.8472787992621704,0,15.0,-15.0,-6322500.0,-2770.9181988932555
Monthly,SEP 26,PUT,4105.0,28.02031372100089,54,55.0,-1.0,-410500.0,-2802.031372100089
Weekly Wednesday Options Week 2,AUG 26,CALL,4525.0,1.2798708312366784,0,22.0,-22.0,-9955000.0,-2815.7158287206926
Weekly Wednesday Options Week 2,AUG 26,PUT,4245.0,4.038199893496142,0,7.0,-7.0,-2971500.0,-2826.7399254472994
Weekly Wednesday Options Week 2,AUG 26,PUT,4270.0,7.207343573718504,0,4.0,-4.0,-1708000.0,-2882.9374294874015
Monthly,SEP 26,CALL,4675.0,29.0810633255046,98,99.0,-1.0,-467500.0,-2908.10633255046
Monthly,OCT 26,CALL,4880.0,30.430948587782154,24,25.0,-1.0,-488000.0,-3043.0948587782154
Monthly,OCT 26,CALL,4875.0,31.065452270283572,18,19.0,-1.0,-487500.0,-3106.545227028357
Weekly Friday Option Week 4,AUG 26,PUT,4275.0,8.031859857836821,43,47.0,-4.0,-1710000.0,-3212.7439431347284
Monthly,NOV 26,CALL,5060.0,32.146681222491225,12,13.0,-1.0,-506000.0,-3214.6681222491225
Monthly,SEP 26,PUT,4135.0,34.00854021592045,96,97.0,-1.0,-413500.0,-3400.854021592045
Monthly,OCT 26,PUT,4005.0,34.49260280234523,33,34.0,-1.0,-400500.0,-3449.260280234523
Weekly Wednesday Options Week 2,AUG 26,PUT,4235.0,3.1453065234917403,0,11.0,-11.0,-4658500.0,-3459.8371758409144
Monthly,DEC 26,PUT,3815.0,35.04615055195944,17,18.0,-1.0,-381500.0,-3504.6150551959445
Weekly Wednesday Options Week 2,AUG 26,CALL,4360.0,35.70751524859861,0,1.0,-1.0,-436000.0,-3570.751524859861
Monthly,SEP 26,PUT,3910.0,6.241397509292483,174,180.0,-6.0,-2346000.0,-3744.8385055754898
Monthly,SEP 26,PUT,4155.0,38.50249887907887,65,66.0,-1.0,-415500.0,-3850.249887907887
Monthly,SEP 26,PUT,4160.0,39.691579284604586,92,93.0,-1.0,-416000.0,-3969.1579284604586
Monthly,SEP 26,CALL,4615.0,40.34392689426227,112,113.0,-1.0,-461500.0,-4034.3926894262268
Weekly Wednesday Options Week 2,AUG 26,CALL,4490.0,3.1229247554930453,0,13.0,-13.0,-5837000.0,-4059.802182140959
Weekly Wednesday Options Week 2,AUG 26,PUT,4305.0,14.630989075478738,0,3.0,-3.0,-1291500.0,-4389.296722643621
Monthly,NOV 26,CALL,4955.0,45.34015881084042,6,7.0,-1.0,-495500.0,-4534.015881084042
Weekly Wednesday Options Week 2,AUG 26,CALL,4390.0,22.825623062794193,0,2.0,-2.0,-878000.0,-4565.124612558839
Monthly,NOV 26,CALL,4950.0,46.06955997927378,255,256.0,-1.0,-495000.0,-4606.955997927378
Monthly,OCT 26,CALL,5100.0,11.540310700673103,1014,1018.0,-4.0,-2040000.0,-4616.124280269241
Monthly,OCT 26,PUT,4065.0,46.23727764611908,56,57.0,-1.0,-406500.0,-4623.727764611908
Weekly Thursday Options Week 3,AUG 26,CALL,4500.0,2.446479834804734,63,82.0,-19.0,-8550000.0,-4648.311686128995
Monthly,OCT 26,PUT,3650.0,3.670445167056627,446,459.0,-13.0,-4745000.0,-4771.578717173616
Monthly,OCT 26,PUT,3940.0,24.485811374628838,119,121.0,-2.0,-788000.0,-4897.162274925768
Monthly,OCT 26,PUT,4080.0,49.587011947437304,57,58.0,-1.0,-408000.0,-4958.70119474373
Monthly,DEC 26,CALL,5450.0,16.877962849548283,331,334.0,-3.0,-1635000.0,-5063.3888548644845
Weekly Wednesday Options Week 2,AUG 26,CALL,4445.0,8.442813091130688,0,6.0,-6.0,-2667000.0,-5065.687854678413
Monthly,OCT 26,PUT,4090.0,51.916797946995416,165,166.0,-1.0,-409000.0,-5191.679794699541
Weekly Wednesday Options Week 2,AUG 26,CALL,4330.0,52.55481911262996,0,1.0,-1.0,-433000.0,-5255.481911262996
Monthly,SEP 26,PUT,3950.0,8.81163478831013,1096,1102.0,-6.0,-2370000.0,-5286.980872986078
Monthly,JAN 27,CALL,5200.0,53.82158670584647,106,107.0,-1.0,-520000.0,-5382.158670584648
Monthly,DEC 26,CALL,5800.0,5.413030415377605,2172,2182.0,-10.0,-5800000.0,-5413.030415377605
Monthly,SEP 26,PUT,4215.0,54.60357588722263,83,84.0,-1.0,-421500.0,-5460.357588722263
Monthly,NOV 26,CALL,5100.0,28.077820739033882,1907,1909.0,-2.0,-1020000.0,-5615.564147806776
Monthly,SEP 26,CALL,4550.0,56.23423018779977,1538,1539.0,-1.0,-455000.0,-5623.423018779977
Weekly Friday Option Week 2,AUG 26,CALL,4500.0,2.446479834804734,203,226.0,-23.0,-10350000.0,-5626.903620050888
Monthly,DEC 26,PUT,3940.0,56.505159548171264,14,15.0,-1.0,-394000.0,-5650.515954817127
Weekly Wednesday Options Week 2,AUG 26,PUT,4200.0,1.2036023659176465,0,47.0,-47.0,-19740000.0,-5656.931119812938
Monthly,SEP 26,CALL,5100.0,1.62839138265943,529,565.0,-36.0,-18360000.0,-5862.208977573948
Monthly,NOV 26,PUT,3500.0,3.844569968629017,775,791.0,-16.0,-5600000.0,-6151.311949806427
Weekly Wednesday Options Week 1,SEP 26,CALL,4525.0,63.0057960483191,203,204.0,-1.0,-452500.0,-6300.57960483191
Monthly,OCT 26,PUT,3500.0,1.039631459312048,1146,1209.0,-63.0,-22050000.0,-6549.678193665902
Monthly,OCT 26,PUT,4145.0,66.17058923304398,103,104.0,-1.0,-414500.0,-6617.058923304398
Monthly,DEC 26,CALL,4950.0,70.3318782090804,551,552.0,-1.0,-495000.0,-7033.1878209080405
Weekly Wednesday Options Week 2,AUG 26,CALL,4550.0,0.6341462859693507,0,113.0,-113.0,-51415000.0,-7165.853031453664
Monthly,OCT 26,CALL,5500.0,1.4817036539381618,3072,3122.0,-50.0,-27500000.0,-7408.51826969081
Monthly,OCT 26,CALL,4645.0,74.87732785916,135,136.0,-1.0,-464500.0,-7487.7327859160005
Monthly,OCT 26,CALL,4640.0,76.20654546259652,448,449.0,-1.0,-464000.0,-7620.654546259652
Weekly Wednesday Options Week 2,AUG 26,PUT,4290.0,10.955431442689019,0,7.0,-7.0,-3003000.0,-7668.802009882313
Weekly Wednesday Options Week 2,AUG 26,CALL,4430.0,11.335828708781492,0,7.0,-7.0,-3101000.0,-7935.080096147044
Weekly Wednesday Options Week 2,AUG 26,CALL,4290.0,80.82808292784966,0,1.0,-1.0,-429000.0,-8082.808292784966
Weekly Wednesday Options Week 2,AUG 26,PUT,4435.0,85.36371810647279,0,1.0,-1.0,-443500.0,-8536.371810647279
Weekly Wednesday Options Week 1,SEP 26,CALL,4600.0,43.215230842192796,54,56.0,-2.0,-920000.0,-8643.04616843856
Weekly Wednesday Options Week 2,AUG 26,CALL,4280.0,88.79740742750846,0,1.0,-1.0,-428000.0,-8879.740742750846
Monthly,OCT 26,CALL,5250.0,5.573819425077346,1175,1191.0,-16.0,-8400000.0,-8918.111080123754
Weekly Wednesday Options Week 2,AUG 26,PUT,4440.0,89.3985404594041,0,1.0,-1.0,-444000.0,-8939.85404594041
Monthly,OCT 26,PUT,4060.0,45.15870437573972,128,130.0,-2.0,-812000.0,-9031.740875147943
Monthly,OCT 26,PUT,4230.0,93.30539641395217,101,102.0,-1.0,-423000.0,-9330.539641395217
Weekly Wednesday Options Week 2,AUG 26,PUT,4175.0,0.5562629547084015,0,170.0,-170.0,-70975000.0,-9456.470230042825
Weekly Wednesday Options Week 2,AUG 26,PUT,4310.0,16.03926747067294,0,6.0,-6.0,-2586000.0,-9623.560482403764
Monthly,NOV 26,CALL,4935.0,48.3178321373648,39,41.0,-2.0,-987000.0,-9663.56642747296
Monthly,OCT 26,PUT,3600.0,2.4680154118368876,1026,1066.0,-40.0,-14400000.0,-9872.06164734755
Weekly Wednesday Options Week 2,AUG 26,CALL,4385.0,24.702842534986758,0,4.0,-4.0,-1754000.0,-9881.137013994703
Weekly Wednesday Options Week 2,AUG 26,CALL,4520.0,1.4632525842468453,0,68.0,-68.0,-30736000.0,-9950.11757287855
Monthly,SEP 26,PUT,4200.0,50.19394199699764,1067,1069.0,-2.0,-840000.0,-10038.788399399527
Monthly,DEC 26,CALL,5070.0,51.100778485602405,13,15.0,-2.0,-1014000.0,-10220.15569712048
Monthly,NOV 26,CALL,5600.0,4.287889489548149,72,96.0,-24.0,-13440000.0,-10290.934774915559
Weekly Wednesday Options Week 2,AUG 26,CALL,4470.0,4.96093475456081,0,21.0,-21.0,-9387000.0,-10417.962984577702
Weekly Wednesday Options Week 2,AUG 26,CALL,4465.0,5.540373807817332,0,19.0,-19.0,-8483500.0,-10526.71023485293
Weekly Wednesday Options Week 2,AUG 26,CALL,4260.0,105.62077972677798,0,1.0,-1.0,-426000.0,-10562.077972677798
Monthly,OCT 26,PUT,3915.0,21.305267516854144,11,16.0,-5.0,-1957500.0,-10652.633758427071
Monthly,NOV 26,PUT,4200.0,108.78640599624896,363,364.0,-1.0,-420000.0,-10878.640599624896
Weekly Wednesday Options Week 2,AUG 26,CALL,4460.0,6.174673388798169,0,18.0,-18.0,-8028000.0,-11114.412099836703
Monthly,SEP 26,CALL,4630.0,37.24352689997022,73,76.0,-3.0,-1389000.0,-11173.058069991066
Monthly,SEP 26,PUT,4150.0,37.339957505563234,384,387.0,-3.0,-1245000.0,-11201.98725166897
Weekly Wednesday Options Week 2,AUG 26,CALL,4435.0,10.29594639008269,0,11.0,-11.0,-4878500.0,-11325.54102909096
Monthly,SEP 26,PUT,4010.0,14.245964595445969,75,83.0,-8.0,-3208000.0,-11396.771676356775
Weekly Friday Option Week 2,AUG 26,CALL,4250.0,114.41379073889038,250,251.0,-1.0,-425000.0,-11441.379073889038
Weekly Wednesday Options Week 2,AUG 26,CALL,4355.0,38.23939778113754,0,3.0,-3.0,-1306500.0,-11471.819334341262
Weekly Thursday Options Week 2,AUG 26,CALL,4375.0,28.776922046838536,13,17.0,-4.0,-1750000.0,-11510.768818735414
Monthly,SEP 26,CALL,4545.0,57.633421596601465,216,218.0,-2.0,-909000.0,-11526.684319320293
Weekly Thursday Options Week 2,AUG 26,CALL,4400.0,19.381025028531894,339,345.0,-6.0,-2640000.0,-11628.615017119137
Monthly,DEC 26,PUT,3950.0,58.56355178998706,2264,2266.0,-2.0,-790000.0,-11712.710357997412
Monthly,SEP 26,CALL,4385.0,117.75672544861982,191,192.0,-1.0,-438500.0,-11775.672544861982
Monthly,SEP 26,CALL,4540.0,59.05928557352922,64,66.0,-2.0,-908000.0,-11811.857114705845
Weekly Wednesday Options Week 2,AUG 26,CALL,4240.0,123.4207398305075,0,1.0,-1.0,-424000.0,-12342.07398305075
Weekly Wednesday Options Week 2,AUG 26,PUT,4480.0,124.00195963083479,0,1.0,-1.0,-448000.0,-12400.195963083479
Monthly,SEP 26,CALL,4370.0,125.03352917556595,274,275.0,-1.0,-437000.0,-12503.352917556595
Monthly,OCT 26,CALL,4695.0,62.570012826914535,22,24.0,-2.0,-939000.0,-12514.002565382907
Weekly Wednesday Options Week 2,AUG 26,PUT,4405.0,62.889016264361544,0,2.0,-2.0,-881000.0,-12577.803252872309
Weekly Wednesday Options Week 2,AUG 26,CALL,4395.0,21.05242968484299,0,6.0,-6.0,-2637000.0,-12631.457810905795
Monthly,OCT 26,PUT,4315.0,127.05895513017845,246,247.0,-1.0,-431500.0,-12705.895513017844
Monthly,NOV 26,PUT,4250.0,127.258321409274,628,629.0,-1.0,-425000.0,-12725.8321409274
Monthly,OCT 26,CALL,4480.0,129.26278102342417,83,84.0,-1.0,-448000.0,-12926.278102342418
Monthly,SEP 26,CALL,4360.0,130.04794876732922,77,78.0,-1.0,-436000.0,-13004.794876732922
Weekly Wednesday Options Week 2,SEP 26,CALL,4650.0,33.02739537974617,78,82.0,-4.0,-1860000.0,-13210.958151898467
Monthly,OCT 26,PUT,4335.0,135.99272775090662,224,225.0,-1.0,-433500.0,-13599.272775090663
Weekly Wednesday Options Week 2,AUG 26,CALL,4220.0,141.96276740446092,0,1.0,-1.0,-422000.0,-14196.276740446092
Weekly Wednesday Options Week 2,AUG 26,PUT,4500.0,142.48754471051052,0,1.0,-1.0,-450000.0,-14248.754471051052
Monthly,OCT 26,PUT,4355.0,145.3069366238342,18,19.0,-1.0,-435500.0,-14530.693662383419
Weekly Friday Option Week 2,AUG 26,CALL,4300.0,73.19317379966651,156,158.0,-2.0,-860000.0,-14638.634759933302
Monthly,OCT 26,PUT,4360.0,147.69490924817205,11,12.0,-1.0,-436000.0,-14769.490924817204
Monthly,OCT 26,PUT,4365.0,150.10662673714978,60,61.0,-1.0,-436500.0,-15010.662673714978
Monthly,OCT 26,CALL,4425.0,152.62454189336313,129,130.0,-1.0,-442500.0,-15262.454189336313
Monthly,SEP 26,CALL,4570.0,50.898694648240735,92,95.0,-3.0,-1371000.0,-15269.60839447222
Monthly,OCT 26,CALL,4745.0,51.94530400435997,26,29.0,-3.0,-1423500.0,-15583.59120130799
Weekly Wednesday Options Week 2,AUG 26,PUT,4295.0,12.09234947077232,0,13.0,-13.0,-5583500.0,-15720.054312004015
Monthly,OCT 26,PUT,4380.0,157.48405532391098,11,12.0,-1.0,-438000.0,-15748.405532391098
Weekly Wednesday Options Week 2,AUG 26,CALL,4405.0,17.80891831381041,0,9.0,-9.0,-3964500.0,-16028.026482429368
Weekly Friday Option Week 2,AUG 26,CALL,4200.0,161.03927514859333,94,95.0,-1.0,-420000.0,-16103.927514859333
Weekly Thursday Options Week 2,AUG 26,CALL,4200.0,161.03927514859333,98,99.0,-1.0,-420000.0,-16103.927514859333
Monthly,FEB 27,PUT,4200.0,162.42595806731765,230,231.0,-1.0,-420000.0,-16242.595806731766
Monthly,OCT 26,CALL,4620.0,81.70997084430837,25,27.0,-2.0,-924000.0,-16341.994168861675
Monthly,JAN 27,PUT,4000.0,84.99646445975259,344,346.0,-2.0,-800000.0,-16999.292891950518
Monthly,SEP 26,CALL,4285.0,171.82284915387936,65,66.0,-1.0,-428500.0,-17182.284915387936
Weekly Wednesday Options Week 2,AUG 26,PUT,4535.0,175.99948582152956,0,1.0,-1.0,-453500.0,-17599.948582152956
Weekly Wednesday Options Week 2,AUG 26,CALL,4455.0,6.867416355600653,0,27.0,-27.0,-12028500.0,-18542.024160121764
Weekly Friday Option Week 2,AUG 26,CALL,4275.0,92.89834822591683,129,131.0,-2.0,-855000.0,-18579.669645183367
Weekly Wednesday Options Week 2,AUG 26,CALL,4170.0,190.29581309706464,0,1.0,-1.0,-417000.0,-19029.581309706464
Weekly Wednesday Options Week 2,AUG 26,PUT,4455.0,101.92697058254907,0,2.0,-2.0,-891000.0,-20385.394116509815
Monthly,SEP 26,PUT,4345.0,104.51511771101036,21,23.0,-2.0,-869000.0,-20903.02354220207
Monthly,SEP 26,PUT,3900.0,5.707529134488368,2666,2703.0,-37.0,-14430000.0,-21117.85779760696
Weekly Friday Option Week 2,AUG 26,CALL,4425.0,12.456060248246104,152,169.0,-17.0,-7522500.0,-21175.302422018376
Weekly Wednesday Options Week 2,AUG 26,CALL,4370.0,30.976816939888067,0,7.0,-7.0,-3059000.0,-21683.771857921645
Weekly Wednesday Options Week 2,AUG 26,PUT,4275.0,8.031859857836821,0,27.0,-27.0,-11542500.0,-21686.021616159418
Monthly,OCT 26,PUT,3850.0,14.541886151506219,1136,1151.0,-15.0,-5775000.0,-21812.829227259328
Monthly,SEP 26,PUT,4355.0,109.25783462988466,43,45.0,-2.0,-871000.0,-21851.56692597693
Weekly Wednesday Options Week 2,AUG 26,CALL,4420.0,13.660150475853243,0,16.0,-16.0,-7072000.0,-21856.24076136519
Weekly Wednesday Options Week 2,AUG 26,CALL,4140.0,219.97733783024523,0,1.0,-1.0,-414000.0,-21997.733783024523
Weekly Wednesday Options Week 2,AUG 26,PUT,4420.0,73.7340853093242,0,3.0,-3.0,-1326000.0,-22120.22559279726
Monthly,SEP 26,PUT,4360.0,111.67831604258572,91,93.0,-2.0,-872000.0,-22335.663208517144
Monthly,OCT 26,PUT,4280.0,112.33817875026375,210,212.0,-2.0,-856000.0,-22467.635750052752
Weekly Wednesday Options Week 2,AUG 26,CALL,4135.0,224.94719715925658,0,1.0,-1.0,-413500.0,-22494.719715925658
Monthly,SEP 26,PUT,4550.0,226.98172355991346,512,513.0,-1.0,-455000.0,-22698.172355991344
Monthly,OCT 26,CALL,5150.0,9.107468016621993,610,635.0,-25.0,-12875000.0,-22768.670041554982
Weekly Wednesday Options Week 2,AUG 26,CALL,4410.0,16.333387449978545,0,14.0,-14.0,-6174000.0,-22866.742429969963
Monthly,SEP 26,CALL,4390.0,115.39620322507835,306,308.0,-2.0,-878000.0,-23079.24064501567
Weekly Wednesday Options Week 2,AUG 26,PUT,4425.0,77.52794070935624,0,3.0,-3.0,-1327500.0,-23258.38221280687
Weekly Wednesday Options Week 2,AUG 26,CALL,4245.0,118.89236202741404,0,2.0,-2.0,-849000.0,-23778.472405482808
Monthly,SEP 26,PUT,4375.0,119.13599667858398,86,88.0,-2.0,-875000.0,-23827.199335716796
Weekly Wednesday Options Week 2,AUG 26,PUT,4320.0,19.148674553064893,0,13.0,-13.0,-5616000.0,-24893.27691898436
Monthly,OCT 26,PUT,4310.0,124.88491275682009,6,8.0,-2.0,-862000.0,-24976.982551364017
Monthly,NOV 26,PUT,4505.0,251.43706603100236,0,1.0,-1.0,-450500.0,-25143.706603100236
Weekly Wednesday Options Week 2,AUG 26,CALL,4230.0,132.61276843173164,0,2.0,-2.0,-846000.0,-26522.553686346328
Weekly Wednesday Options Week 2,AUG 26,PUT,4345.0,28.741103711499818,0,10.0,-10.0,-4345000.0,-28741.103711499818
Weekly Wednesday Options Week 2,AUG 26,PUT,4450.0,97.68384781434133,0,3.0,-3.0,-1335000.0,-29305.1543443024
Weekly Wednesday Options Week 2,AUG 26,PUT,4315.0,17.544240346473998,0,17.0,-17.0,-7335500.0,-29825.208589005797
Weekly Wednesday Options Week 2,AUG 26,CALL,4060.0,299.7839553064882,0,1.0,-1.0,-406000.0,-29978.39553064882
Monthly,SEP 26,CALL,4535.0,60.51209073647124,290,295.0,-5.0,-2267500.0,-30256.045368235616
Weekly Friday Option Week 2,AUG 26,PUT,4250.0,4.557574232611728,270,337.0,-67.0,-28475000.0,-30535.74735849858
Monthly,NOV 26,CALL,4210.0,314.8715583395565,107,108.0,-1.0,-421000.0,-31487.15583395565
Monthly,OCT 26,CALL,4630.0,78.9206538105534,148,152.0,-4.0,-1852000.0,-31568.26152422136
Monthly,SEP 26,PUT,4000.0,13.18896819489197,2131,2155.0,-24.0,-9600000.0,-31653.52366774073
Weekly Wednesday Options Week 2,AUG 26,CALL,4040.0,319.77211999281917,0,1.0,-1.0,-404000.0,-31977.211999281917
Weekly Wednesday Options Week 2,AUG 26,CALL,4035.0,324.7695767662003,0,1.0,-1.0,-403500.0,-32476.957676620033
Monthly,NOV 26,PUT,4115.0,81.66831653980194,19,23.0,-4.0,-1646000.0,-32667.326615920774
Monthly,DEC 26,PUT,4600.0,326.8940181720877,958,959.0,-1.0,-460000.0,-32689.401817208774
Weekly Wednesday Options Week 2,AUG 26,CALL,4030.0,329.76713804197516,0,1.0,-1.0,-403000.0,-32976.71380419751
Weekly Wednesday Options Week 2,AUG 26,CALL,4365.0,33.2867781620871,0,10.0,-10.0,-4365000.0,-33286.7781620871
Monthly,SEP 26,PUT,4465.0,169.9628328711956,0,2.0,-2.0,-893000.0,-33992.566574239114
Monthly,DEC 26,CALL,4230.0,340.1984941004648,19,20.0,-1.0,-423000.0,-34019.84941004648
Monthly,OCT 26,CALL,4385.0,171.3763484778974,78,80.0,-2.0,-877000.0,-34275.26969557948
Monthly,OCT 26,PUT,4050.0,43.0575710774616,758,766.0,-8.0,-3240000.0,-34446.05686196928
Monthly,SEP 26,PUT,4370.0,116.61742940328895,80,83.0,-3.0,-1311000.0,-34985.22882098668
Weekly Wednesday Options Week 2,AUG 26,PUT,4260.0,5.760454475778602,0,61.0,-61.0,-25986000.0,-35138.77230224947
Weekly Wednesday Options Week 2,AUG 26,CALL,4440.0,9.332823115374822,0,38.0,-38.0,-16872000.0,-35464.727838424325
Monthly,SEP 26,CALL,4380.0,120.14974678208318,243,246.0,-3.0,-1314000.0,-36044.92403462496
Monthly,DEC 26,CALL,4190.0,364.80875537195834,358,359.0,-1.0,-419000.0,-36480.87553719583
Monthly,NOV 26,PUT,4085.0,73.33746989905762,18,23.0,-5.0,-2042500.0,-36668.734949528814
Monthly,NOV 26,CALL,4105.0,385.00652454098054,16,17.0,-1.0,-410500.0,-38500.65245409805
Weekly Wednesday Options Week 2,AUG 26,PUT,4355.0,33.3400394552923,0,12.0,-12.0,-5226000.0,-40008.04734635076
Weekly Wednesday Options Week 2,AUG 26,PUT,4230.0,2.764769414894829,0,151.0,-151.0,-63873000.0,-41748.01816491192
Monthly,DEC 26,CALL,4880.0,84.13372497656815,27,32.0,-5.0,-2440000.0,-42066.862488284074
Weekly Friday Option Week 2,AUG 26,PUT,4440.0,89.3985404594041,3,8.0,-5.0,-2220000.0,-44699.27022970205
Weekly Wednesday Options Week 2,AUG 26,PUT,4415.0,70.02749174784094,0,7.0,-7.0,-3090500.0,-49019.244223488655
Monthly,OCT 26,CALL,4230.0,258.33823787117126,53,55.0,-2.0,-846000.0,-51667.64757423425
Monthly,OCT 26,CALL,3890.0,520.5243131661709,1,2.0,-1.0,-389000.0,-52052.43131661709
Monthly,MAY 27,PUT,4000.0,131.42350426294797,2,6.0,-4.0,-1600000.0,-52569.40170517919
Monthly,DEC 26,PUT,4070.0,87.66799764584289,29,35.0,-6.0,-2442000.0,-52600.798587505735
Monthly,OCT 26,CALL,3880.0,529.3869298299719,0,1.0,-1.0,-388000.0,-52938.69298299719
Monthly,DEC 26,CALL,4350.0,272.80280376530345,1735,1737.0,-2.0,-870000.0,-54560.560753060694
Monthly,SEP 26,PUT,4495.0,189.13836387838728,3,6.0,-3.0,-1348500.0,-56741.50916351618
Weekly Wednesday Options Week 2,AUG 26,PUT,4410.0,66.41143102816932,0,9.0,-9.0,-3969000.0,-59770.287925352386
Weekly Wednesday Options Week 2,AUG 26,CALL,4415.0,14.951502542009393,0,43.0,-43.0,-18984500.0,-64291.460930640395
Weekly Wednesday Options Week 2,AUG 26,PUT,4430.0,81.40565479753195,0,8.0,-8.0,-3544000.0,-65124.52383802556
Weekly Wednesday Options Week 2,AUG 26,PUT,4380.0,46.77642151194141,0,14.0,-14.0,-6132000.0,-65486.99011671797
Monthly,DEC 26,PUT,4150.0,111.9056419497756,540,546.0,-6.0,-2490000.0,-67143.38516986536
Monthly,OCT 26,PUT,4500.0,224.05692016601688,215,218.0,-3.0,-1350000.0,-67217.07604980507
Weekly Wednesday Options Week 2,AUG 26,PUT,4240.0,3.568632068950194,0,202.0,-202.0,-85648000.0,-72086.36779279391
Monthly,SEP 26,CALL,4175.0,245.9309752623608,274,277.0,-3.0,-1252500.0,-73779.29257870823
Monthly,SEP 26,PUT,4075.0,22.872336720678277,315,348.0,-33.0,-13447500.0,-75478.71117823831
Monthly,OCT 26,CALL,4535.0,108.61354883634772,96,103.0,-7.0,-3174500.0,-76029.4841854434
Weekly Wednesday Options Week 2,AUG 26,CALL,4475.0,4.432844354058375,0,174.0,-174.0,-77865000.0,-77131.49176061573
Weekly Wednesday Options Week 2,AUG 26,PUT,4340.0,26.60724497989645,0,29.0,-29.0,-12586000.0,-77161.0104416997
Monthly,SEP 26,CALL,4480.0,78.34369276885195,169,179.0,-10.0,-4480000.0,-78343.69276885195
Weekly Wednesday Options Week 2,AUG 26,PUT,4250.0,4.557574232611728,0,175.0,-175.0,-74375000.0,-79757.54907070524
Monthly,NOV 26,CALL,4290.0,266.99379420503783,10,13.0,-3.0,-1287000.0,-80098.13826151135
Weekly Wednesday Options Week 2,AUG 26,CALL,4155.0,205.10144140483953,0,4.0,-4.0,-1662000.0,-82040.57656193581
Weekly Wednesday Options Week 2,AUG 26,PUT,4395.0,56.13663638011485,0,15.0,-15.0,-6592500.0,-84204.95457017228
Monthly,SEP 26,CALL,3515.0,859.501813510492,0,1.0,-1.0,-351500.0,-85950.18135104919
Monthly,SEP 26,CALL,3500.0,874.4200804457346,4,5.0,-1.0,-350000.0,-87442.00804457346
Weekly Wednesday Options Week 2,AUG 26,CALL,4500.0,2.446479834804734,0,360.0,-360.0,-162000000.0,-88073.27405297042
Monthly,OCT 26,CALL,4575.0,95.22316474061472,665,675.0,-10.0,-4575000.0,-95223.16474061472
Weekly Wednesday Options Week 2,AUG 26,CALL,4425.0,12.456060248246104,0,77.0,-77.0,-34072500.0,-95911.663911495
Weekly Wednesday Options Week 2,AUG 26,CALL,4380.0,26.68605169958846,0,36.0,-36.0,-15768000.0,-96069.78611851846
Monthly,DEC 26,PUT,4590.0,320.6886251440542,0,3.0,-3.0,-1377000.0,-96206.58754321626
Weekly Wednesday Options Week 2,AUG 26,CALL,4450.0,7.622239215032209,0,131.0,-131.0,-58295000.0,-99851.33371692194
Monthly,OCT 26,CALL,4325.0,202.34037689379875,114,119.0,-5.0,-2162500.0,-101170.18844689938
Monthly,NOV 26,CALL,4490.0,168.92528047423616,29,35.0,-6.0,-2694000.0,-101355.1682845417
Weekly Wednesday Options Week 2,AUG 26,PUT,4360.0,35.80610255039301,0,29.0,-29.0,-12644000.0,-103837.69739613972
Monthly,SEP 26,CALL,4255.0,190.56623675078845,35,41.0,-6.0,-2553000.0,-114339.74205047307
Monthly,SEP 26,CALL,4505.0,69.80922424973755,247,264.0,-17.0,-7658500.0,-118675.68122455385
Monthly,NOV 26,CALL,4075.0,406.49633966524334,7,10.0,-3.0,-1222500.0,-121948.901899573
Monthly,SEP 26,PUT,4100.0,27.105931339652102,886,931.0,-45.0,-18450000.0,-121976.69102843446
Weekly Wednesday Options Week 2,AUG 26,CALL,4350.0,40.882450781447005,0,31.0,-31.0,-13485000.0,-126735.59742248572
Monthly,OCT 26,CALL,3765.0,634.3969955745151,0,2.0,-2.0,-753000.0,-126879.39911490303
Monthly,OCT 26,CALL,3755.0,643.7567178669951,0,2.0,-2.0,-751000.0,-128751.34357339903
Weekly Wednesday Options Week 2,AUG 26,CALL,4025.0,334.764782611604,0,4.0,-4.0,-1610000.0,-133905.9130446416
Weekly Wednesday Options Week 2,AUG 26,PUT,4385.0,49.79115797497889,0,28.0,-28.0,-12278000.0,-139415.2423299409
Monthly,OCT 26,CALL,4450.0,141.66206399168595,2530,2540.0,-10.0,-4450000.0,-141662.06399168595
Monthly,OCT 26,CALL,3900.0,511.7113922495246,15,18.0,-3.0,-1170000.0,-153513.41767485737
Weekly Wednesday Options Week 2,AUG 26,PUT,4280.0,8.928864687067858,0,173.0,-173.0,-74044000.0,-154469.35908627394
Monthly,DEC 26,PUT,3800.0,32.96274767967736,889,938.0,-49.0,-18620000.0,-161517.46363041908
Monthly,SEP 26,CALL,4635.0,36.25386913877412,160,205.0,-45.0,-20857500.0,-163142.41112448354
Weekly Friday Option Week 2,AUG 26,CALL,4225.0,137.26963563305753,129,141.0,-12.0,-5070000.0,-164723.56275966903
Weekly Wednesday Options Week 2,AUG 26,CALL,4325.0,55.74212097915324,0,31.0,-31.0,-13407500.0,-172800.57503537505
Monthly,DEC 26,CALL,4300.0,299.7047465258197,1385,1391.0,-6.0,-2580000.0,-179822.84791549182
Monthly,DEC 26,CALL,4475.0,212.8818947572238,72,81.0,-9.0,-4027500.0,-191593.7052815014
Weekly Wednesday Options Week 2,AUG 26,PUT,4390.0,52.91188413042619,0,38.0,-38.0,-16682000.0,-201065.1596956195
Monthly,SEP 26,PUT,4250.0,65.94188712202003,1184,1215.0,-31.0,-13175000.0,-204419.8500782621
Monthly,SEP 26,PUT,4365.0,114.13152361253151,89,107.0,-18.0,-7857000.0,-205436.7425025567
Monthly,SEP 26,CALL,4325.0,148.629637264562,372,386.0,-14.0,-6055000.0,-208081.4921703868
Monthly,SEP 26,PUT,4450.0,160.78284888676035,614,627.0,-13.0,-5785000.0,-209017.70355278844
Weekly Wednesday Options Week 2,AUG 26,PUT,4365.0,38.383311091522046,0,55.0,-55.0,-24007500.0,-211108.21100337125
Weekly Wednesday Options Week 2,AUG 26,PUT,4370.0,41.07129549696174,0,56.0,-56.0,-24472000.0,-229999.25478298572
Monthly,DEC 26,CALL,4150.0,390.47233911389776,240,246.0,-6.0,-2490000.0,-234283.40346833866
Monthly,DEC 26,CALL,4850.0,90.69979375411322,1048,1074.0,-26.0,-12610000.0,-235819.46376069437
Weekly Wednesday Options Week 2,AUG 26,CALL,4320.0,59.033652272387826,0,42.0,-42.0,-18144000.0,-247941.33954402886
Weekly Wednesday Options Week 2,AUG 26,CALL,4375.0,28.776922046838536,0,87.0,-87.0,-38062500.0,-250359.22180749525
Monthly,SEP 26,PUT,4050.0,19.17088942187638,1325,1457.0,-132.0,-53460000.0,-253055.74036876822
Monthly,OCT 26,CALL,5300.0,4.323302317506943,537,1132.0,-595.0,-315350000.0,-257236.48789166313
Monthly,SEP 26,CALL,4375.0,122.57532997462886,503,524.0,-21.0,-9187500.0,-257408.1929467206
Monthly,FEB 27,CALL,4500.0,270.36076971577586,382,392.0,-10.0,-4500000.0,-270360.76971577585
Weekly Wednesday Options Week 2,AUG 26,PUT,4330.0,22.665732648586527,0,127.0,-127.0,-54991000.0,-287854.8046370489
Weekly Wednesday Options Week 2,AUG 26,PUT,4335.0,24.582566366086212,0,125.0,-125.0,-54187500.0,-307282.07957607764
Monthly,SEP 26,PUT,4350.0,106.8700984579018,566,595.0,-29.0,-12615000.0,-309923.2855279152
Weekly Wednesday Options Week 2,AUG 26,CALL,4300.0,73.19317379966651,0,49.0,-49.0,-21070000.0,-358646.5516183659
Weekly Wednesday Options Week 2,AUG 26,CALL,4400.0,19.381025028531894,0,191.0,-191.0,-84040000.0,-370177.57804495917
Weekly Wednesday Options Week 2,AUG 26,CALL,4125.0,234.89943121108809,0,16.0,-16.0,-6600000.0,-375839.08993774094
Monthly,OCT 26,CALL,5200.0,7.145429950752458,4201,4734.0,-533.0,-277160000.0,-380851.416375106
Weekly Wednesday Options Week 2,AUG 26,PUT,4400.0,59.46317735144339,0,65.0,-65.0,-28600000.0,-386510.65278438205
Weekly Wednesday Options Week 2,AUG 26,CALL,4165.0,195.2213724918456,0,20.0,-20.0,-8330000.0,-390442.74498369126
Monthly,JAN 27,CALL,4500.0,237.45377909156718,1568,1585.0,-17.0,-7650000.0,-403671.42445566424
Weekly Wednesday Options Week 2,AUG 26,PUT,4325.0,20.855088887470174,0,195.0,-195.0,-84337500.0,-406674.2333056684
Weekly Wednesday Options Week 2,AUG 26,PUT,4300.0,13.316413569784572,0,310.0,-310.0,-133300000.0,-412808.82066332176
Monthly,DEC 26,CALL,4250.0,328.2930005496569,1050,1064.0,-14.0,-5950000.0,-459610.2007695196
Monthly,SEP 26,PUT,4500.0,192.43762314703008,634,658.0,-24.0,-10800000.0,-461850.2955528722
Monthly,NOV 26,CALL,4450.0,186.0923316874007,451,477.0,-26.0,-11570000.0,-483840.0623872418
Monthly,SEP 26,CALL,4600.0,43.64785421234774,2877,2989.0,-112.0,-51520000.0,-488855.96717829467
Weekly Wednesday Options Week 2,AUG 26,PUT,4375.0,43.869346231551845,0,112.0,-112.0,-49000000.0,-491336.6777933807
Weekly Wednesday Options Week 2,AUG 26,CALL,4275.0,92.89834822591683,0,54.0,-54.0,-23085000.0,-501651.0804199509
Monthly,DEC 26,PUT,4300.0,168.59142175335592,2319,2351.0,-32.0,-13760000.0,-539492.5496107389
Monthly,SEP 26,CALL,4250.0,193.80038232389188,1615,1644.0,-29.0,-12325000.0,-562021.1087392864
Monthly,SEP 26,CALL,4200.0,227.82010196120063,1878,1903.0,-25.0,-10500000.0,-569550.2549030016
Monthly,OCT 26,CALL,4250.0,245.8464934712215,408,432.0,-24.0,-10200000.0,-590031.5843309315
Weekly Wednesday Options Week 2,AUG 26,CALL,4075.0,284.7959459165918,0,22.0,-22.0,-8965000.0,-626551.081016502
Monthly,SEP 26,CALL,4300.0,162.88235306099114,2693,2734.0,-41.0,-17630000.0,-667817.6475500637
Monthly,OCT 26,CALL,4400.0,164.16834027030973,2728,2773.0,-45.0,-19800000.0,-738757.5312163938
Weekly Wednesday Options Week 2,AUG 26,CALL,4050.0,309.7776302269949,0,24.0,-24.0,-9720000.0,-743466.3125447878
Monthly,OCT 26,CALL,4350.0,189.02302103424836,1736,1778.0,-42.0,-18270000.0,-793896.6883438431
Weekly Wednesday Options Week 2,AUG 26,CALL,4175.0,185.38166387558067,0,47.0,-47.0,-19622500.0,-871293.8202152292
Weekly Wednesday Options Week 2,AUG 26,CALL,4225.0,137.26963563305753,0,65.0,-65.0,-27462500.0,-892252.631614874
Monthly,DEC 26,CALL,4400.0,247.585120374466,1834,1875.0,-41.0,-18040000.0,-1015098.9935353105
Monthly,OCT 26,PUT,4385.0,159.9905423809937,1074,1140.0,-66.0,-28941000.0,-1055937.5797145583
Monthly,OCT 26,CALL,4300.0,216.25185981088953,3164,3215.0,-51.0,-21930000.0,-1102884.4850355366
Monthly,DEC 26,CALL,4800.0,102.57360350263707,3871,3979.0,-108.0,-51840000.0,-1107794.9178284802
Monthly,SEP 26,CALL,4350.0,135.1932641351127,1354,1446.0,-92.0,-40020000.0,-1243778.030043037
Monthly,DEC 26,CALL,4700.0,130.08554700510513,3586,3713.0,-127.0,-59690000.0,-1652086.446964835
Monthly,DEC 26,CALL,4500.0,202.1333401027971,9475,9571.0,-96.0,-43200000.0,-1940480.064986852
Monthly,DEC 26,PUT,4200.0,129.14122297506333,1362,1521.0,-159.0,-66780000.0,-2053345.445303507
Weekly Wednesday Options Week 2,AUG 26,PUT,4350.0,30.98514682796167,0,677.0,-677.0,-294495000.0,-2097694.4402530054
Monthly,SEP 26,CALL,4400.0,110.7723625969495,2649,2854.0,-205.0,-90200000.0,-2270833.433237465
Weekly Wednesday Options Week 2,AUG 26,CALL,4200.0,161.03927514859333,0,154.0,-154.0,-64680000.0,-2480004.8372883373
Weekly Wednesday Options Week 2,AUG 26,CALL,4250.0,114.41379073889038,0,236.0,-236.0,-100300000.0,-2700165.461437813
Weekly Wednesday Options Week 2,AUG 26,CALL,4150.0,210.0536250642208,0,133.0,-133.0,-55195000.0,-2793713.213354137
Monthly,NOV 26,CALL,4500.0,164.81934827824944,1088,1271.0,-183.0,-82350000.0,-3016194.0734919645
Weekly Monday Options Week 3,AUG 26,PUT,4425.0,77.52794070935624,210,600.0,-390.0,-172575000.0,-3023589.6876648935
Monthly,SEP 26,CALL,4475.0,80.13916745095071,265,857.0,-592.0,-264920000.0,-4744238.7130962815
Monthly,OCT 26,CALL,4500.0,121.446538737526,3978,4389.0,-411.0,-184950000.0,-4991452.742112318
Weekly Wednesday Options Week 2,AUG 26,CALL,4100.0,259.82917139890014,0,280.0,-280.0,-114800000.0,-7275216.799169204
