expiration_bucket,strike_price,option_type,total_open_interest,total_usd_notional,total_premium_cash,bucket_total_oi,oi_share_pct
Monthly - NOV 26,3215.0,PUT,1,321500.0,41.652429272160774,53219,0.0018790281666322178
Monthly - NOV 26,3225.0,PUT,8,2580000.0,364.3358946409805,53219,0.015032225333057743
Monthly - NOV 26,3230.0,PUT,13,4199000.0,618.8647999455166,53219,0.02442736616621883
Monthly - NOV 26,3235.0,PUT,1,323500.0,49.75040117782399,53219,0.0018790281666322178
Monthly - NOV 26,3245.0,PUT,20,6490000.0,1085.9949988357157,53219,0.03758056333264436
Monthly - NOV 26,3250.0,CALL,90,29250000.0,10356278.412683144,53219,0.1691125349968996
Monthly - NOV 26,3250.0,PUT,63,20475000.0,3572.6984975402643,53219,0.11837877449782973
Monthly - NOV 26,3255.0,PUT,19,6184500.0,1125.0528322266803,53219,0.03570153516601214
Monthly - NOV 26,3260.0,PUT,1,326000.0,61.814273766081484,53219,0.0018790281666322178
Monthly - NOV 26,3265.0,PUT,2,653000.0,129.03116612777552,53219,0.0037580563332644356
Monthly - NOV 26,3270.0,PUT,8,2616000.0,538.5639892203301,53219,0.015032225333057743
Monthly - NOV 26,3280.0,PUT,30,9840000.0,2197.638511040168,53219,0.05637084499896653
Monthly - NOV 26,3285.0,PUT,3,985500.0,229.1722929363484,53219,0.005637084499896653
Monthly - NOV 26,3290.0,PUT,2,658000.0,159.28881866417655,53219,0.0037580563332644356
Monthly - NOV 26,3295.0,PUT,11,3624500.0,913.2116425086583,53219,0.020669309832954397
Monthly - NOV 26,3300.0,PUT,130,42900000.0,11247.474380289827,53219,0.24427366166218833
Monthly - NOV 26,3310.0,PUT,4,1324000.0,375.6362606474653,53219,0.007516112666528871
Monthly - NOV 26,3315.0,PUT,11,3646500.0,1075.8804119211845,53219,0.020669309832954397
Monthly - NOV 26,3320.0,PUT,28,9296000.0,2851.702955823356,53219,0.0526127886657021
Monthly - NOV 26,3325.0,PUT,3,997500.0,318.0929232816503,53219,0.005637084499896653
Monthly - NOV 26,3330.0,PUT,3,999000.0,331.09489213079684,53219,0.005637084499896653
Monthly - NOV 26,3335.0,PUT,14,4669000.0,1607.9410581263091,53219,0.02630639433285105
Monthly - NOV 26,3345.0,PUT,5,1672500.0,621.5450827102345,53219,0.00939514083316109
Monthly - NOV 26,3350.0,PUT,213,71355000.0,27538.021244563482,53219,0.40023299949266244
Monthly - NOV 26,3355.0,PUT,3,1006500.0,403.30992041289164,53219,0.005637084499896653
Monthly - NOV 26,3360.0,PUT,17,5712000.0,2375.9950115149863,53219,0.0319434788327477
Monthly - NOV 26,3385.0,PUT,3,1015500.0,507.74200079809617,53219,0.005637084499896653
Monthly - NOV 26,3390.0,CALL,1,339000.0,101369.81222182426,53219,0.0018790281666322178
Monthly - NOV 26,3390.0,PUT,8,2712000.0,1406.00134908222,53219,0.015032225333057743
Monthly - NOV 26,3400.0,CALL,3,1020000.0,301189.1947455958,53219,0.005637084499896653
Monthly - NOV 26,3400.0,PUT,124,42160000.0,23486.444285671674,53219,0.232999492662395
Monthly - NOV 26,3405.0,PUT,1,340500.0,196.57228421204493,53219,0.0018790281666322178
Monthly - NOV 26,3410.0,PUT,2,682000.0,407.9409889786575,53219,0.0037580563332644356
Monthly - NOV 26,3420.0,PUT,9,3078000.0,1975.4071446475884,53219,0.01691125349968996
Monthly - NOV 26,3425.0,PUT,3,1027500.0,682.8696710263955,53219,0.005637084499896653
Monthly - NOV 26,3430.0,PUT,16,5488000.0,3776.2340258953827,53219,0.030064450666115485
Monthly - NOV 26,3440.0,PUT,45,15480000.0,11411.8827991301,53219,0.0845562674984498
Monthly - NOV 26,3445.0,CALL,1,344500.0,96027.9759165443,53219,0.0018790281666322178
Monthly - NOV 26,3450.0,PUT,53,18285000.0,14431.470323354491,53219,0.09958849283150754
Monthly - NOV 26,3455.0,PUT,1,345500.0,282.0733898273673,53219,0.0018790281666322178
Monthly - NOV 26,3460.0,PUT,31,10726000.0,9056.770009980446,53219,0.05824987316559875
Monthly - NOV 26,3465.0,PUT,5,1732500.0,1512.7029867910123,53219,0.00939514083316109
Monthly - NOV 26,3470.0,PUT,7,2429000.0,2192.686615774329,53219,0.013153197166425525
Monthly - NOV 26,3475.0,PUT,19,6602500.0,6160.985768476886,53219,0.03570153516601214
Monthly - NOV 26,3480.0,PUT,1,348000.0,335.6126003879325,53219,0.0018790281666322178
Monthly - NOV 26,3485.0,PUT,1,348500.0,347.29924902388376,53219,0.0018790281666322178
Monthly - NOV 26,3495.0,PUT,2,699000.0,743.4268471621863,53219,0.0037580563332644356
Monthly - NOV 26,3500.0,CALL,1,350000.0,90720.74230251528,53219,0.0018790281666322178
Monthly - NOV 26,3500.0,PUT,775,271250000.0,297954.1725687488,53219,1.4562468291399688
Monthly - NOV 26,3505.0,PUT,1,350500.0,397.56912194993674,53219,0.0018790281666322178
Monthly - NOV 26,3510.0,PUT,25,8775000.0,10276.452918920995,53219,0.046975704165805446
Monthly - NOV 26,3515.0,PUT,5,1757500.0,2124.6620834519945,53219,0.00939514083316109
Monthly - NOV 26,3520.0,PUT,6,2112000.0,2635.203446752402,53219,0.011274168999793307
Monthly - NOV 26,3525.0,PUT,17,5992500.0,7715.8114170958825,53219,0.0319434788327477
Monthly - NOV 26,3530.0,PUT,1,353000.0,468.95325933396066,53219,0.0018790281666322178
Monthly - NOV 26,3535.0,PUT,172,60802000.0,83326.34185884583,53219,0.32319284466074144
Monthly - NOV 26,3540.0,PUT,76,26904000.0,38029.4065710617,53219,0.14280614066404856
Monthly - NOV 26,3545.0,PUT,55,19497500.0,28421.621348826637,53219,0.10334654916477198
Monthly - NOV 26,3550.0,PUT,426,151230000.0,227302.60715751705,53219,0.8004659989853249
Monthly - NOV 26,3555.0,PUT,2,711000.0,1101.6972457586435,53219,0.0037580563332644356
Monthly - NOV 26,3560.0,PUT,22,7832000.0,12508.969281262473,53219,0.04133861966590879
Monthly - NOV 26,3575.0,PUT,48,17160000.0,29985.9566037655,53219,0.09019335199834645
Monthly - NOV 26,3585.0,PUT,7,2509500.0,4652.413547913769,53219,0.013153197166425525
Monthly - NOV 26,3595.0,PUT,21,7549500.0,14839.784660027075,53219,0.039459591499276574
Monthly - NOV 26,3600.0,CALL,3,1080000.0,243582.18838972598,53219,0.005637084499896653
Monthly - NOV 26,3600.0,PUT,1461,525960000.0,1064314.5761940316,53219,2.74526015144967
Monthly - NOV 26,3605.0,PUT,3,1081500.0,2252.6027909219183,53219,0.005637084499896653
Monthly - NOV 26,3615.0,PUT,2,723000.0,1594.696408807613,53219,0.0037580563332644356
Monthly - NOV 26,3620.0,PUT,3,1086000.0,2464.3988700996433,53219,0.005637084499896653
Monthly - NOV 26,3625.0,PUT,2,725000.0,1692.3680650784434,53219,0.0037580563332644356
Monthly - NOV 26,3630.0,PUT,10,3630000.0,8715.124081821188,53219,0.01879028166632218
Monthly - NOV 26,3635.0,PUT,9,3271500.0,8077.162420170918,53219,0.01691125349968996
Monthly - NOV 26,3640.0,PUT,15,5460000.0,13860.681779155257,53219,0.028185422499483265
Monthly - NOV 26,3645.0,PUT,13,4738500.0,12366.543228058275,53219,0.02442736616621883
Monthly - NOV 26,3650.0,PUT,142,51830000.0,139040.03298819155,53219,0.2668219996617749
Monthly - NOV 26,3655.0,PUT,37,13523500.0,37285.07462834932,53219,0.06952404216539206
Monthly - NOV 26,3660.0,PUT,52,19032000.0,53920.50400147283,53219,0.09770946466487532
Monthly - NOV 26,3665.0,PUT,33,12094500.0,35206.08096922207,53219,0.06200792949886319
Monthly - NOV 26,3670.0,PUT,67,24589000.0,73530.553065982,53219,0.1258948871643586
Monthly - NOV 26,3675.0,PUT,311,114292500.0,351058.22312341974,53219,0.5843777598226197
Monthly - NOV 26,3680.0,PUT,82,30176000.0,95190.82528731957,53219,0.15408030966384187
Monthly - NOV 26,3685.0,PUT,16,5896000.0,19098.565492280657,53219,0.030064450666115485
Monthly - NOV 26,3690.0,PUT,20,7380000.0,24544.12951523858,53219,0.03758056333264436
Monthly - NOV 26,3695.0,PUT,25,9237500.0,31537.85589185894,53219,0.046975704165805446
Monthly - NOV 26,3700.0,CALL,3,1110000.0,215674.40654866333,53219,0.005637084499896653
Monthly - NOV 26,3700.0,PUT,845,312650000.0,1095623.461267213,53219,1.5877788008042242
Monthly - NOV 26,3705.0,PUT,33,12226500.0,43971.294381309395,53219,0.06200792949886319
Monthly - NOV 26,3710.0,PUT,26,9646000.0,35597.367726496705,53219,0.04885473233243766
Monthly - NOV 26,3715.0,PUT,7,2600500.0,9846.244767098107,53219,0.013153197166425525
Monthly - NOV 26,3720.0,PUT,3,1116000.0,4334.719591951489,53219,0.005637084499896653
Monthly - NOV 26,3725.0,PUT,33,12292500.0,48973.401144630814,53219,0.06200792949886319
Monthly - NOV 26,3730.0,PUT,10,3730000.0,15240.267650794864,53219,0.01879028166632218
Monthly - NOV 26,3735.0,PUT,4,1494000.0,6259.488366302708,53219,0.007516112666528871
Monthly - NOV 26,3740.0,PUT,27,10098000.0,43377.960668778745,53219,0.05073376049906988
Monthly - NOV 26,3745.0,PUT,98,36701000.0,161621.2714918535,53219,0.18414476032995736
Monthly - NOV 26,3750.0,PUT,369,138375000.0,624606.8266531295,53219,0.6933613934872884
Monthly - NOV 26,3755.0,PUT,7,2628500.0,12159.828245677028,53219,0.013153197166425525
Monthly - NOV 26,3760.0,PUT,7,2632000.0,12477.221538935617,53219,0.013153197166425525
Monthly - NOV 26,3765.0,PUT,4,1506000.0,7314.960229345479,53219,0.007516112666528871
Monthly - NOV 26,3770.0,PUT,40,15080000.0,75038.83220776038,53219,0.07516112666528872
Monthly - NOV 26,3775.0,PUT,35,13212500.0,67345.79150126762,53219,0.06576598583212763
Monthly - NOV 26,3780.0,PUT,9,3402000.0,17760.033877264068,53219,0.01691125349968996
Monthly - NOV 26,3785.0,PUT,7,2649500.0,14164.49128463733,53219,0.013153197166425525
Monthly - NOV 26,3790.0,PUT,6,2274000.0,12447.981258632137,53219,0.011274168999793307
Monthly - NOV 26,3795.0,PUT,7,2656500.0,14887.912099965666,53219,0.013153197166425525
Monthly - NOV 26,3800.0,CALL,3,1140000.0,188712.6657941324,53219,0.005637084499896653
Monthly - NOV 26,3800.0,PUT,702,266760000.0,1530398.6297246497,53219,1.319077772975817
Monthly - NOV 26,3805.0,PUT,7,2663500.0,15640.156239252263,53219,0.013153197166425525
Monthly - NOV 26,3810.0,PUT,14,5334000.0,32054.634967627986,53219,0.02630639433285105
Monthly - NOV 26,3815.0,PUT,77,29375500.0,180641.57401297535,53219,0.14468516883068078
Monthly - NOV 26,3820.0,PUT,130,49660000.0,312449.0574937442,53219,0.24427366166218833
Monthly - NOV 26,3825.0,PUT,35,13387500.0,86170.33086116021,53219,0.06576598583212763
Monthly - NOV 26,3830.0,PUT,21,8043000.0,52955.136628760396,53219,0.039459591499276574
Monthly - NOV 26,3835.0,PUT,108,41418000.0,278905.53507636057,53219,0.2029350419962795
Monthly - NOV 26,3840.0,PUT,7,2688000.0,18510.65381773335,53219,0.013153197166425525
Monthly - NOV 26,3845.0,PUT,46,17687000.0,124542.59651290899,53219,0.08643529566508201
Monthly - NOV 26,3850.0,PUT,436,167860000.0,1208451.4991495465,53219,0.819256280651647
Monthly - NOV 26,3855.0,PUT,18,6939000.0,51067.481329967064,53219,0.03382250699937992
Monthly - NOV 26,3860.0,PUT,16,6176000.0,46458.792811422885,53219,0.030064450666115485
Monthly - NOV 26,3865.0,PUT,15,5797500.0,44572.01487123686,53219,0.028185422499483265
Monthly - NOV 26,3870.0,PUT,34,13158000.0,103376.14114914827,53219,0.0638869576654954
Monthly - NOV 26,3875.0,PUT,83,32162500.0,258188.8379742925,53219,0.15595933783047408
Monthly - NOV 26,3880.0,PUT,13,5044000.0,41368.3813344355,53219,0.02442736616621883
Monthly - NOV 26,3885.0,PUT,30,11655000.0,97647.31917396864,53219,0.05637084499896653
Monthly - NOV 26,3890.0,PUT,172,66908000.0,572571.534252409,53219,0.32319284466074144
Monthly - NOV 26,3895.0,PUT,11,4284500.0,37445.94731968948,53219,0.020669309832954397
Monthly - NOV 26,3900.0,CALL,3,1170000.0,163002.60782044503,53219,0.005637084499896653
Monthly - NOV 26,3900.0,PUT,447,174330000.0,1555891.6014338383,53219,0.8399255904846014
Monthly - NOV 26,3905.0,PUT,59,23039500.0,209958.08247634504,53219,0.11086266183130086
Monthly - NOV 26,3910.0,PUT,121,47311000.0,440173.68412042013,53219,0.22736240816249834
Monthly - NOV 26,3915.0,PUT,12,4698000.0,44619.80441458568,53219,0.022548337999586613
Monthly - NOV 26,3920.0,PUT,200,78400000.0,760035.652204308,53219,0.37580563332644357
Monthly - NOV 26,3925.0,PUT,85,33362500.0,330088.6073181857,53219,0.1597173941637385
Monthly - NOV 26,3930.0,PUT,23,9039000.0,91263.56274462995,53219,0.043217647832541006
Monthly - NOV 26,3935.0,PUT,42,16527000.0,170265.79999337206,53219,0.07891918299855315
Monthly - NOV 26,3940.0,CALL,12,4728000.0,612557.8325919949,53219,0.022548337999586613
Monthly - NOV 26,3940.0,PUT,10,3940000.0,41413.077338271476,53219,0.01879028166632218
Monthly - NOV 26,3945.0,PUT,12,4734000.0,50760.88471127205,53219,0.022548337999586613
Monthly - NOV 26,3950.0,CALL,1,395000.0,50238.36561493968,53219,0.0018790281666322178
Monthly - NOV 26,3950.0,PUT,111,43845000.0,479548.6283259489,53219,0.20857212649617618
Monthly - NOV 26,3955.0,PUT,111,43900500.0,489717.8513148557,53219,0.20857212649617618
Monthly - NOV 26,3960.0,CALL,1,396000.0,49435.96683803234,53219,0.0018790281666322178
Monthly - NOV 26,3960.0,PUT,219,86724000.0,986579.6151079619,53219,0.41150716849245567
Monthly - NOV 26,3965.0,PUT,22,8723000.0,101187.71591536785,53219,0.04133861966590879
Monthly - NOV 26,3970.0,PUT,35,13895000.0,164339.7059963379,53219,0.06576598583212763
Monthly - NOV 26,3975.0,PUT,21,8347500.0,100650.42252007498,53219,0.039459591499276574
Monthly - NOV 26,3980.0,PUT,123,48954000.0,601694.439422715,53219,0.2311204644957628
Monthly - NOV 26,3985.0,CALL,1,398500.0,47455.63477725441,53219,0.0018790281666322178
Monthly - NOV 26,3985.0,PUT,108,43038000.0,539165.6159872877,53219,0.2029350419962795
Monthly - NOV 26,3990.0,CALL,1,399000.0,47064.062652894565,53219,0.0018790281666322178
Monthly - NOV 26,3990.0,PUT,19,7581000.0,96790.51068456785,53219,0.03570153516601214
Monthly - NOV 26,3995.0,PUT,13,5193500.0,67570.43491583611,53219,0.02442736616621883
Monthly - NOV 26,4000.0,CALL,36,14400000.0,1666278.191932563,53219,0.06764501399875984
Monthly - NOV 26,4000.0,PUT,576,230400000.0,3054384.401143049,53219,1.0823202239801575
Monthly - NOV 26,4005.0,CALL,1,400500.0,45898.542824691685,53219,0.0018790281666322178
Monthly - NOV 26,4005.0,PUT,56,22428000.0,302922.1157965351,53219,0.1052255773314042
Monthly - NOV 26,4010.0,CALL,2,802000.0,91026.27872731737,53219,0.0037580563332644356
Monthly - NOV 26,4010.0,PUT,5,2005000.0,27587.27671019949,53219,0.00939514083316109
Monthly - NOV 26,4015.0,PUT,21,8431500.0,118170.30327063754,53219,0.039459591499276574
Monthly - NOV 26,4020.0,PUT,6,2412000.0,34430.641884212084,53219,0.011274168999793307
Monthly - NOV 26,4025.0,PUT,144,57960000.0,842589.3911521797,53219,0.27058005599503937
Monthly - NOV 26,4030.0,CALL,194,78182000.0,8533543.0880703,53219,0.3645314643266503
Monthly - NOV 26,4030.0,PUT,9,3627000.0,53692.13439650717,53219,0.01691125349968996
Monthly - NOV 26,4035.0,CALL,2,807000.0,87219.7817299947,53219,0.0037580563332644356
Monthly - NOV 26,4035.0,PUT,26,10491000.0,158128.96779964824,53219,0.04885473233243766
Monthly - NOV 26,4040.0,CALL,2,808000.0,86468.13969553041,53219,0.0037580563332644356
Monthly - NOV 26,4040.0,PUT,14,5656000.0,86794.36732937074,53219,0.02630639433285105
Monthly - NOV 26,4045.0,CALL,1,404500.0,42859.882774425525,53219,0.0018790281666322178
Monthly - NOV 26,4045.0,PUT,21,8494500.0,132697.86389475423,53219,0.039459591499276574
Monthly - NOV 26,4050.0,CALL,375,151875000.0,15932752.437028376,53219,0.7046355624870817
Monthly - NOV 26,4050.0,PUT,231,93555000.0,1487625.7390086178,53219,0.43405550649204233
Monthly - NOV 26,4055.0,PUT,4,1622000.0,26250.33924184463,53219,0.007516112666528871
Monthly - NOV 26,4060.0,CALL,1,406000.0,41747.22640575296,53219,0.0018790281666322178
Monthly - NOV 26,4060.0,PUT,4,1624000.0,26747.581804785113,53219,0.007516112666528871
Monthly - NOV 26,4065.0,CALL,15,6097500.0,620695.134081384,53219,0.028185422499483265
Monthly - NOV 26,4065.0,PUT,8,3252000.0,54503.0396606011,53219,0.015032225333057743
Monthly - NOV 26,4070.0,CALL,5,2035000.0,205069.041492196,53219,0.00939514083316109
Monthly - NOV 26,4070.0,PUT,31,12617000.0,215156.9866761431,53219,0.05824987316559875
Monthly - NOV 26,4075.0,CALL,7,2852500.0,284547.43776567036,53219,0.013153197166425525
Monthly - NOV 26,4075.0,PUT,73,29747500.0,516103.35204229975,53219,0.1371690561641519
Monthly - NOV 26,4080.0,CALL,39,15912000.0,1571199.3157806038,53219,0.0732820984986565
Monthly - NOV 26,4080.0,PUT,183,74664000.0,1317777.9154109864,53219,0.34386215449369584
Monthly - NOV 26,4085.0,CALL,88,35948000.0,3513523.324161966,53219,0.16535447866363517
Monthly - NOV 26,4085.0,PUT,18,7353000.0,132007.44581830373,53219,0.03382250699937992
Monthly - NOV 26,4090.0,CALL,11,4499000.0,435240.9753994625,53219,0.020669309832954397
Monthly - NOV 26,4090.0,PUT,18,7362000.0,134428.36114137116,53219,0.03382250699937992
Monthly - NOV 26,4095.0,CALL,13,5323500.0,509730.6602047349,53219,0.02442736616621883
Monthly - NOV 26,4095.0,PUT,19,7780500.0,144484.87256996127,53219,0.03570153516601214
Monthly - NOV 26,4100.0,CALL,330,135300000.0,12821977.833591128,53219,0.6200792949886319
Monthly - NOV 26,4100.0,PUT,811,332510000.0,6279110.5537717035,53219,1.5238918431387285
Monthly - NOV 26,4105.0,CALL,16,6568000.0,616010.4392655689,53219,0.030064450666115485
Monthly - NOV 26,4105.0,PUT,5,2052500.0,39410.696299486175,53219,0.00939514083316109
Monthly - NOV 26,4110.0,CALL,29,11919000.0,1106308.8691062513,53219,0.05449181683233431
Monthly - NOV 26,4110.0,PUT,15,6165000.0,120354.05708736676,53219,0.028185422499483265
Monthly - NOV 26,4115.0,CALL,27,11110500.0,1020553.4043387519,53219,0.05073376049906988
Monthly - NOV 26,4115.0,PUT,19,7818500.0,155169.80142562368,53219,0.03570153516601214
Monthly - NOV 26,4120.0,CALL,21,8652000.0,786444.50107914,53219,0.039459591499276574
Monthly - NOV 26,4120.0,PUT,71,29252000.0,590139.9919505924,53219,0.13341099983088744
Monthly - NOV 26,4125.0,CALL,109,44962500.0,4044224.9649555916,53219,0.20481407016291175
Monthly - NOV 26,4125.0,PUT,299,123337500.0,2529124.1993850693,53219,0.5618294218230332
Monthly - NOV 26,4130.0,CALL,16,6608000.0,588128.1842630692,53219,0.030064450666115485
Monthly - NOV 26,4130.0,PUT,12,4956000.0,103286.09826926477,53219,0.022548337999586613
Monthly - NOV 26,4135.0,CALL,63,26050500.0,2294134.6848519905,53219,0.11837877449782973
Monthly - NOV 26,4135.0,PUT,33,13645500.0,288998.65214643534,53219,0.06200792949886319
Monthly - NOV 26,4140.0,CALL,12,4968000.0,432881.5556597307,53219,0.022548337999586613
Monthly - NOV 26,4140.0,PUT,18,7452000.0,160374.54463896403,53219,0.03382250699937992
Monthly - NOV 26,4145.0,CALL,11,4559500.0,393072.8872768442,53219,0.020669309832954397
Monthly - NOV 26,4145.0,PUT,115,47667500.0,1042321.8318218156,53219,0.21608823916270506
Monthly - NOV 26,4150.0,CALL,527,218705000.0,18653771.53551615,53219,0.9902478438151788
Monthly - NOV 26,4150.0,PUT,443,183845000.0,4084218.7809350616,53219,0.8324094778180725
Monthly - NOV 26,4155.0,CALL,16,6648000.0,560963.6170688645,53219,0.030064450666115485
Monthly - NOV 26,4155.0,PUT,17,7063500.0,159410.12097431117,53219,0.0319434788327477
Monthly - NOV 26,4160.0,CALL,12,4992000.0,416713.5715496881,53219,0.022548337999586613
Monthly - NOV 26,4160.0,PUT,233,96928000.0,2222005.9310956807,53219,0.43781356282530676
Monthly - NOV 26,4165.0,CALL,18,7497000.0,619089.6979914135,53219,0.03382250699937992
Monthly - NOV 26,4165.0,PUT,113,47064500.0,1095849.4334505778,53219,0.21233018282944063
Monthly - NOV 26,4170.0,CALL,11,4587000.0,374698.0141524687,53219,0.020669309832954397
Monthly - NOV 26,4170.0,PUT,47,19599000.0,463462.3763760589,53219,0.08831432383171424
Monthly - NOV 26,4175.0,CALL,12,5010000.0,404818.6591748821,53219,0.022548337999586613
Monthly - NOV 26,4175.0,PUT,8,3340000.0,80206.95491407733,53219,0.015032225333057743
Monthly - NOV 26,4180.0,CALL,6,2508000.0,200449.05217184543,53219,0.011274168999793307
Monthly - NOV 26,4180.0,PUT,9,3762000.0,91734.22591529964,53219,0.01691125349968996
Monthly - NOV 26,4185.0,CALL,1,418500.0,33083.32289268542,53219,0.0018790281666322178
Monthly - NOV 26,4185.0,PUT,46,19251000.0,476623.2318660661,53219,0.08643529566508201
Monthly - NOV 26,4190.0,CALL,12,5028000.0,393124.0372646593,53219,0.022548337999586613
Monthly - NOV 26,4190.0,PUT,71,29749000.0,747766.5655553726,53219,0.13341099983088744
Monthly - NOV 26,4195.0,CALL,23,9648500.0,746102.0920760898,53219,0.043217647832541006
Monthly - NOV 26,4195.0,PUT,6,2517000.0,64226.06232674193,53219,0.011274168999793307
Monthly - NOV 26,4200.0,CALL,501,210420000.0,16092111.466170272,53219,0.9413931114827412
Monthly - NOV 26,4200.0,PUT,363,152460000.0,3948946.537663837,53219,0.682087224487495
Monthly - NOV 26,4205.0,CALL,12,5046000.0,381631.51404888486,53219,0.022548337999586613
Monthly - NOV 26,4205.0,PUT,78,32799000.0,862275.8906317772,53219,0.146564196997313
Monthly - NOV 26,4210.0,CALL,107,45047000.0,3369125.6742332545,53219,0.2010560138296473
Monthly - NOV 26,4210.0,PUT,54,22734000.0,606575.7403516069,53219,0.10146752099813976
Monthly - NOV 26,4215.0,CALL,4,1686000.0,124694.3063651961,53219,0.007516112666528871
Monthly - NOV 26,4215.0,PUT,7,2950500.0,79889.88101244447,53219,0.013153197166425525
Monthly - NOV 26,4220.0,CALL,6,2532000.0,185171.35731700537,53219,0.011274168999793307
Monthly - NOV 26,4220.0,PUT,10,4220000.0,115946.91746209605,53219,0.01879028166632218
Monthly - NOV 26,4225.0,CALL,121,51122500.0,3696805.185300176,53219,0.22736240816249834
Monthly - NOV 26,4225.0,PUT,7,2957500.0,82449.10195319855,53219,0.013153197166425525
Monthly - NOV 26,4230.0,CALL,4,1692000.0,120976.91559506583,53219,0.007516112666528871
Monthly - NOV 26,4230.0,PUT,29,12267000.0,346958.8527944089,53219,0.05449181683233431
Monthly - NOV 26,4235.0,CALL,66,27951000.0,1975924.931519642,53219,0.12401585899772638
Monthly - NOV 26,4235.0,PUT,53,22445500.0,644038.0498718661,53219,0.09958849283150754
Monthly - NOV 26,4240.0,CALL,3,1272000.0,88902.5866722197,53219,0.005637084499896653
Monthly - NOV 26,4240.0,PUT,12,5088000.0,148093.62773128122,53219,0.022548337999586613
Monthly - NOV 26,4245.0,CALL,16,6792000.0,469312.7909047573,53219,0.030064450666115485
Monthly - NOV 26,4245.0,PUT,15,6367500.0,187987.87237680654,53219,0.028185422499483265
Monthly - NOV 26,4250.0,CALL,338,143650000.0,9812755.646939052,53219,0.6351115203216896
Monthly - NOV 26,4250.0,PUT,628,266900000.0,7991822.584502407,53219,1.1800296886450328
Monthly - NOV 26,4255.0,CALL,25,10637500.0,718337.8667350245,53219,0.046975704165805446
Monthly - NOV 26,4255.0,PUT,28,11914000.0,361789.6989388224,53219,0.0526127886657021
Monthly - NOV 26,4260.0,CALL,5,2130000.0,142185.660034432,53219,0.00939514083316109
Monthly - NOV 26,4260.0,PUT,121,51546000.0,1587303.8117899548,53219,0.22736240816249834
Monthly - NOV 26,4265.0,CALL,2,853000.0,56285.35229275812,53219,0.0037580563332644356
Monthly - NOV 26,4265.0,PUT,196,83594000.0,2610189.382288291,53219,0.3682895206599147
Monthly - NOV 26,4270.0,CALL,3,1281000.0,83550.44875564546,53219,0.005637084499896653
Monthly - NOV 26,4270.0,PUT,5,2135000.0,67591.50756159693,53219,0.00939514083316109
Monthly - NOV 26,4275.0,CALL,94,40185000.0,2590598.1347237034,53219,0.17662864766342848
Monthly - NOV 26,4275.0,PUT,81,34627500.0,1111420.590540981,53219,0.15220128149720963
Monthly - NOV 26,4280.0,CALL,2,856000.0,54541.786740393305,53219,0.0037580563332644356
Monthly - NOV 26,4280.0,PUT,11,4708000.0,153187.27501784547,53219,0.020669309832954397
Monthly - NOV 26,4285.0,CALL,17,7284500.0,458730.8514265149,53219,0.0319434788327477
Monthly - NOV 26,4285.0,PUT,124,53134000.0,1752482.7716960926,53219,0.232999492662395
Monthly - NOV 26,4290.0,CALL,10,4290000.0,266993.7942050378,53219,0.01879028166632218
Monthly - NOV 26,4290.0,PUT,7,3003000.0,100391.70802102976,53219,0.013153197166425525
Monthly - NOV 26,4295.0,CALL,111,47674500.0,2932234.8251771554,53219,0.20857212649617618
Monthly - NOV 26,4295.0,PUT,4,1718000.0,58209.43366874435,53219,0.007516112666528871
Monthly - NOV 26,4300.0,CALL,1418,609740000.0,37060310.097855434,53219,2.664461940284485
Monthly - NOV 26,4300.0,PUT,1035,445050000.0,15281758.88374024,53219,1.9447941524643453
Monthly - NOV 26,4305.0,CALL,20,8610000.0,517133.0532423408,53219,0.03758056333264436
Monthly - NOV 26,4305.0,PUT,4,1722000.0,59918.20694465868,53219,0.007516112666528871
Monthly - NOV 26,4310.0,CALL,30,12930000.0,767388.8067286958,53219,0.05637084499896653
Monthly - NOV 26,4310.0,PUT,2,862000.0,30392.122543420875,53219,0.0037580563332644356
Monthly - NOV 26,4315.0,CALL,2,863000.0,50609.088171381336,53219,0.0037580563332644356
Monthly - NOV 26,4315.0,PUT,6,2589000.0,92487.08263890448,53219,0.011274168999793307
Monthly - NOV 26,4320.0,CALL,20,8640000.0,500628.0958019697,53219,0.03758056333264436
Monthly - NOV 26,4320.0,PUT,59,25488000.0,922459.6772716232,53219,0.11086266183130086
Monthly - NOV 26,4325.0,CALL,259,112017500.0,6412894.2228077175,53219,0.4866682951577444
Monthly - NOV 26,4325.0,PUT,2,865000.0,31714.499310685052,53219,0.0037580563332644356
Monthly - NOV 26,4330.0,CALL,20,8660000.0,489819.1587234505,53219,0.03758056333264436
Monthly - NOV 26,4330.0,PUT,21,9093000.0,337712.2044187756,53219,0.039459591499276574
Monthly - NOV 26,4335.0,CALL,55,23842500.0,1332300.7775149709,53219,0.10334654916477198
Monthly - NOV 26,4335.0,PUT,8,3468000.0,130462.09131645647,53219,0.015032225333057743
Monthly - NOV 26,4340.0,CALL,13,5642000.0,311457.72866272606,53219,0.02442736616621883
Monthly - NOV 26,4340.0,PUT,18,7812000.0,297646.79474161385,53219,0.03382250699937992
Monthly - NOV 26,4345.0,CALL,18,7821000.0,426507.59661353106,53219,0.03382250699937992
Monthly - NOV 26,4350.0,CALL,461,200535000.0,10802792.267992457,53219,0.8662319848174523
Monthly - NOV 26,4350.0,PUT,37,16095000.0,628929.9109764472,53219,0.06952404216539206
Monthly - NOV 26,4355.0,CALL,5,2177500.0,115869.26595380419,53219,0.00939514083316109
Monthly - NOV 26,4355.0,PUT,2,871000.0,34464.210663741236,53219,0.0037580563332644356
Monthly - NOV 26,4360.0,CALL,22,9592000.0,504157.6861768406,53219,0.04133861966590879
Monthly - NOV 26,4360.0,PUT,9,3924000.0,157212.4131935965,53219,0.01691125349968996
Monthly - NOV 26,4365.0,CALL,7,3055500.0,158624.22457304387,53219,0.013153197166425525
Monthly - NOV 26,4365.0,PUT,9,3928500.0,159353.3363846134,53219,0.01691125349968996
Monthly - NOV 26,4370.0,CALL,33,14421000.0,739427.2701799656,53219,0.06200792949886319
Monthly - NOV 26,4370.0,PUT,10,4370000.0,179457.450363788,53219,0.01879028166632218
Monthly - NOV 26,4375.0,CALL,48,21000000.0,1063445.1509824793,53219,0.09019335199834645
Monthly - NOV 26,4375.0,PUT,101,44187500.0,1836937.5686870217,53219,0.189781844829854
Monthly - NOV 26,4380.0,CALL,133,58254000.0,2913399.951395445,53219,0.24991074616208497
Monthly - NOV 26,4380.0,PUT,22,9636000.0,405486.2122759305,53219,0.04133861966590879
Monthly - NOV 26,4385.0,CALL,52,22802000.0,1126182.2782044746,53219,0.09770946466487532
Monthly - NOV 26,4385.0,PUT,7,3069500.0,130737.70839695512,53219,0.013153197166425525
Monthly - NOV 26,4390.0,CALL,7,3073000.0,149879.59946682554,53219,0.013153197166425525
Monthly - NOV 26,4390.0,PUT,125,54875000.0,2365546.3300571055,53219,0.23487852082902722
Monthly - NOV 26,4395.0,CALL,4,1758000.0,84669.28025146917,53219,0.007516112666528871
Monthly - NOV 26,4395.0,PUT,6,2637000.0,115043.12794576035,53219,0.011274168999793307
Monthly - NOV 26,4400.0,CALL,868,381920000.0,18163069.41692937,53219,1.6309964486367652
Monthly - NOV 26,4400.0,PUT,90,39600000.0,1748273.8574033887,53219,0.1691125349968996
Monthly - NOV 26,4405.0,CALL,11,4845500.0,227534.9348077997,53219,0.020669309832954397
Monthly - NOV 26,4405.0,PUT,2,881000.0,39357.19856321648,53219,0.0037580563332644356
Monthly - NOV 26,4410.0,CALL,27,11907000.0,552061.2761420126,53219,0.05073376049906988
Monthly - NOV 26,4410.0,PUT,18,7938000.0,358809.3800291474,53219,0.03382250699937992
Monthly - NOV 26,4415.0,CALL,43,18984500.0,869045.126065995,53219,0.08079821116518536
Monthly - NOV 26,4415.0,PUT,251,110816500.0,5067947.925230799,53219,0.4716360698246867
Monthly - NOV 26,4420.0,CALL,12,5304000.0,239710.85313276036,53219,0.022548337999586613
Monthly - NOV 26,4420.0,PUT,20,8840000.0,409002.31112041,53219,0.03758056333264436
Monthly - NOV 26,4425.0,CALL,59,26107500.0,1164858.745974425,53219,0.11086266183130086
Monthly - NOV 26,4425.0,PUT,84,37170000.0,1739733.6609100911,53219,0.1578383659971063
Monthly - NOV 26,4430.0,CALL,13,5759000.0,253665.62923893647,53219,0.02442736616621883
Monthly - NOV 26,4430.0,PUT,19,8417000.0,398506.42659541604,53219,0.03570153516601214
Monthly - NOV 26,4435.0,CALL,16,7096000.0,308544.2745636195,53219,0.030064450666115485
Monthly - NOV 26,4435.0,PUT,12,5322000.0,254866.01050362425,53219,0.022548337999586613
Monthly - NOV 26,4440.0,CALL,19,8436000.0,362086.6876066944,53219,0.03570153516601214
Monthly - NOV 26,4440.0,PUT,5,2220000.0,107527.73219839128,53219,0.00939514083316109
Monthly - NOV 26,4445.0,CALL,80,35560000.0,1506581.3982084873,53219,0.15032225333057744
Monthly - NOV 26,4445.0,PUT,8,3556000.0,174193.24111542082,53219,0.015032225333057743
Monthly - NOV 26,4450.0,CALL,451,200695000.0,8392764.159101771,53219,0.8474417031511302
Monthly - NOV 26,4450.0,PUT,65,28925000.0,1432902.6489224124,53219,0.12213683083109417
Monthly - NOV 26,4455.0,CALL,40,17820000.0,735523.4729813846,53219,0.07516112666528872
Monthly - NOV 26,4455.0,PUT,12,5346000.0,267804.541197224,53219,0.022548337999586613
Monthly - NOV 26,4460.0,CALL,29,12934000.0,526895.8945642005,53219,0.05449181683233431
Monthly - NOV 26,4460.0,PUT,1,446000.0,22591.31753242991,53219,0.0018790281666322178
Monthly - NOV 26,4465.0,CALL,58,25897000.0,1041183.5137831477,53219,0.10898363366466862
Monthly - NOV 26,4470.0,CALL,35,15645000.0,620757.5444080438,53219,0.06576598583212763
Monthly - NOV 26,4470.0,PUT,1,447000.0,23145.494035582487,53219,0.0018790281666322178
Monthly - NOV 26,4475.0,CALL,75,33562500.0,1314171.6619368964,53219,0.14092711249741632
Monthly - NOV 26,4475.0,PUT,23,10292500.0,538783.9315413352,53219,0.043217647832541006
Monthly - NOV 26,4480.0,CALL,120,53760000.0,2077261.4074697564,53219,0.22548337999586612
Monthly - NOV 26,4485.0,CALL,34,15249000.0,581420.171416127,53219,0.0638869576654954
Monthly - NOV 26,4485.0,PUT,1,448500.0,23990.763392416102,53219,0.0018790281666322178
Monthly - NOV 26,4490.0,CALL,29,13021000.0,489883.3133752849,53219,0.05449181683233431
Monthly - NOV 26,4490.0,PUT,13,5837000.0,315591.0351048141,53219,0.02442736616621883
Monthly - NOV 26,4495.0,CALL,11,4944500.0,183549.41516863002,53219,0.020669309832954397
Monthly - NOV 26,4495.0,PUT,3,1348500.0,73690.65359627748,53219,0.005637084499896653
Monthly - NOV 26,4500.0,CALL,1088,489600000.0,17932345.09267354,53219,2.044382645295853
Monthly - NOV 26,4500.0,PUT,129,58050000.0,3205999.701380505,53219,0.2423946334955561
Monthly - NOV 26,4505.0,CALL,31,13965500.0,504661.2530849287,53219,0.05824987316559875
Monthly - NOV 26,4510.0,CALL,122,55022000.0,1961599.6634990203,53219,0.22924143632913058
Monthly - NOV 26,4510.0,PUT,15,6765000.0,381547.98623081524,53219,0.028185422499483265
Monthly - NOV 26,4515.0,CALL,41,18511500.0,651071.8082916868,53219,0.07704015483192093
Monthly - NOV 26,4515.0,PUT,7,3160500.0,180118.27510561357,53219,0.013153197166425525
Monthly - NOV 26,4520.0,CALL,5,2260000.0,78413.66144098868,53219,0.00939514083316109
Monthly - NOV 26,4520.0,PUT,5,2260000.0,130138.24775306215,53219,0.00939514083316109
Monthly - NOV 26,4525.0,CALL,62,28055000.0,960223.4877197382,53219,0.1164997463311975
Monthly - NOV 26,4525.0,PUT,19,8597500.0,500192.63537257275,53219,0.03570153516601214
Monthly - NOV 26,4530.0,CALL,4,1812000.0,61176.09445318576,53219,0.007516112666528871
Monthly - NOV 26,4530.0,PUT,40,18120000.0,1065040.4595649433,53219,0.07516112666528872
Monthly - NOV 26,4535.0,CALL,60,27210000.0,906142.1773183965,53219,0.11274168999793306
Monthly - NOV 26,4535.0,PUT,10,4535000.0,269278.92804506654,53219,0.01879028166632218
Monthly - NOV 26,4540.0,CALL,75,34050000.0,1118438.0118101297,53219,0.14092711249741632
Monthly - NOV 26,4540.0,PUT,6,2724000.0,163389.39188024725,53219,0.011274168999793307
Monthly - NOV 26,4545.0,CALL,3,1363500.0,44173.28484709285,53219,0.005637084499896653
Monthly - NOV 26,4545.0,PUT,1,454500.0,27537.022078310067,53219,0.0018790281666322178
Monthly - NOV 26,4550.0,CALL,344,156520000.0,5001115.665397432,53219,0.6463856893214829
Monthly - NOV 26,4550.0,PUT,3,1365000.0,83532.76811084057,53219,0.005637084499896653
Monthly - NOV 26,4555.0,CALL,53,24141500.0,760740.5665253305,53219,0.09958849283150754
Monthly - NOV 26,4555.0,PUT,1,455500.0,28153.26000417581,53219,0.0018790281666322178
Monthly - NOV 26,4560.0,CALL,47,21432000.0,666028.8670400901,53219,0.08831432383171424
Monthly - NOV 26,4565.0,CALL,9,4108500.0,125908.32240737307,53219,0.01691125349968996
Monthly - NOV 26,4570.0,CALL,10,4570000.0,138105.47982409183,53219,0.01879028166632218
Monthly - NOV 26,4570.0,PUT,1,457000.0,29090.818311886003,53219,0.0018790281666322178
Monthly - NOV 26,4575.0,CALL,30,13725000.0,408990.67347946676,53219,0.05637084499896653
Monthly - NOV 26,4575.0,PUT,3,1372500.0,88220.48425649591,53219,0.005637084499896653
Monthly - NOV 26,4580.0,CALL,53,24274000.0,713233.1495220278,53219,0.09958849283150754
Monthly - NOV 26,4580.0,PUT,14,6412000.0,416143.9825081546,53219,0.02630639433285105
Monthly - NOV 26,4585.0,CALL,61,27968500.0,810272.7885931326,53219,0.11462071816456529
Monthly - NOV 26,4590.0,CALL,50,22950000.0,655540.408263363,53219,0.09395140833161089
Monthly - NOV 26,4590.0,PUT,1,459000.0,30365.219721568883,53219,0.0018790281666322178
Monthly - NOV 26,4595.0,CALL,10,4595000.0,129401.64239708724,53219,0.01879028166632218
Monthly - NOV 26,4600.0,CALL,3289,1512940000.0,42004544.2362148,53219,6.180123640053364
Monthly - NOV 26,4600.0,PUT,72,33120000.0,2232914.5924758655,53219,0.13529002799751969
Monthly - NOV 26,4605.0,CALL,31,14275500.0,390723.0287162304,53219,0.05824987316559875
Monthly - NOV 26,4610.0,CALL,8,3688000.0,99507.20278008266,53219,0.015032225333057743
Monthly - NOV 26,4610.0,PUT,4,1844000.0,126667.8125225475,53219,0.007516112666528871
Monthly - NOV 26,4615.0,CALL,37,17075500.0,454156.76120347035,53219,0.06952404216539206
Monthly - NOV 26,4620.0,CALL,28,12936000.0,339143.8464269783,53219,0.0526127886657021
Monthly - NOV 26,4625.0,CALL,41,18962500.0,490020.15886377555,53219,0.07704015483192093
Monthly - NOV 26,4630.0,CALL,71,32873000.0,837288.1746472963,53219,0.13341099983088744
Monthly - NOV 26,4635.0,CALL,54,25029000.0,628317.6150868934,53219,0.10146752099813976
Monthly - NOV 26,4640.0,CALL,197,91408000.0,2261532.9839182915,53219,0.3701685488265469
Monthly - NOV 26,4640.0,PUT,90,41760000.0,3030266.4737303853,53219,0.1691125349968996
Monthly - NOV 26,4645.0,CALL,109,50630500.0,1234516.189692027,53219,0.20481407016291175
Monthly - NOV 26,4645.0,PUT,4,1858000.0,136036.54613099643,53219,0.007516112666528871
Monthly - NOV 26,4650.0,CALL,414,192510000.0,4625797.339814629,53219,0.7779176609857382
Monthly - NOV 26,4650.0,PUT,80,37200000.0,2748020.701031881,53219,0.15032225333057744
Monthly - NOV 26,4655.0,CALL,80,37240000.0,881809.1576923489,53219,0.15032225333057744
Monthly - NOV 26,4655.0,PUT,1,465500.0,34692.98501463677,53219,0.0018790281666322178
Monthly - NOV 26,4660.0,CALL,20,9320000.0,217468.0040300582,53219,0.03758056333264436
Monthly - NOV 26,4665.0,CALL,29,13528500.0,311047.3708504012,53219,0.05449181683233431
Monthly - NOV 26,4670.0,CALL,29,13543000.0,306811.8427076597,53219,0.05449181683233431
Monthly - NOV 26,4675.0,CALL,301,140717500.0,3141005.0341563188,53219,0.5655874781562976
Monthly - NOV 26,4680.0,CALL,52,24336000.0,535199.7960286265,53219,0.09770946466487532
Monthly - NOV 26,4685.0,CALL,18,8433000.0,182716.60381080277,53219,0.03382250699937992
Monthly - NOV 26,4690.0,CALL,76,35644000.0,760842.0061761773,53219,0.14280614066404856
Monthly - NOV 26,4695.0,CALL,13,6103500.0,128345.93017858012,53219,0.02442736616621883
Monthly - NOV 26,4700.0,CALL,1494,702180000.0,14545534.96305791,53219,2.8072680809485338
Monthly - NOV 26,4700.0,PUT,57,26790000.0,2157344.862431433,53219,0.10710460549803642
Monthly - NOV 26,4705.0,CALL,10,4705000.0,96006.79176864287,53219,0.01879028166632218
Monthly - NOV 26,4710.0,CALL,18,8478000.0,170404.02003741224,53219,0.03382250699937992
Monthly - NOV 26,4710.0,PUT,1,471000.0,38566.148919329135,53219,0.0018790281666322178
Monthly - NOV 26,4715.0,CALL,26,12259000.0,242699.33342983705,53219,0.04885473233243766
Monthly - NOV 26,4720.0,CALL,21,9912000.0,193279.1376472338,53219,0.039459591499276574
Monthly - NOV 26,4725.0,CALL,34,16065000.0,308530.14876074734,53219,0.0638869576654954
Monthly - NOV 26,4725.0,PUT,2,945000.0,79308.56195478281,53219,0.0037580563332644356
Monthly - NOV 26,4730.0,CALL,10,4730000.0,89465.2274785983,53219,0.01879028166632218
Monthly - NOV 26,4735.0,CALL,10,4735000.0,88200.78200741818,53219,0.01879028166632218
Monthly - NOV 26,4740.0,CALL,8,3792000.0,69560.57902261855,53219,0.015032225333057743
Monthly - NOV 26,4745.0,CALL,9,4270500.0,77143.4560956615,53219,0.01691125349968996
Monthly - NOV 26,4750.0,CALL,974,462650000.0,8229653.498435062,53219,1.83017343429978
Monthly - NOV 26,4750.0,PUT,10,4750000.0,414968.77611593483,53219,0.01879028166632218
Monthly - NOV 26,4755.0,CALL,12,5706000.0,99943.02612716437,53219,0.022548337999586613
Monthly - NOV 26,4755.0,PUT,1,475500.0,41869.66218820366,53219,0.0018790281666322178
Monthly - NOV 26,4760.0,CALL,10,4760000.0,82092.32677153364,53219,0.01879028166632218
Monthly - NOV 26,4770.0,CALL,30,14310000.0,239240.3863323509,53219,0.05637084499896653
Monthly - NOV 26,4775.0,CALL,128,61120000.0,1006010.7013188681,53219,0.24051560532892388
Monthly - NOV 26,4780.0,CALL,126,60228000.0,975944.8795682327,53219,0.23675754899565946
Monthly - NOV 26,4785.0,CALL,32,15312000.0,244258.4385449656,53219,0.06012890133223097
Monthly - NOV 26,4790.0,CALL,21,10059000.0,157959.77354143842,53219,0.039459591499276574
Monthly - NOV 26,4795.0,CALL,3,1438500.0,22236.111583495767,53219,0.005637084499896653
Monthly - NOV 26,4800.0,CALL,1389,666720000.0,10144555.153262246,53219,2.6099701234521504
Monthly - NOV 26,4800.0,PUT,13,6240000.0,588723.0682927998,53219,0.02442736616621883
Monthly - NOV 26,4805.0,CALL,8,3844000.0,57570.06601425128,53219,0.015032225333057743
Monthly - NOV 26,4810.0,CALL,5,2405000.0,35451.57606180362,53219,0.00939514083316109
Monthly - NOV 26,4815.0,CALL,25,12037500.0,174641.39646706998,53219,0.046975704165805446
Monthly - NOV 26,4820.0,CALL,3,1446000.0,20646.80919121372,53219,0.005637084499896653
Monthly - NOV 26,4820.0,PUT,1,482000.0,46839.30539519188,53219,0.0018790281666322178
Monthly - NOV 26,4825.0,CALL,7,3377500.0,47461.02453710878,53219,0.013153197166425525
Monthly - NOV 26,4830.0,CALL,2,966000.0,13358.550573587081,53219,0.0037580563332644356
Monthly - NOV 26,4835.0,CALL,16,7736000.0,105274.33654894031,53219,0.030064450666115485
Monthly - NOV 26,4840.0,CALL,20,9680000.0,129624.96272952876,53219,0.03758056333264436
Monthly - NOV 26,4840.0,PUT,2,968000.0,96824.85005617718,53219,0.0037580563332644356
Monthly - NOV 26,4845.0,CALL,6,2907000.0,38304.42676294715,53219,0.011274168999793307
Monthly - NOV 26,4845.0,PUT,10,4845000.0,488087.8332547622,53219,0.01879028166632218
Monthly - NOV 26,4850.0,CALL,731,354535000.0,4596604.421890186,53219,1.3735695898081512
Monthly - NOV 26,4850.0,PUT,10,4850000.0,492063.5204933401,53219,0.01879028166632218
Monthly - NOV 26,4855.0,CALL,18,8739000.0,111480.0827702243,53219,0.03382250699937992
Monthly - NOV 26,4860.0,CALL,129,62694000.0,786869.1484218638,53219,0.2423946334955561
Monthly - NOV 26,4865.0,CALL,9,4378500.0,54066.26547932885,53219,0.01691125349968996
Monthly - NOV 26,4870.0,CALL,20,9740000.0,118322.66948826691,53219,0.03758056333264436
Monthly - NOV 26,4875.0,CALL,15,7312500.0,87390.93531016487,53219,0.028185422499483265
Monthly - NOV 26,4880.0,CALL,26,12688000.0,149165.61574572226,53219,0.04885473233243766
Monthly - NOV 26,4885.0,CALL,8,3908000.0,45194.82581269476,53219,0.015032225333057743
Monthly - NOV 26,4890.0,CALL,6,2934000.0,33376.166772647004,53219,0.011274168999793307
Monthly - NOV 26,4895.0,CALL,2,979000.0,10954.304843922091,53219,0.0037580563332644356
Monthly - NOV 26,4900.0,CALL,3616,1771840000.0,19500063.856107373,53219,6.7945658505421
Monthly - NOV 26,4900.0,PUT,13,6370000.0,692202.1255038854,53219,0.02442736616621883
Monthly - NOV 26,4905.0,CALL,11,5395500.0,58403.14929852018,53219,0.020669309832954397
Monthly - NOV 26,4910.0,CALL,52,25532000.0,271810.4187866666,53219,0.09770946466487532
Monthly - NOV 26,4915.0,CALL,1,491500.0,5145.945198823039,53219,0.0018790281666322178
Monthly - NOV 26,4915.0,PUT,3,1474500.0,163440.45507308524,53219,0.005637084499896653
Monthly - NOV 26,4920.0,CALL,6,2952000.0,30394.993518795196,53219,0.011274168999793307
Monthly - NOV 26,4925.0,CALL,27,13297500.0,134642.9085412224,53219,0.05073376049906988
Monthly - NOV 26,4930.0,CALL,42,20706000.0,206167.97998591745,53219,0.07891918299855315
Monthly - NOV 26,4935.0,CALL,39,19246500.0,188439.54533572274,53219,0.0732820984986565
Monthly - NOV 26,4935.0,PUT,25,12337500.0,1403503.2733191666,53219,0.046975704165805446
Monthly - NOV 26,4940.0,CALL,33,16302000.0,156942.37762197695,53219,0.06200792949886319
Monthly - NOV 26,4945.0,CALL,15,7417500.0,70213.35857757641,53219,0.028185422499483265
Monthly - NOV 26,4950.0,CALL,255,126225000.0,1174773.7794714812,53219,0.4791521824912155
Monthly - NOV 26,4950.0,PUT,11,5445000.0,631355.0060078391,53219,0.020669309832954397
Monthly - NOV 26,4955.0,CALL,6,2973000.0,27204.095286504253,53219,0.011274168999793307
Monthly - NOV 26,4960.0,CALL,16,7936000.0,71392.96375829581,53219,0.030064450666115485
Monthly - NOV 26,4960.0,PUT,2,992000.0,116476.16897490944,53219,0.0037580563332644356
Monthly - NOV 26,4965.0,CALL,2,993000.0,8782.15821951933,53219,0.0037580563332644356
Monthly - NOV 26,4970.0,CALL,14,6958000.0,60494.87631630814,53219,0.02630639433285105
Monthly - NOV 26,4975.0,CALL,10,4975000.0,42520.00815047302,53219,0.01879028166632218
Monthly - NOV 26,4980.0,CALL,5,2490000.0,20919.41970147542,53219,0.00939514083316109
Monthly - NOV 26,4985.0,CALL,8,3988000.0,32933.61742686575,53219,0.015032225333057743
Monthly - NOV 26,4990.0,CALL,23,11477000.0,93160.25293949837,53219,0.043217647832541006
Monthly - NOV 26,4995.0,CALL,4,1998000.0,15940.420156138907,53219,0.007516112666528871
Monthly - NOV 26,5000.0,CALL,1381,690500000.0,5414445.675338204,53219,2.5949378981190927
Monthly - NOV 26,5000.0,PUT,255,127500000.0,15719469.134929001,53219,0.4791521824912155
Monthly - NOV 26,5005.0,CALL,16,8008000.0,61714.110822902694,53219,0.030064450666115485
Monthly - NOV 26,5010.0,CALL,15,7515000.0,56917.20550169521,53219,0.028185422499483265
Monthly - NOV 26,5015.0,CALL,2,1003000.0,7465.412180770591,53219,0.0037580563332644356
Monthly - NOV 26,5020.0,CALL,44,22088000.0,161559.18331478402,53219,0.08267723933181759
Monthly - NOV 26,5020.0,PUT,30,15060000.0,1901107.4266147895,53219,0.05637084499896653
Monthly - NOV 26,5025.0,CALL,4,2010000.0,14447.006120361903,53219,0.007516112666528871
Monthly - NOV 26,5030.0,CALL,23,11569000.0,81708.7061142307,53219,0.043217647832541006
Monthly - NOV 26,5035.0,CALL,4,2014000.0,13976.772085567472,53219,0.007516112666528871
Monthly - NOV 26,5040.0,CALL,27,13608000.0,92789.9279344559,53219,0.05073376049906988
Monthly - NOV 26,5045.0,CALL,17,8576500.0,57459.25442279644,53219,0.0319434788327477
Monthly - NOV 26,5050.0,CALL,265,133825000.0,880875.9749541522,53219,0.49794246415753773
Monthly - NOV 26,5055.0,CALL,2,1011000.0,6537.934596532523,53219,0.0037580563332644356
Monthly - NOV 26,5055.0,PUT,8,4044000.0,531377.2990259647,53219,0.015032225333057743
Monthly - NOV 26,5060.0,CALL,12,6072000.0,38576.01746698947,53219,0.022548337999586613
Monthly - NOV 26,5065.0,CALL,7,3545500.0,22128.076198739825,53219,0.013153197166425525
Monthly - NOV 26,5070.0,CALL,39,19773000.0,121228.19289639014,53219,0.0732820984986565
Monthly - NOV 26,5075.0,CALL,58,29435000.0,177273.72881141526,53219,0.10898363366466862
Monthly - NOV 26,5080.0,CALL,32,16256000.0,96167.36290052067,53219,0.06012890133223097
Monthly - NOV 26,5085.0,CALL,29,14746500.0,85688.21067591265,53219,0.05449181683233431
Monthly - NOV 26,5090.0,CALL,6,3054000.0,17430.253519759288,53219,0.011274168999793307
Monthly - NOV 26,5095.0,CALL,6,3057000.0,17136.303126707004,53219,0.011274168999793307
Monthly - NOV 26,5100.0,CALL,1907,972570000.0,5354440.414933762,53219,3.5833067137676395
Monthly - NOV 26,5105.0,CALL,9,4594500.0,24842.055199519426,53219,0.01691125349968996
Monthly - NOV 26,5110.0,CALL,35,17885000.0,94968.33041554144,53219,0.06576598583212763
Monthly - NOV 26,5115.0,CALL,9,4603500.0,24005.080595006886,53219,0.01691125349968996
Monthly - NOV 26,5120.0,CALL,60,30720000.0,157306.25417945522,53219,0.11274168999793306
Monthly - NOV 26,5125.0,CALL,30,15375000.0,77309.75188978329,53219,0.05637084499896653
Monthly - NOV 26,5130.0,CALL,2,1026000.0,5065.770802821351,53219,0.0037580563332644356
Monthly - NOV 26,5135.0,CALL,4,2054000.0,9957.774894461772,53219,0.007516112666528871
Monthly - NOV 26,5145.0,CALL,8,4116000.0,19236.174790070938,53219,0.015032225333057743
Monthly - NOV 26,5150.0,CALL,138,71070000.0,326097.5288302283,53219,0.25930588699524604
Monthly - NOV 26,5155.0,CALL,4,2062000.0,9288.64713516807,53219,0.007516112666528871
Monthly - NOV 26,5160.0,CALL,2,1032000.0,4563.845204548761,53219,0.0037580563332644356
Monthly - NOV 26,5165.0,CALL,3,1549500.0,6726.900616158832,53219,0.005637084499896653
Monthly - NOV 26,5170.0,CALL,14,7238000.0,30846.015688780586,53219,0.02630639433285105
Monthly - NOV 26,5175.0,CALL,12,6210000.0,25978.497550975975,53219,0.022548337999586613
Monthly - NOV 26,5180.0,CALL,69,35742000.0,146766.89552651762,53219,0.12965294349762302
Monthly - NOV 26,5185.0,CALL,3,1555500.0,6269.472750048016,53219,0.005637084499896653
Monthly - NOV 26,5190.0,CALL,5,2595000.0,10265.853355659232,53219,0.00939514083316109
Monthly - NOV 26,5195.0,CALL,78,40521000.0,157332.88584201882,53219,0.146564196997313
Monthly - NOV 26,5200.0,CALL,1576,819520000.0,3122953.84793425,53219,2.961348390612375
Monthly - NOV 26,5200.0,PUT,82,42640000.0,6514677.671343871,53219,0.15408030966384187
Monthly - NOV 26,5205.0,CALL,5,2602500.0,9733.038101542661,53219,0.00939514083316109
Monthly - NOV 26,5215.0,CALL,11,5736500.0,20661.56433577699,53219,0.020669309832954397
Monthly - NOV 26,5225.0,CALL,2,1045000.0,3624.3605957480327,53219,0.0037580563332644356
Monthly - NOV 26,5230.0,CALL,75,39225000.0,133491.99601997924,53219,0.14092711249741632
Monthly - NOV 26,5235.0,CALL,6,3141000.0,10488.721430025907,53219,0.011274168999793307
Monthly - NOV 26,5240.0,CALL,3,1572000.0,5150.562929641791,53219,0.005637084499896653
Monthly - NOV 26,5245.0,CALL,3,1573500.0,5058.266090918425,53219,0.005637084499896653
Monthly - NOV 26,5250.0,CALL,169,88725000.0,279833.0165430742,53219,0.3175557601608448
Monthly - NOV 26,5260.0,CALL,3,1578000.0,4790.1802069088435,53219,0.005637084499896653
Monthly - NOV 26,5260.0,PUT,1,526000.0,84984.86939057015,53219,0.0018790281666322178
Monthly - NOV 26,5265.0,CALL,7,3685500.0,10975.269827764816,53219,0.013153197166425525
Monthly - NOV 26,5265.0,PUT,2,1053000.0,170899.14730264182,53219,0.0037580563332644356
Monthly - NOV 26,5270.0,CALL,15,7905000.0,23092.9789805046,53219,0.028185422499483265
Monthly - NOV 26,5275.0,CALL,6,3165000.0,9069.774294949639,53219,0.011274168999793307
Monthly - NOV 26,5285.0,CALL,3,1585500.0,4371.541716192354,53219,0.005637084499896653
Monthly - NOV 26,5290.0,CALL,7,3703000.0,10014.357282011384,53219,0.013153197166425525
Monthly - NOV 26,5300.0,CALL,912,483360000.0,1257472.6548914488,53219,1.7136736879685828
Monthly - NOV 26,5305.0,CALL,3,1591500.0,4060.616927679058,53219,0.005637084499896653
Monthly - NOV 26,5310.0,CALL,3,1593000.0,3986.0639170723116,53219,0.005637084499896653
Monthly - NOV 26,5315.0,CALL,6,3189000.0,7825.492901993903,53219,0.011274168999793307
Monthly - NOV 26,5320.0,CALL,3,1596000.0,3840.64699250724,53219,0.005637084499896653
Monthly - NOV 26,5325.0,CALL,10,5325000.0,12565.827303756123,53219,0.01879028166632218
Monthly - NOV 26,5330.0,CALL,6,3198000.0,7400.065764346141,53219,0.011274168999793307
Monthly - NOV 26,5335.0,CALL,12,6402000.0,14525.936344209538,53219,0.022548337999586613
Monthly - NOV 26,5340.0,CALL,5,2670000.0,5940.141679216453,53219,0.00939514083316109
Monthly - NOV 26,5345.0,CALL,10,5345000.0,11659.39678323781,53219,0.01879028166632218
Monthly - NOV 26,5350.0,CALL,19,10165000.0,21740.241683883876,53219,0.03570153516601214
Monthly - NOV 26,5360.0,CALL,2,1072000.0,2203.770916089735,53219,0.0037580563332644356
Monthly - NOV 26,5365.0,CALL,2,1073000.0,2162.506902122931,53219,0.0037580563332644356
Monthly - NOV 26,5370.0,CALL,9,4833000.0,9548.751317335356,53219,0.01691125349968996
Monthly - NOV 26,5375.0,CALL,38,20425000.0,39559.407324909385,53219,0.07140307033202428
Monthly - NOV 26,5380.0,CALL,5,2690000.0,5107.211666578877,53219,0.00939514083316109
Monthly - NOV 26,5385.0,CALL,9,4846500.0,9019.64885643019,53219,0.01691125349968996
Monthly - NOV 26,5390.0,CALL,2,1078000.0,1966.5093092591007,53219,0.0037580563332644356
Monthly - NOV 26,5395.0,CALL,26,14027000.0,25080.945176060493,53219,0.04885473233243766
Monthly - NOV 26,5395.0,PUT,6,3237000.0,586069.4860412545,53219,0.011274168999793307
Monthly - NOV 26,5400.0,CALL,444,239760000.0,420188.0899957777,53219,0.8342885059847047
Monthly - NOV 26,5400.0,PUT,6,3240000.0,588921.0048886227,53219,0.011274168999793307
Monthly - NOV 26,5415.0,CALL,24,12996000.0,21441.59081766013,53219,0.045096675999173226
Monthly - NOV 26,5420.0,CALL,35,18970000.0,30672.347132413972,53219,0.06576598583212763
Monthly - NOV 26,5425.0,CALL,2,1085000.0,1719.2062530866565,53219,0.0037580563332644356
Monthly - NOV 26,5430.0,CALL,5,2715000.0,4215.730643067274,53219,0.00939514083316109
Monthly - NOV 26,5445.0,CALL,26,14157000.0,20682.647454010446,53219,0.04885473233243766
Monthly - NOV 26,5450.0,CALL,465,253425000.0,362772.41006742854,53219,0.8737480974839814
Monthly - NOV 26,5460.0,CALL,12,6552000.0,9003.628159198775,53219,0.022548337999586613
Monthly - NOV 26,5465.0,CALL,2,1093000.0,1471.5426276398318,53219,0.0037580563332644356
Monthly - NOV 26,5470.0,CALL,5,2735000.0,3607.4927639633215,53219,0.00939514083316109
Monthly - NOV 26,5470.0,PUT,2,1094000.0,209676.24817877478,53219,0.0037580563332644356
Monthly - NOV 26,5475.0,PUT,1,547500.0,105317.64084902516,53219,0.0018790281666322178
Monthly - NOV 26,5480.0,CALL,4,2192000.0,2774.8466669292725,53219,0.007516112666528871
Monthly - NOV 26,5485.0,CALL,2,1097000.0,1360.3791628812814,53219,0.0037580563332644356
Monthly - NOV 26,5490.0,CALL,4,2196000.0,2667.639386273936,53219,0.007516112666528871
Monthly - NOV 26,5500.0,CALL,769,422950000.0,492976.7302670112,53219,1.4449726601401753
Monthly - OCT 26,3215.0,PUT,2,643000.0,9.754583239499093,117429,0.0017031568011308962
Monthly - OCT 26,3220.0,PUT,3,966000.0,15.57133947742626,117429,0.0025547352016963443
Monthly - OCT 26,3225.0,PUT,6,1935000.0,33.13122900910983,117429,0.005109470403392689
Monthly - OCT 26,3230.0,PUT,3,969000.0,17.617545153790015,117429,0.0025547352016963443
Monthly - OCT 26,3235.0,PUT,7,2264500.0,43.703575032030486,117429,0.005961048803958136
Monthly - OCT 26,3240.0,PUT,5,1620000.0,33.1773224285119,117429,0.00425789200282724
Monthly - OCT 26,3245.0,PUT,5,1622500.0,35.249424312044255,117429,0.00425789200282724
Monthly - OCT 26,3250.0,PUT,78,25350000.0,584.0449607797932,117429,0.06642311524410495
Monthly - OCT 26,3255.0,PUT,22,7161000.0,174.90556906370313,117429,0.01873472481243986
Monthly - OCT 26,3260.0,PUT,4,1304000.0,33.75440936885461,117429,0.0034063136022617923
Monthly - OCT 26,3265.0,PUT,5,1632500.0,44.77040632903196,117429,0.00425789200282724
Monthly - OCT 26,3275.0,PUT,23,7532500.0,231.6516196229736,117429,0.019586303213005304
Monthly - OCT 26,3280.0,PUT,36,11808000.0,384.3680412383072,117429,0.030656822420356132
Monthly - OCT 26,3285.0,PUT,7,2299500.0,79.20336300811704,117429,0.005961048803958136
Monthly - OCT 26,3290.0,PUT,4,1316000.0,47.9480088284415,117429,0.0034063136022617923
Monthly - OCT 26,3295.0,PUT,9,2965500.0,114.2570292250479,117429,0.007664205605089033
Monthly - OCT 26,3300.0,PUT,464,153120000.0,6236.6834113121995,117429,0.3951323778623679
Monthly - OCT 26,3305.0,PUT,4,1322000.0,56.905875526823024,117429,0.0034063136022617923
Monthly - OCT 26,3310.0,PUT,9,2979000.0,135.47768230451834,117429,0.007664205605089033
Monthly - OCT 26,3315.0,PUT,3,994500.0,47.76854269959472,117429,0.0025547352016963443
Monthly - OCT 26,3320.0,PUT,7,2324000.0,117.86429113810568,117429,0.005961048803958136
Monthly - OCT 26,3325.0,PUT,55,18287500.0,978.9916170093157,117429,0.04683681203109964
Monthly - OCT 26,3330.0,PUT,15,4995000.0,282.16870162464545,117429,0.01277367600848172
Monthly - OCT 26,3335.0,PUT,6,2001000.0,119.24494186636565,117429,0.005109470403392689
Monthly - OCT 26,3340.0,CALL,1,334000.0,104747.4114417641,117429,0.0008515784005654481
Monthly - OCT 26,3340.0,PUT,17,5678000.0,356.84467687101017,117429,0.014476832809612617
Monthly - OCT 26,3345.0,PUT,16,5352000.0,354.6197583858486,117429,0.01362525440904717
Monthly - OCT 26,3350.0,PUT,154,51590000.0,3602.8649251670927,117429,0.131143073687079
Monthly - OCT 26,3355.0,PUT,6,2013000.0,148.12729541727344,117429,0.005109470403392689
Monthly - OCT 26,3360.0,PUT,44,14784000.0,1145.9508074953847,117429,0.03746944962487972
Monthly - OCT 26,3365.0,PUT,21,7066500.0,576.8136365989502,117429,0.01788314641187441
Monthly - OCT 26,3370.0,PUT,7,2359000.0,202.71750675753032,117429,0.005961048803958136
Monthly - OCT 26,3375.0,PUT,52,17550000.0,1587.260505325194,117429,0.0442820768294033
Monthly - OCT 26,3380.0,PUT,2,676000.0,64.32825359175318,117429,0.0017031568011308962
Monthly - OCT 26,3385.0,PUT,6,2031000.0,203.2945568723001,117429,0.005109470403392689
Monthly - OCT 26,3390.0,PUT,8,2712000.0,285.45893593159093,117429,0.006812627204523585
Monthly - OCT 26,3395.0,PUT,36,12222000.0,1352.4222708855675,117429,0.030656822420356132
Monthly - OCT 26,3400.0,PUT,529,179860000.0,20916.991696631867,117429,0.45048497389912207
Monthly - OCT 26,3405.0,PUT,18,6129000.0,748.9071102212339,117429,0.015328411210178066
Monthly - OCT 26,3410.0,PUT,15,5115000.0,656.5039392511203,117429,0.01277367600848172
Monthly - OCT 26,3415.0,PUT,2,683000.0,92.05470794929802,117429,0.0017031568011308962
Monthly - OCT 26,3420.0,PUT,24,8208000.0,1161.387249526203,117429,0.020437881613570755
Monthly - OCT 26,3425.0,CALL,1,342500.0,96351.4777202677,117429,0.0008515784005654481
Monthly - OCT 26,3425.0,PUT,9,3082500.0,457.7607609257509,117429,0.007664205605089033
Monthly - OCT 26,3430.0,PUT,10,3430000.0,534.4502628950743,117429,0.00851578400565448
Monthly - OCT 26,3435.0,PUT,10,3435000.0,561.4357964641954,117429,0.00851578400565448
Monthly - OCT 26,3440.0,PUT,10,3440000.0,589.6238253594852,117429,0.00851578400565448
Monthly - OCT 26,3445.0,PUT,47,16191500.0,2909.5812089983133,117429,0.04002418482657606
Monthly - OCT 26,3450.0,PUT,161,55545000.0,10461.629429952302,117429,0.13710412249103712
Monthly - OCT 26,3455.0,PUT,6,2073000.0,409.11868874124264,117429,0.005109470403392689
Monthly - OCT 26,3460.0,PUT,118,40828000.0,8440.905086069222,117429,0.10048625126672288
Monthly - OCT 26,3465.0,PUT,10,3465000.0,750.2410549560068,117429,0.00851578400565448
Monthly - OCT 26,3470.0,PUT,4,1388000.0,314.65892373501845,117429,0.0034063136022617923
Monthly - OCT 26,3475.0,PUT,217,75407500.0,17893.899382162836,117429,0.18479251292270224
Monthly - OCT 26,3480.0,PUT,22,7656000.0,1901.1642209345325,117429,0.01873472481243986
Monthly - OCT 26,3485.0,PUT,6,2091000.0,543.2339851758308,117429,0.005109470403392689
Monthly - OCT 26,3490.0,PUT,5,1745000.0,474.1677202055712,117429,0.00425789200282724
Monthly - OCT 26,3495.0,PUT,4,1398000.0,397.2248163219916,117429,0.0034063136022617923
Monthly - OCT 26,3500.0,CALL,11,3850000.0,978670.4904942013,117429,0.00936736240621993
Monthly - OCT 26,3500.0,PUT,1146,401100000.0,119141.7652371607,117429,0.9759088470480034
Monthly - OCT 26,3505.0,PUT,24,8412000.0,2611.456785478822,117429,0.020437881613570755
Monthly - OCT 26,3510.0,PUT,9,3159000.0,1024.6982223395044,117429,0.007664205605089033
Monthly - OCT 26,3515.0,PUT,28,9842000.0,3334.905879125148,117429,0.023844195215832545
Monthly - OCT 26,3520.0,PUT,15,5280000.0,1868.4419572403854,117429,0.01277367600848172
Monthly - OCT 26,3525.0,PUT,42,14805000.0,5470.054935611209,117429,0.03576629282374882
Monthly - OCT 26,3530.0,PUT,37,13061000.0,5037.208486469797,117429,0.03150840082092158
Monthly - OCT 26,3535.0,PUT,2,707000.0,284.5484836071648,117429,0.0017031568011308962
Monthly - OCT 26,3540.0,PUT,14,4956000.0,2081.06275835254,117429,0.011922097607916272
Monthly - OCT 26,3545.0,PUT,61,21624500.0,9471.333563890064,117429,0.051946282434492334
Monthly - OCT 26,3550.0,PUT,280,99400000.0,45400.14961653776,117429,0.23844195215832545
Monthly - OCT 26,3555.0,PUT,25,8887500.0,4232.057137971292,117429,0.021289460014136202
Monthly - OCT 26,3560.0,PUT,48,17088000.0,8481.249132734763,117429,0.04087576322714151
Monthly - OCT 26,3565.0,PUT,84,29946000.0,15488.175011225956,117429,0.07153258564749763
Monthly - OCT 26,3570.0,PUT,7,2499000.0,1346.5335749087444,117429,0.005961048803958136
Monthly - OCT 26,3575.0,PUT,8,2860000.0,1605.1056476067004,117429,0.006812627204523585
Monthly - OCT 26,3580.0,PUT,7,2506000.0,1464.5458180033174,117429,0.005961048803958136
Monthly - OCT 26,3585.0,PUT,50,17925000.0,10905.950066319505,117429,0.042578920028272405
Monthly - OCT 26,3590.0,PUT,17,6103000.0,3864.815623085427,117429,0.014476832809612617
Monthly - OCT 26,3595.0,PUT,21,7549500.0,4974.893411581668,117429,0.01788314641187441
Monthly - OCT 26,3600.0,CALL,17,6120000.0,1346402.9074573747,117429,0.014476832809612617
Monthly - OCT 26,3600.0,PUT,1026,369360000.0,253218.38125446465,117429,0.8737194389801497
Monthly - OCT 26,3605.0,PUT,8,2884000.0,2056.460988408139,117429,0.006812627204523585
Monthly - OCT 26,3610.0,PUT,15,5415000.0,4015.171401826102,117429,0.01277367600848172
Monthly - OCT 26,3615.0,CALL,2,723000.0,155490.2720009909,117429,0.0017031568011308962
Monthly - OCT 26,3615.0,PUT,258,93267000.0,71897.71361474271,117429,0.21970722734588558
Monthly - OCT 26,3620.0,PUT,36,13032000.0,10441.937698780663,117429,0.030656822420356132
Monthly - OCT 26,3625.0,PUT,25,9062500.0,7545.759940124306,117429,0.021289460014136202
Monthly - OCT 26,3630.0,PUT,18,6534000.0,5652.251658308683,117429,0.015328411210178066
Monthly - OCT 26,3635.0,PUT,3,1090500.0,979.8471889832996,117429,0.0025547352016963443
Monthly - OCT 26,3640.0,PUT,52,18928000.0,17661.64390952212,117429,0.0442820768294033
Monthly - OCT 26,3645.0,PUT,30,10935000.0,10593.580260448689,117429,0.02554735201696344
Monthly - OCT 26,3650.0,PUT,446,162790000.0,163701.85445072557,117429,0.37980396665218985
Monthly - OCT 26,3655.0,PUT,10,3655000.0,3814.3447867772693,117429,0.00851578400565448
Monthly - OCT 26,3660.0,PUT,41,15006000.0,16248.35677324681,117429,0.03491471442318337
Monthly - OCT 26,3665.0,PUT,65,23822500.0,26757.743465948057,117429,0.055352596036754124
Monthly - OCT 26,3670.0,PUT,34,12478000.0,14535.532327199408,117429,0.028953665619225234
Monthly - OCT 26,3675.0,PUT,53,19477500.0,23526.08178332382,117429,0.04513365522996875
Monthly - OCT 26,3680.0,PUT,69,25392000.0,31794.412239763613,117429,0.05875890963901591
Monthly - OCT 26,3685.0,PUT,62,22847000.0,29650.232252520454,117429,0.05279786083505778
Monthly - OCT 26,3690.0,PUT,39,14391000.0,19352.75913875428,117429,0.033211557622052475
Monthly - OCT 26,3695.0,PUT,68,25126000.0,35005.53312058898,117429,0.05790733123845047
Monthly - OCT 26,3700.0,PUT,782,289340000.0,417534.2523106713,117429,0.6659343092421803
Monthly - OCT 26,3705.0,PUT,31,11485500.0,17163.78796785712,117429,0.02639893041752889
Monthly - OCT 26,3710.0,PUT,10,3710000.0,5740.193109474376,117429,0.00851578400565448
Monthly - OCT 26,3715.0,PUT,221,82101500.0,131493.1835930936,117429,0.18819882652496403
Monthly - OCT 26,3720.0,PUT,32,11904000.0,19731.27989927707,117429,0.02725050881809434
Monthly - OCT 26,3725.0,PUT,128,47680000.0,81774.86761012478,117429,0.10900203527237735
Monthly - OCT 26,3730.0,PUT,30,11190000.0,19853.92890258322,117429,0.02554735201696344
Monthly - OCT 26,3735.0,PUT,91,33988500.0,62372.491179196346,117429,0.07749363445145578
Monthly - OCT 26,3740.0,PUT,31,11594000.0,22001.458898190012,117429,0.02639893041752889
Monthly - OCT 26,3745.0,CALL,2,749000.0,130629.3753361082,117429,0.0017031568011308962
Monthly - OCT 26,3745.0,PUT,36,13482000.0,26451.01880970683,117429,0.030656822420356132
Monthly - OCT 26,3750.0,PUT,785,294375000.0,596996.9876069062,117429,0.6684890444438768
Monthly - OCT 26,3755.0,PUT,217,81483500.0,170780.26663124148,117429,0.18479251292270224
Monthly - OCT 26,3760.0,PUT,214,80464000.0,174253.10125729797,117429,0.18223777772100588
Monthly - OCT 26,3765.0,PUT,200,75300000.0,168460.96072704653,117429,0.17031568011308962
Monthly - OCT 26,3770.0,PUT,30,11310000.0,26134.081236552276,117429,0.02554735201696344
Monthly - OCT 26,3775.0,PUT,215,81162500.0,193667.05097554234,117429,0.18308935612157134
Monthly - OCT 26,3780.0,PUT,17,6426000.0,15831.15178710636,117429,0.014476832809612617
Monthly - OCT 26,3785.0,PUT,35,13247500.0,33689.40819743831,117429,0.02980524401979068
Monthly - OCT 26,3790.0,PUT,23,8717000.0,22878.669910662986,117429,0.019586303213005304
Monthly - OCT 26,3795.0,CALL,1,379500.0,60651.353219379096,117429,0.0008515784005654481
Monthly - OCT 26,3795.0,PUT,30,11385000.0,30833.161595456742,117429,0.02554735201696344
Monthly - OCT 26,3800.0,CALL,3,1140000.0,180568.97732938774,117429,0.0025547352016963443
Monthly - OCT 26,3800.0,PUT,1698,645240000.0,1802789.5935267617,117429,1.4459801241601309
Monthly - OCT 26,3805.0,PUT,309,117574500.0,338839.0739255446,117429,0.26313772577472344
Monthly - OCT 26,3810.0,PUT,47,17907000.0,53220.386554850644,117429,0.04002418482657606
Monthly - OCT 26,3815.0,PUT,56,21364000.0,65468.33169166102,117429,0.04768839043166509
Monthly - OCT 26,3820.0,PUT,64,24448000.0,77233.30695370096,117429,0.05450101763618868
Monthly - OCT 26,3825.0,CALL,1,382500.0,57895.213294654925,117429,0.0008515784005654481
Monthly - OCT 26,3825.0,PUT,84,32130000.0,104617.44015043939,117429,0.07153258564749763
Monthly - OCT 26,3830.0,PUT,15,5745000.0,19276.818186234093,117429,0.01277367600848172
Monthly - OCT 26,3835.0,PUT,19,7286500.0,25190.485000739387,117429,0.016179989610743514
Monthly - OCT 26,3840.0,PUT,42,16128000.0,57436.90167000232,117429,0.03576629282374882
Monthly - OCT 26,3845.0,PUT,33,12688500.0,46540.901512986005,117429,0.028102087218659783
Monthly - OCT 26,3850.0,PUT,1136,437360000.0,1651958.2668111064,117429,0.9673930630423491
Monthly - OCT 26,3855.0,PUT,19,7324500.0,28483.632879274996,117429,0.016179989610743514
Monthly - OCT 26,3860.0,PUT,97,37442000.0,149884.2841548248,117429,0.08260310485484847
Monthly - OCT 26,3865.0,PUT,47,18165500.0,74842.23516587235,117429,0.04002418482657606
Monthly - OCT 26,3870.0,CALL,4,1548000.0,215319.08817914483,117429,0.0034063136022617923
Monthly - OCT 26,3870.0,PUT,30,11610000.0,49221.745429093804,117429,0.02554735201696344
Monthly - OCT 26,3875.0,CALL,2,775000.0,106767.27963732673,117429,0.0017031568011308962
Monthly - OCT 26,3875.0,PUT,306,118575000.0,517209.8351517175,117429,0.26058299057302714
Monthly - OCT 26,3880.0,PUT,51,19788000.0,88786.76606774259,117429,0.04343049842883785
Monthly - OCT 26,3885.0,PUT,68,26418000.0,121911.0853817668,117429,0.05790733123845047
Monthly - OCT 26,3890.0,CALL,1,389000.0,52052.43131661709,117429,0.0008515784005654481
Monthly - OCT 26,3890.0,PUT,58,22562000.0,107063.73765037229,117429,0.049391547232795985
Monthly - OCT 26,3895.0,PUT,27,10516500.0,51307.70380909263,117429,0.022992616815267097
Monthly - OCT 26,3900.0,CALL,15,5850000.0,767567.0883742869,117429,0.01277367600848172
Monthly - OCT 26,3900.0,PUT,1794,699660000.0,3508894.6740664765,117429,1.5277316506144138
Monthly - OCT 26,3905.0,PUT,17,6638500.0,34217.7106103959,117429,0.014476832809612617
Monthly - OCT 26,3910.0,CALL,1,391000.0,50294.96957141391,117429,0.0008515784005654481
Monthly - OCT 26,3910.0,PUT,86,33626000.0,178106.6155670324,117429,0.07323574244862853
Monthly - OCT 26,3915.0,PUT,11,4306500.0,23435.794268539557,117429,0.00936736240621993
Monthly - OCT 26,3920.0,PUT,98,38416000.0,214755.67988430234,117429,0.0834546832554139
Monthly - OCT 26,3925.0,PUT,102,40035000.0,229867.15719352852,117429,0.0868609968576757
Monthly - OCT 26,3930.0,PUT,51,20043000.0,118176.75342294287,117429,0.04343049842883785
Monthly - OCT 26,3935.0,CALL,13,5115500.0,625663.5205285272,117429,0.011070519207350825
Monthly - OCT 26,3935.0,PUT,76,29906000.0,181045.580713884,117429,0.06471995844297405
Monthly - OCT 26,3940.0,CALL,1,394000.0,47698.72996350164,117429,0.0008515784005654481
Monthly - OCT 26,3940.0,PUT,119,46886000.0,291381.1553580832,117429,0.10133782966728833
Monthly - OCT 26,3945.0,CALL,2,789000.0,94541.86199118476,117429,0.0017031568011308962
Monthly - OCT 26,3945.0,PUT,60,23670000.0,150985.06604940735,117429,0.05109470403392688
Monthly - OCT 26,3950.0,CALL,36,14220000.0,1686405.0738507628,117429,0.030656822420356132
Monthly - OCT 26,3950.0,PUT,534,210930000.0,1380767.940944442,117429,0.4547428659019493
Monthly - OCT 26,3955.0,CALL,1,395500.0,46419.71227369836,117429,0.0008515784005654481
Monthly - OCT 26,3955.0,PUT,73,28871500.0,193922.32762723888,117429,0.062165223241277705
Monthly - OCT 26,3960.0,CALL,24,9504000.0,1103911.938487216,117429,0.020437881613570755
Monthly - OCT 26,3960.0,PUT,141,55836000.0,384750.13137710834,117429,0.12007255447972819
Monthly - OCT 26,3965.0,CALL,1,396500.0,45574.45994071045,117429,0.0008515784005654481
Monthly - OCT 26,3965.0,PUT,74,29341000.0,207384.19372220637,117429,0.06301680164184316
Monthly - OCT 26,3970.0,PUT,81,32157000.0,233100.46869809413,117429,0.06897785044580129
Monthly - OCT 26,3975.0,CALL,3,1192500.0,134205.97895486667,117429,0.0025547352016963443
Monthly - OCT 26,3975.0,PUT,192,76320000.0,567288.3221386786,117429,0.16350305290856604
Monthly - OCT 26,3980.0,CALL,11,4378000.0,487499.11526749836,117429,0.00936736240621993
Monthly - OCT 26,3980.0,PUT,50,19900000.0,151651.8672703802,117429,0.042578920028272405
Monthly - OCT 26,3985.0,CALL,1,398500.0,43902.46284270333,117429,0.0008515784005654481
Monthly - OCT 26,3985.0,PUT,35,13947500.0,108956.20393325572,117429,0.02980524401979068
Monthly - OCT 26,3990.0,CALL,1,399000.0,43488.42943772797,117429,0.0008515784005654481
Monthly - OCT 26,3990.0,PUT,70,27930000.0,223624.56137379477,117429,0.05961048803958136
Monthly - OCT 26,3995.0,PUT,146,58327000.0,478567.9391157141,117429,0.12433044648255541
Monthly - OCT 26,4000.0,CALL,118,47200000.0,5034499.812522053,117429,0.10048625126672288
Monthly - OCT 26,4000.0,PUT,1884,753600000.0,6335385.199650112,117429,1.6043737066653043
Monthly - OCT 26,4005.0,CALL,2,801000.0,84512.29266619748,117429,0.0017031568011308962
Monthly - OCT 26,4005.0,PUT,33,13216500.0,113825.58924773925,117429,0.028102087218659783
Monthly - OCT 26,4010.0,PUT,63,25263000.0,222860.53610398152,117429,0.05364943923562322
Monthly - OCT 26,4015.0,CALL,7,2810500.0,290100.92837306607,117429,0.005961048803958136
Monthly - OCT 26,4015.0,PUT,23,9234500.0,83429.62294355911,117429,0.019586303213005304
Monthly - OCT 26,4020.0,CALL,25,10050000.0,1025974.3986316982,117429,0.021289460014136202
Monthly - OCT 26,4020.0,PUT,111,44622000.0,412808.6321696652,117429,0.09452520246276473
Monthly - OCT 26,4025.0,CALL,85,34212500.0,3454119.146949896,117429,0.07238416404806308
Monthly - OCT 26,4025.0,PUT,213,85732500.0,812031.015479786,117429,0.18138619932044042
Monthly - OCT 26,4030.0,CALL,86,34658000.0,3460310.3939847453,117429,0.07323574244862853
Monthly - OCT 26,4030.0,PUT,117,47151000.0,457172.7391218616,117429,0.09963467286615742
Monthly - OCT 26,4035.0,CALL,41,16543500.0,1633333.739680234,117429,0.03491471442318337
Monthly - OCT 26,4035.0,PUT,53,21385500.0,212229.7984408395,117429,0.04513365522996875
Monthly - OCT 26,4040.0,CALL,3,1212000.0,118321.30861344945,117429,0.0025547352016963443
Monthly - OCT 26,4040.0,PUT,80,32320000.0,328239.9469739512,117429,0.06812627204523584
Monthly - OCT 26,4045.0,CALL,13,5258500.0,507588.49178677145,117429,0.011070519207350825
Monthly - OCT 26,4045.0,PUT,68,27506000.0,285835.77841348835,117429,0.05790733123845047
Monthly - OCT 26,4050.0,CALL,97,39285000.0,3749236.509580649,117429,0.08260310485484847
Monthly - OCT 26,4050.0,PUT,758,306990000.0,3263763.8876715894,117429,0.6454964276286096
Monthly - OCT 26,4055.0,CALL,11,4460500.0,420864.5748102101,117429,0.00936736240621993
Monthly - OCT 26,4055.0,PUT,53,21491500.0,233723.94837191523,117429,0.04513365522996875
Monthly - OCT 26,4060.0,CALL,112,45472000.0,4241525.670271315,117429,0.09537678086333018
Monthly - OCT 26,4060.0,PUT,128,51968000.0,578031.4160094684,117429,0.10900203527237735
Monthly - OCT 26,4065.0,CALL,24,9756000.0,899591.679413717,117429,0.020437881613570755
Monthly - OCT 26,4065.0,PUT,56,22764000.0,258928.75481826687,117429,0.04768839043166509
Monthly - OCT 26,4070.0,CALL,29,11803000.0,1075815.8331512113,117429,0.024695773616397992
Monthly - OCT 26,4070.0,PUT,185,75295000.0,875692.766808216,117429,0.1575420041046079
Monthly - OCT 26,4075.0,CALL,33,13447500.0,1211532.7784008593,117429,0.028102087218659783
Monthly - OCT 26,4075.0,PUT,469,191117500.0,2272364.476348694,117429,0.3993902698651951
Monthly - OCT 26,4080.0,CALL,33,13464000.0,1198924.7581924985,117429,0.028102087218659783
Monthly - OCT 26,4080.0,PUT,57,23256000.0,282645.96810039267,117429,0.04853996883223054
Monthly - OCT 26,4085.0,CALL,5,2042500.0,179754.65033650404,117429,0.00425789200282724
Monthly - OCT 26,4085.0,PUT,15,6127500.0,76113.20372130763,117429,0.01277367600848172
Monthly - OCT 26,4090.0,CALL,121,49489000.0,4304304.042599836,117429,0.10304098646841922
Monthly - OCT 26,4090.0,PUT,165,67485000.0,856627.1661254244,117429,0.14051043609329894
Monthly - OCT 26,4095.0,CALL,6,2457000.0,211179.36437811196,117429,0.005109470403392689
Monthly - OCT 26,4095.0,PUT,52,21294000.0,276178.0028632529,117429,0.0442820768294033
Monthly - OCT 26,4100.0,CALL,958,392780000.0,33359807.07834572,117429,0.8158121077416992
Monthly - OCT 26,4100.0,PUT,1261,517010000.0,6850427.771403054,117429,1.07384036311303
Monthly - OCT 26,4105.0,CALL,193,79226500.0,6648875.173397541,117429,0.16435463130913147
Monthly - OCT 26,4105.0,PUT,133,54596500.0,738942.1929509772,117429,0.11325992727520459
Monthly - OCT 26,4110.0,CALL,16,6576000.0,545278.8827699784,117429,0.01362525440904717
Monthly - OCT 26,4110.0,PUT,68,27948000.0,386334.63403096027,117429,0.05790733123845047
Monthly - OCT 26,4115.0,CALL,11,4526500.0,370829.35456274,117429,0.00936736240621993
Monthly - OCT 26,4115.0,PUT,115,47322500.0,668018.5098558664,117429,0.09793151606502654
Monthly - OCT 26,4120.0,CALL,27,11124000.0,900332.0876581487,117429,0.022992616815267097
Monthly - OCT 26,4120.0,PUT,59,24308000.0,350363.56897827383,117429,0.05024312563336144
Monthly - OCT 26,4125.0,CALL,29,11962500.0,956465.3699957078,117429,0.024695773616397992
Monthly - OCT 26,4125.0,PUT,165,68062500.0,1001538.9087366799,117429,0.14051043609329894
Monthly - OCT 26,4130.0,CALL,30,12390000.0,978587.048069442,117429,0.02554735201696344
Monthly - OCT 26,4130.0,PUT,85,35105000.0,527303.6339850122,117429,0.07238416404806308
Monthly - OCT 26,4135.0,CALL,171,70708500.0,5516401.504401069,117429,0.14561990649669163
Monthly - OCT 26,4135.0,PUT,136,56236000.0,862144.4482983996,117429,0.11581466247690093
Monthly - OCT 26,4140.0,CALL,10,4140000.0,319018.46858134377,117429,0.00851578400565448
Monthly - OCT 26,4140.0,PUT,90,37260000.0,582940.975460003,117429,0.07664205605089032
Monthly - OCT 26,4145.0,CALL,8,3316000.0,252369.1858715738,117429,0.006812627204523585
Monthly - OCT 26,4145.0,PUT,103,42693500.0,681557.069100353,117429,0.08771257525824115
Monthly - OCT 26,4150.0,CALL,366,151890000.0,11416482.422910241,117429,0.311677694606954
Monthly - OCT 26,4150.0,PUT,798,331170000.0,5393778.728196217,117429,0.6795595636512276
Monthly - OCT 26,4155.0,CALL,42,17451000.0,1295327.8604147858,117429,0.03576629282374882
Monthly - OCT 26,4155.0,PUT,21,8725500.0,144969.74979723778,117429,0.01788314641187441
Monthly - OCT 26,4160.0,CALL,31,12896000.0,945247.485571005,117429,0.02639893041752889
Monthly - OCT 26,4160.0,PUT,46,19136000.0,324284.90539556957,117429,0.03917260642601061
Monthly - OCT 26,4165.0,CALL,51,21241500.0,1537381.3051341046,117429,0.04343049842883785
Monthly - OCT 26,4165.0,PUT,121,50396500.0,870980.3310728939,117429,0.10304098646841922
Monthly - OCT 26,4170.0,CALL,20,8340000.0,595995.6514011237,117429,0.01703156801130896
Monthly - OCT 26,4170.0,PUT,24,10008000.0,176372.90997831133,117429,0.020437881613570755
Monthly - OCT 26,4175.0,CALL,93,38827500.0,2739502.776676718,117429,0.07919679125258666
Monthly - OCT 26,4175.0,PUT,104,43420000.0,780181.3116268524,117429,0.0885641536588066
Monthly - OCT 26,4180.0,CALL,85,35530000.0,2474898.4382929103,117429,0.07238416404806308
Monthly - OCT 26,4180.0,PUT,52,21736000.0,398154.2286864411,117429,0.0442820768294033
Monthly - OCT 26,4185.0,CALL,24,10044000.0,690674.225744759,117429,0.020437881613570755
Monthly - OCT 26,4185.0,PUT,179,74911500.0,1398721.7899864127,117429,0.1524325337012152
Monthly - OCT 26,4190.0,CALL,22,9218000.0,625722.9264966648,117429,0.01873472481243986
Monthly - OCT 26,4190.0,PUT,38,15922000.0,302996.1264568401,117429,0.03235997922148703
Monthly - OCT 26,4195.0,CALL,14,5873000.0,393512.5295724917,117429,0.011922097607916272
Monthly - OCT 26,4195.0,PUT,25,10487500.0,203382.6123832307,117429,0.021289460014136202
Monthly - OCT 26,4200.0,CALL,1928,809760000.0,53552826.914008066,117429,1.6418431562901836
Monthly - OCT 26,4200.0,PUT,1029,432180000.0,8539943.452368528,117429,0.876274174181846
Monthly - OCT 26,4205.0,CALL,64,26912000.0,1756603.8290726747,117429,0.05450101763618868
Monthly - OCT 26,4205.0,PUT,68,28594000.0,575652.1431822225,117429,0.05790733123845047
Monthly - OCT 26,4210.0,CALL,36,15156000.0,976311.5059416085,117429,0.030656822420356132
Monthly - OCT 26,4210.0,PUT,31,13051000.0,267652.06301043736,117429,0.02639893041752889
Monthly - OCT 26,4215.0,CALL,69,29083500.0,1848845.2791458578,117429,0.05875890963901591
Monthly - OCT 26,4215.0,PUT,97,40885500.0,854052.8133168878,117429,0.08260310485484847
Monthly - OCT 26,4220.0,CALL,72,30384000.0,1906000.4614290963,117429,0.061313644840712264
Monthly - OCT 26,4220.0,PUT,69,29118000.0,619459.4569661707,117429,0.05875890963901591
Monthly - OCT 26,4225.0,CALL,109,46052500.0,2850555.0150288064,117429,0.09282204566163384
Monthly - OCT 26,4225.0,PUT,266,112385000.0,2434687.6600920223,117429,0.22651985455040918
Monthly - OCT 26,4230.0,CALL,53,22419000.0,1369192.6607172077,117429,0.04513365522996875
Monthly - OCT 26,4230.0,PUT,101,42723000.0,942384.5037809169,117429,0.08600941845711026
Monthly - OCT 26,4235.0,CALL,42,17787000.0,1071758.7295042938,117429,0.03576629282374882
Monthly - OCT 26,4235.0,PUT,43,18210500.0,408947.9069377207,117429,0.036617871224314265
Monthly - OCT 26,4240.0,CALL,21,8904000.0,529296.846730491,117429,0.01788314641187441
Monthly - OCT 26,4240.0,PUT,66,27984000.0,639711.5207486589,117429,0.056204174437319565
Monthly - OCT 26,4245.0,CALL,76,32262000.0,1891903.7963274256,117429,0.06471995844297405
Monthly - OCT 26,4245.0,PUT,65,27592500.0,642011.0874057327,117429,0.055352596036754124
Monthly - OCT 26,4250.0,CALL,408,173400000.0,10030536.933625838,117429,0.3474439874307028
Monthly - OCT 26,4250.0,PUT,398,169150000.0,4005435.222072224,117429,0.3389282034250483
Monthly - OCT 26,4255.0,CALL,54,22977000.0,1311020.2634906184,117429,0.045985233630534195
Monthly - OCT 26,4255.0,PUT,17,7233500.0,174301.79681660063,117429,0.014476832809612617
Monthly - OCT 26,4260.0,CALL,69,29394000.0,1654205.168627436,117429,0.05875890963901591
Monthly - OCT 26,4260.0,PUT,53,22578000.0,553559.4218300268,117429,0.04513365522996875
Monthly - OCT 26,4265.0,CALL,175,74637500.0,4142627.9434539494,117429,0.14902622009895342
Monthly - OCT 26,4265.0,PUT,350,149275000.0,3723413.6508496804,117429,0.29805244019790683
Monthly - OCT 26,4270.0,CALL,247,105469000.0,5773050.333908678,117429,0.21033986493966564
Monthly - OCT 26,4270.0,PUT,385,164395000.0,4171272.510945713,117429,0.3278576842176975
Monthly - OCT 26,4275.0,CALL,143,61132500.0,3299801.3668017862,117429,0.12177571128085907
Monthly - OCT 26,4275.0,PUT,101,43177500.0,1114329.997197839,117429,0.08600941845711026
Monthly - OCT 26,4280.0,CALL,81,34668000.0,1845240.429352042,117429,0.06897785044580129
Monthly - OCT 26,4280.0,PUT,210,89880000.0,2359101.7537555387,117429,0.1788314641187441
Monthly - OCT 26,4285.0,CALL,73,31280500.0,1641646.8930478946,117429,0.062165223241277705
Monthly - OCT 26,4285.0,PUT,21,8998500.0,240177.44173448472,117429,0.01788314641187441
Monthly - OCT 26,4290.0,CALL,113,48477000.0,2508401.1801167913,117429,0.09622835926389563
Monthly - OCT 26,4290.0,PUT,82,35178000.0,954691.8520449006,117429,0.06982942884636674
Monthly - OCT 26,4295.0,CALL,82,35219000.0,1796663.4836300407,117429,0.06982942884636674
Monthly - OCT 26,4295.0,PUT,20,8590000.0,237010.17831247646,117429,0.01703156801130896
Monthly - OCT 26,4300.0,CALL,3164,1360520000.0,68422088.44416544,117429,2.6943940593890776
Monthly - OCT 26,4300.0,PUT,897,385710000.0,10818537.785210833,117429,0.7638658253072069
Monthly - OCT 26,4305.0,CALL,30,12915000.0,640266.3110414268,117429,0.02554735201696344
Monthly - OCT 26,4305.0,PUT,32,13776000.0,392750.7261239422,117429,0.02725050881809434
Monthly - OCT 26,4310.0,CALL,128,55168000.0,2695885.5493657407,117429,0.10900203527237735
Monthly - OCT 26,4310.0,PUT,6,2586000.0,74930.94765409204,117429,0.005109470403392689
Monthly - OCT 26,4315.0,CALL,213,91909500.0,4426858.76718348,117429,0.18138619932044042
Monthly - OCT 26,4315.0,PUT,246,106149000.0,3125650.2962023895,117429,0.2094882865391002
Monthly - OCT 26,4320.0,CALL,34,14688000.0,697255.6116059808,117429,0.028953665619225234
Monthly - OCT 26,4320.0,PUT,9,3888000.0,116331.07144991716,117429,0.007664205605089033
Monthly - OCT 26,4325.0,CALL,114,49305000.0,2306680.2965893056,117429,0.09707993766446107
Monthly - OCT 26,4325.0,PUT,125,54062500.0,1643478.7380564415,117429,0.10644730007068101
Monthly - OCT 26,4330.0,CALL,358,155014000.0,7146730.5859219795,117429,0.3048650674024304
Monthly - OCT 26,4330.0,PUT,10,4330000.0,133723.6241055557,117429,0.00851578400565448
Monthly - OCT 26,4335.0,CALL,42,18207000.0,827156.7932941372,117429,0.03576629282374882
Monthly - OCT 26,4335.0,PUT,224,97104000.0,3046237.1016203086,117429,0.19075356172666036
Monthly - OCT 26,4340.0,CALL,64,27776000.0,1243383.186671426,117429,0.05450101763618868
Monthly - OCT 26,4340.0,PUT,7,3038000.0,96799.92910435515,117429,0.005961048803958136
Monthly - OCT 26,4345.0,CALL,41,17814500.0,785719.6267473991,117429,0.03491471442318337
Monthly - OCT 26,4345.0,PUT,41,17814500.0,576469.3456269215,117429,0.03491471442318337
Monthly - OCT 26,4350.0,CALL,1736,755160000.0,32814396.451545514,117429,1.478340103381618
Monthly - OCT 26,4350.0,PUT,673,292755000.0,9620045.263404442,117429,0.5731122635805466
Monthly - OCT 26,4355.0,CALL,108,47034000.0,2013453.4888468261,117429,0.09197046726106839
Monthly - OCT 26,4355.0,PUT,18,7839000.0,261552.48592290154,117429,0.015328411210178066
Monthly - OCT 26,4360.0,CALL,63,27468000.0,1158333.7200239727,117429,0.05364943923562322
Monthly - OCT 26,4360.0,PUT,11,4796000.0,162464.40017298926,117429,0.00936736240621993
Monthly - OCT 26,4365.0,CALL,53,23134500.0,960984.640783023,117429,0.04513365522996875
Monthly - OCT 26,4365.0,PUT,60,26190000.0,900639.7604228987,117429,0.05109470403392688
Monthly - OCT 26,4370.0,CALL,66,28842000.0,1180059.8403497606,117429,0.056204174437319565
Monthly - OCT 26,4370.0,PUT,40,17480000.0,610168.2858901632,117429,0.03406313602261792
Monthly - OCT 26,4375.0,CALL,366,160125000.0,6452570.502683243,117429,0.311677694606954
Monthly - OCT 26,4375.0,PUT,479,209562500.0,7424558.555586748,117429,0.4079060538708496
Monthly - OCT 26,4380.0,CALL,61,26718000.0,1060339.926141091,117429,0.051946282434492334
Monthly - OCT 26,4380.0,PUT,11,4818000.0,173232.4608563021,117429,0.00936736240621993
Monthly - OCT 26,4385.0,CALL,78,34203000.0,1336735.5181275997,117429,0.06642311524410495
Monthly - OCT 26,4385.0,PUT,1074,470949000.0,17182984.251718722,117429,0.9145952022072912
Monthly - OCT 26,4390.0,CALL,63,27657000.0,1064385.6471960421,117429,0.05364943923562322
Monthly - OCT 26,4390.0,PUT,71,31169000.0,1153896.6335451358,117429,0.06046206644014682
Monthly - OCT 26,4395.0,CALL,55,24172500.0,916010.9521763296,117429,0.04683681203109964
Monthly - OCT 26,4395.0,PUT,23,10108500.0,379671.0089377557,117429,0.019586303213005304
Monthly - OCT 26,4400.0,CALL,2728,1200320000.0,44785123.22574049,117429,2.3231058767425425
Monthly - OCT 26,4400.0,PUT,1129,496760000.0,18927865.878388386,117429,0.961432014238391
Monthly - OCT 26,4405.0,CALL,45,19822500.0,728157.3533199908,117429,0.03832102802544516
Monthly - OCT 26,4405.0,PUT,11,4845500.0,187277.59930305343,117429,0.00936736240621993
Monthly - OCT 26,4410.0,CALL,89,39249000.0,1419377.4874638526,117429,0.07579047765032487
Monthly - OCT 26,4410.0,PUT,72,31752000.0,1244711.450656034,117429,0.061313644840712264
Monthly - OCT 26,4415.0,CALL,117,51655500.0,1838911.3146327636,117429,0.09963467286615742
Monthly - OCT 26,4415.0,PUT,26,11479000.0,456363.01623342506,117429,0.02214103841470165
Monthly - OCT 26,4420.0,CALL,316,139672000.0,4894415.511817538,117429,0.2690987745786816
Monthly - OCT 26,4420.0,PUT,54,23868000.0,962254.3639769293,117429,0.045985233630534195
Monthly - OCT 26,4425.0,CALL,129,57082500.0,1968856.5904243842,117429,0.10985361367294279
Monthly - OCT 26,4425.0,PUT,46,20355000.0,832092.0847043439,117429,0.03917260642601061
Monthly - OCT 26,4430.0,CALL,81,35883000.0,1218124.7845960772,117429,0.06897785044580129
Monthly - OCT 26,4430.0,PUT,28,12404000.0,514100.0860616337,117429,0.023844195215832545
Monthly - OCT 26,4435.0,CALL,78,34593000.0,1155727.631591827,117429,0.06642311524410495
Monthly - OCT 26,4435.0,PUT,24,10644000.0,447235.11090044666,117429,0.020437881613570755
Monthly - OCT 26,4440.0,CALL,74,32856000.0,1080235.5659723983,117429,0.06301680164184316
Monthly - OCT 26,4440.0,PUT,19,8436000.0,359312.5888369859,117429,0.016179989610743514
Monthly - OCT 26,4445.0,CALL,43,19113500.0,618376.2073001626,117429,0.036617871224314265
Monthly - OCT 26,4445.0,PUT,27,12001500.0,518126.9920861664,117429,0.022992616815267097
Monthly - OCT 26,4450.0,CALL,2530,1125850000.0,35840502.18989655,117429,2.1544933534305835
Monthly - OCT 26,4450.0,PUT,155,68975000.0,3017987.7272111652,117429,0.13199465208764444
Monthly - OCT 26,4455.0,CALL,36,16038000.0,502339.0997203336,117429,0.030656822420356132
Monthly - OCT 26,4455.0,PUT,7,3118500.0,138279.2714977868,117429,0.005961048803958136
Monthly - OCT 26,4460.0,CALL,239,106594000.0,3284769.883822307,117429,0.20352723773514209
Monthly - OCT 26,4460.0,PUT,26,11596000.0,521033.7705206079,117429,0.02214103841470165
Monthly - OCT 26,4465.0,CALL,101,45096500.0,1367138.846001373,117429,0.08600941845711026
Monthly - OCT 26,4465.0,PUT,84,37506000.0,1707519.8393840997,117429,0.07153258564749763
Monthly - OCT 26,4470.0,CALL,96,42912000.0,1279729.8516480923,117429,0.08175152645428302
Monthly - OCT 26,4470.0,PUT,3,1341000.0,61853.23152969322,117429,0.0025547352016963443
Monthly - OCT 26,4475.0,CALL,149,66677500.0,1955963.544124786,117429,0.12688518168425175
Monthly - OCT 26,4475.0,PUT,16,7160000.0,334562.1161821858,117429,0.01362525440904717
Monthly - OCT 26,4480.0,CALL,83,37184000.0,1072881.0824944207,117429,0.07068100724693219
Monthly - OCT 26,4480.0,PUT,7,3136000.0,148433.41697411897,117429,0.005961048803958136
Monthly - OCT 26,4485.0,CALL,45,20182500.0,572738.7810576883,117429,0.03832102802544516
Monthly - OCT 26,4485.0,PUT,2,897000.0,43003.31963397657,117429,0.0017031568011308962
Monthly - OCT 26,4490.0,CALL,423,189927000.0,5300618.981694375,117429,0.36021766343918454
Monthly - OCT 26,4490.0,PUT,19,8531000.0,414214.8406738539,117429,0.016179989610743514
Monthly - OCT 26,4495.0,CALL,227,102036500.0,2800436.756802491,117429,0.19330829692835672
Monthly - OCT 26,4495.0,PUT,41,18429500.0,906187.262177991,117429,0.03491471442318337
Monthly - OCT 26,4500.0,CALL,3978,1790100000.0,48311433.10978784,117429,3.3875788774493523
Monthly - OCT 26,4500.0,PUT,215,96750000.0,4817223.783569363,117429,0.18308935612157134
Monthly - OCT 26,4505.0,CALL,153,68926500.0,1829082.6463496375,117429,0.13029149528651357
Monthly - OCT 26,4505.0,PUT,3,1351500.0,68134.38683705548,117429,0.0025547352016963443
Monthly - OCT 26,4510.0,CALL,142,64042000.0,1670931.0015942655,117429,0.12092413288029363
Monthly - OCT 26,4510.0,PUT,1,451000.0,23019.429068259204,117429,0.0008515784005654481
Monthly - OCT 26,4515.0,CALL,172,77658000.0,1992041.5888089112,117429,0.14647148489725706
Monthly - OCT 26,4520.0,CALL,85,38420000.0,968858.0708270612,117429,0.07238416404806308
Monthly - OCT 26,4520.0,PUT,2,904000.0,47283.82155923864,117429,0.0017031568011308962
Monthly - OCT 26,4525.0,CALL,72,32580000.0,807637.5551160343,117429,0.061313644840712264
Monthly - OCT 26,4525.0,PUT,4,1810000.0,95825.6175921284,117429,0.0034063136022617923
Monthly - OCT 26,4530.0,CALL,40,18120000.0,441528.008601269,117429,0.03406313602261792
Monthly - OCT 26,4530.0,PUT,3,1359000.0,72819.1558364993,117429,0.0025547352016963443
Monthly - OCT 26,4535.0,CALL,96,43536000.0,1042690.0688289381,117429,0.08175152645428302
Monthly - OCT 26,4535.0,PUT,3,1360500.0,73775.52663611823,117429,0.0025547352016963443
Monthly - OCT 26,4540.0,CALL,66,29964000.0,705318.2958960012,117429,0.056204174437319565
Monthly - OCT 26,4540.0,PUT,4,1816000.0,99651.05509300083,117429,0.0034063136022617923
Monthly - OCT 26,4545.0,CALL,17,7726500.0,178738.7900071029,117429,0.014476832809612617
Monthly - OCT 26,4545.0,PUT,5,2272500.0,126179.02497641853,117429,0.00425789200282724
Monthly - OCT 26,4550.0,CALL,938,426790000.0,9702259.202739542,117429,0.7987805397303902
Monthly - OCT 26,4550.0,PUT,36,16380000.0,920194.3454344905,117429,0.030656822420356132
Monthly - OCT 26,4555.0,CALL,42,19131000.0,427357.1042616575,117429,0.03576629282374882
Monthly - OCT 26,4555.0,PUT,8,3644000.0,207105.5909539009,117429,0.006812627204523585
Monthly - OCT 26,4560.0,CALL,80,36480000.0,800708.9546657116,117429,0.06812627204523584
Monthly - OCT 26,4560.0,PUT,81,36936000.0,2123619.7073640847,117429,0.06897785044580129
Monthly - OCT 26,4565.0,CALL,34,15521000.0,334717.2788670645,117429,0.028953665619225234
Monthly - OCT 26,4565.0,PUT,16,7304000.0,424782.828240878,117429,0.01362525440904717
Monthly - OCT 26,4570.0,CALL,53,24221000.0,513169.7594106354,117429,0.04513365522996875
Monthly - OCT 26,4570.0,PUT,9,4113000.0,241941.4632425406,117429,0.007664205605089033
Monthly - OCT 26,4575.0,CALL,665,304237500.0,6332340.455250879,117429,0.566299636376023
Monthly - OCT 26,4580.0,CALL,1009,462122000.0,9448495.397544991,117429,0.859242606170537
Monthly - OCT 26,4580.0,PUT,6,2748000.0,165332.55090247703,117429,0.005109470403392689
Monthly - OCT 26,4585.0,CALL,122,55937000.0,1123392.843719551,117429,0.10389256486898467
Monthly - OCT 26,4585.0,PUT,9,4126500.0,251054.83233940104,117429,0.007664205605089033
Monthly - OCT 26,4590.0,CALL,190,87210000.0,1720272.3597962006,117429,0.16179989610743511
Monthly - OCT 26,4590.0,PUT,6,2754000.0,169419.26374359045,117429,0.005109470403392689
Monthly - OCT 26,4595.0,CALL,37,17001500.0,329373.44338968885,117429,0.03150840082092158
Monthly - OCT 26,4595.0,PUT,8,3676000.0,228640.7956809653,117429,0.006812627204523585
Monthly - OCT 26,4600.0,CALL,6891,3169860000.0,60309233.85608741,117429,5.868226758296503
Monthly - OCT 26,4600.0,PUT,352,161920000.0,10181823.26567064,117429,0.29975559699903775
Monthly - OCT 26,4605.0,CALL,25,11512500.0,215093.72399166468,117429,0.021289460014136202
Monthly - OCT 26,4605.0,PUT,5,2302500.0,146365.67329591094,117429,0.00425789200282724
Monthly - OCT 26,4610.0,CALL,135,62235000.0,1141771.331002313,117429,0.11496308407633547
Monthly - OCT 26,4610.0,PUT,12,5532000.0,355471.0405474092,117429,0.010218940806785377
Monthly - OCT 26,4615.0,CALL,49,22613500.0,407352.6560283014,117429,0.04172734162770695
Monthly - OCT 26,4615.0,PUT,8,3692000.0,239791.8112493615,117429,0.006812627204523585
Monthly - OCT 26,4620.0,CALL,25,11550000.0,204274.92711077092,117429,0.021289460014136202
Monthly - OCT 26,4620.0,PUT,4,1848000.0,121309.15831102357,117429,0.0034063136022617923
Monthly - OCT 26,4625.0,CALL,227,104987500.0,1822942.5329009115,117429,0.19330829692835672
Monthly - OCT 26,4625.0,PUT,43,19887500.0,1319348.013275522,117429,0.036617871224314265
Monthly - OCT 26,4630.0,CALL,148,68524000.0,1168025.6763961904,117429,0.12603360328368632
Monthly - OCT 26,4630.0,PUT,7,3241000.0,217277.4034917737,117429,0.005961048803958136
Monthly - OCT 26,4635.0,CALL,112,51912000.0,868607.8421279821,117429,0.09537678086333018
Monthly - OCT 26,4635.0,PUT,7,3244500.0,219790.38514294106,117429,0.005961048803958136
Monthly - OCT 26,4640.0,CALL,448,207872000.0,3414053.236724324,117429,0.3815071234533207
Monthly - OCT 26,4640.0,PUT,23,10672000.0,730468.2569206064,117429,0.019586303213005304
Monthly - OCT 26,4645.0,CALL,135,62707500.0,1010843.9260986601,117429,0.11496308407633547
Monthly - OCT 26,4645.0,PUT,8,3716000.0,256977.62615138892,117429,0.006812627204523585
Monthly - OCT 26,4650.0,CALL,1802,837930000.0,13256677.949374609,117429,1.5345442778189375
Monthly - OCT 26,4650.0,PUT,135,62775000.0,4385711.670075939,117429,0.11496308407633547
Monthly - OCT 26,4655.0,CALL,17,7913500.0,122865.4996763542,117429,0.014476832809612617
Monthly - OCT 26,4655.0,PUT,3,1396500.0,98559.37203835137,117429,0.0025547352016963443
Monthly - OCT 26,4660.0,CALL,46,21436000.0,326596.488220269,117429,0.03917260642601061
Monthly - OCT 26,4660.0,PUT,3,1398000.0,99663.90280133838,117429,0.0025547352016963443
Monthly - OCT 26,4665.0,CALL,37,17260500.0,258047.46736567753,117429,0.03150840082092158
Monthly - OCT 26,4670.0,CALL,42,19614000.0,287715.27877589443,117429,0.03576629282374882
Monthly - OCT 26,4670.0,PUT,4,1868000.0,135852.0490122739,117429,0.0034063136022617923
Monthly - OCT 26,4675.0,CALL,46,21505000.0,309498.67614818143,117429,0.03917260642601061
Monthly - OCT 26,4675.0,PUT,6,2805000.0,206019.09696482625,117429,0.005109470403392689
Monthly - OCT 26,4680.0,CALL,1014,474552000.0,6700355.284849373,117429,0.8635004981733644
Monthly - OCT 26,4680.0,PUT,1,468000.0,34711.76511713247,117429,0.0008515784005654481
Monthly - OCT 26,4685.0,CALL,11,5153500.0,71381.0727622332,117429,0.00936736240621993
Monthly - OCT 26,4690.0,CALL,39,18291000.0,248517.5767778866,117429,0.033211557622052475
Monthly - OCT 26,4690.0,PUT,3,1407000.0,106402.3092685301,117429,0.0025547352016963443
Monthly - OCT 26,4695.0,CALL,22,10329000.0,137654.02821921196,117429,0.01873472481243986
Monthly - OCT 26,4700.0,CALL,3013,1416110000.0,18510184.752384022,117429,2.565805720903695
Monthly - OCT 26,4700.0,PUT,80,37600000.0,2898392.1656845743,117429,0.06812627204523584
Monthly - OCT 26,4705.0,CALL,39,18349500.0,235230.2978806222,117429,0.033211557622052475
Monthly - OCT 26,4710.0,CALL,101,47571000.0,598051.6901106315,117429,0.08600941845711026
Monthly - OCT 26,4710.0,PUT,1,471000.0,36999.037118663546,117429,0.0008515784005654481
Monthly - OCT 26,4715.0,CALL,29,13673500.0,168568.2296575225,117429,0.024695773616397992
Monthly - OCT 26,4715.0,PUT,3,1414500.0,112158.19928554787,117429,0.0025547352016963443
Monthly - OCT 26,4720.0,CALL,22,10384000.0,125525.65246526373,117429,0.01873472481243986
Monthly - OCT 26,4725.0,CALL,315,148837500.0,1764103.8797650097,117429,0.26824719617811615
Monthly - OCT 26,4725.0,PUT,2,945000.0,76329.93965404658,117429,0.0017031568011308962
Monthly - OCT 26,4730.0,CALL,92,43516000.0,505681.3730626183,117429,0.07834521285202121
Monthly - OCT 26,4735.0,CALL,22,10417000.0,118674.95860256595,117429,0.01873472481243986
Monthly - OCT 26,4740.0,CALL,7,3318000.0,37055.56983738245,117429,0.005961048803958136
Monthly - OCT 26,4745.0,CALL,26,12337000.0,135057.7904113359,117429,0.02214103841470165
Monthly - OCT 26,4750.0,CALL,4678,2222050000.0,23843453.1673925,117429,3.9836837578451663
Monthly - OCT 26,4750.0,PUT,176,83600000.0,7064596.2053077845,117429,0.14987779849951888
Monthly - OCT 26,4755.0,CALL,115,54682500.0,575097.1906728024,117429,0.09793151606502654
Monthly - OCT 26,4755.0,PUT,168,79884000.0,6810602.1940144915,117429,0.14306517129499527
Monthly - OCT 26,4760.0,CALL,16,7616000.0,78500.00883129578,117429,0.01362525440904717
Monthly - OCT 26,4765.0,CALL,35,16677500.0,168459.67254059948,117429,0.02980524401979068
Monthly - OCT 26,4770.0,CALL,11,5247000.0,51936.25931178892,117429,0.00936736240621993
Monthly - OCT 26,4775.0,CALL,34,16235000.0,157463.13082060957,117429,0.028953665619225234
Monthly - OCT 26,4775.0,PUT,27,12892500.0,1138111.1437384076,117429,0.022992616815267097
Monthly - OCT 26,4780.0,CALL,88,42064000.0,399739.02910833724,117429,0.07493889924975944
Monthly - OCT 26,4780.0,PUT,2,956000.0,85118.24118886635,117429,0.0017031568011308962
Monthly - OCT 26,4785.0,CALL,36,17226000.0,160384.44753672706,117429,0.030656822420356132
Monthly - OCT 26,4790.0,CALL,43,20597000.0,187873.72890228467,117429,0.036617871224314265
Monthly - OCT 26,4795.0,CALL,10,4795000.0,42845.72030182096,117429,0.00851578400565448
Monthly - OCT 26,4800.0,CALL,3634,1744320000.0,15267722.028404245,117429,3.094635907654838
Monthly - OCT 26,4800.0,PUT,146,70080000.0,6453277.154756322,117429,0.12433044648255541
Monthly - OCT 26,4805.0,CALL,315,151357500.0,1297638.7223180193,117429,0.26824719617811615
Monthly - OCT 26,4805.0,PUT,2,961000.0,89228.59524866872,117429,0.0017031568011308962
Monthly - OCT 26,4810.0,CALL,41,19721000.0,165597.23996316135,117429,0.03491471442318337
Monthly - OCT 26,4810.0,PUT,8,3848000.0,360235.2182974741,117429,0.006812627204523585
Monthly - OCT 26,4815.0,CALL,57,27445500.0,225705.52247207347,117429,0.04853996883223054
Monthly - OCT 26,4815.0,PUT,39,18778500.0,1772387.2460240913,117429,0.033211557622052475
Monthly - OCT 26,4820.0,CALL,28,13496000.0,108691.49857346088,117429,0.023844195215832545
Monthly - OCT 26,4820.0,PUT,2,964000.0,91727.11129110304,117429,0.0017031568011308962
Monthly - OCT 26,4825.0,CALL,228,110010000.0,867590.4377851412,117429,0.19415987532892215
Monthly - OCT 26,4830.0,CALL,70,33810000.0,261091.3533256099,117429,0.05961048803958136
Monthly - OCT 26,4835.0,CALL,13,6285500.0,47525.26451979758,117429,0.011070519207350825
Monthly - OCT 26,4835.0,PUT,3,1450500.0,141373.2383491215,117429,0.0025547352016963443
Monthly - OCT 26,4840.0,CALL,13,6292000.0,46578.28698175375,117429,0.011070519207350825
Monthly - OCT 26,4845.0,CALL,19,9205500.0,66715.22980504611,117429,0.016179989610743514
Monthly - OCT 26,4845.0,PUT,20,9690000.0,959424.4456988717,117429,0.01703156801130896
Monthly - OCT 26,4850.0,CALL,501,242985000.0,1723902.1841391728,117429,0.4266407786832895
Monthly - OCT 26,4850.0,PUT,81,39285000.0,3920112.654252509,117429,0.06897785044580129
Monthly - OCT 26,4855.0,CALL,5,2427500.0,16858.569412329358,117429,0.00425789200282724
Monthly - OCT 26,4860.0,CALL,129,62694000.0,426175.6028403337,117429,0.10985361367294279
Monthly - OCT 26,4865.0,CALL,19,9243500.0,61499.700820754995,117429,0.016179989610743514
Monthly - OCT 26,4870.0,CALL,38,18506000.0,120502.46322355905,117429,0.03235997922148703
Monthly - OCT 26,4875.0,CALL,18,8775000.0,55917.81408651043,117429,0.015328411210178066
Monthly - OCT 26,4875.0,PUT,1,487500.0,50540.2532151149,117429,0.0008515784005654481
Monthly - OCT 26,4880.0,CALL,24,11712000.0,73034.27661067717,117429,0.020437881613570755
Monthly - OCT 26,4880.0,PUT,5,2440000.0,254862.1922240063,117429,0.00425789200282724
Monthly - OCT 26,4885.0,CALL,56,27356000.0,166922.09000721277,117429,0.04768839043166509
Monthly - OCT 26,4890.0,CALL,20,9780000.0,58390.01627759535,117429,0.01703156801130896
Monthly - OCT 26,4895.0,CALL,13,6363500.0,37171.26276230142,117429,0.011070519207350825
Monthly - OCT 26,4895.0,PUT,5,2447500.0,261377.8914231243,117429,0.00425789200282724
Monthly - OCT 26,4900.0,CALL,3200,1568000000.0,8960698.85813562,117429,2.725050881809434
Monthly - OCT 26,4900.0,PUT,94,46060000.0,4954937.810868018,117429,0.08004836965315212
Monthly - OCT 26,4905.0,CALL,56,27468000.0,153560.84134765016,117429,0.04768839043166509
Monthly - OCT 26,4910.0,CALL,155,76105000.0,416195.4696366193,117429,0.13199465208764444
Monthly - OCT 26,4910.0,PUT,1,491000.0,53588.289235813776,117429,0.0008515784005654481
Monthly - OCT 26,4915.0,CALL,30,14745000.0,78873.80166925027,117429,0.02554735201696344
Monthly - OCT 26,4920.0,CALL,143,70356000.0,368100.2672103692,117429,0.12177571128085907
Monthly - OCT 26,4920.0,PUT,1,492000.0,54468.55611224487,117429,0.0008515784005654481
Monthly - OCT 26,4925.0,CALL,150,73875000.0,378018.16518167354,117429,0.1277367600848172
Monthly - OCT 26,4925.0,PUT,9,4432500.0,494191.665617964,117429,0.007664205605089033
Monthly - OCT 26,4930.0,CALL,34,16762000.0,83881.15771337628,117429,0.028953665619225234
Monthly - OCT 26,4935.0,CALL,27,13324500.0,65205.789401596645,117429,0.022992616815267097
Monthly - OCT 26,4935.0,PUT,5,2467500.0,278981.8220021034,117429,0.00425789200282724
Monthly - OCT 26,4940.0,CALL,7,3458000.0,16547.41528034684,117429,0.005961048803958136
Monthly - OCT 26,4945.0,CALL,9,4450500.0,20823.668546196568,117429,0.007664205605089033
Monthly - OCT 26,4950.0,CALL,2020,999900000.0,4574268.114715703,117429,1.7201883691422049
Monthly - OCT 26,4955.0,CALL,29,14369500.0,64268.28355470801,117429,0.024695773616397992
Monthly - OCT 26,4960.0,CALL,163,80848000.0,353498.63431515417,117429,0.13880727929216802
Monthly - OCT 26,4965.0,CALL,16,7944000.0,33954.28289951196,117429,0.01362525440904717
Monthly - OCT 26,4965.0,PUT,13,6454500.0,760204.7886181186,117429,0.011070519207350825
Monthly - OCT 26,4970.0,CALL,33,16401000.0,68522.94359258674,117429,0.028102087218659783
Monthly - OCT 26,4975.0,CALL,15,7462500.0,30474.31157252919,117429,0.01277367600848172
Monthly - OCT 26,4980.0,CALL,32,15936000.0,63604.276100714924,117429,0.02725050881809434
Monthly - OCT 26,4980.0,PUT,1,498000.0,59829.689172900406,117429,0.0008515784005654481
Monthly - OCT 26,4985.0,CALL,39,19441500.0,75834.6677415582,117429,0.033211557622052475
Monthly - OCT 26,4990.0,CALL,27,13473000.0,51357.86735130759,117429,0.022992616815267097
Monthly - OCT 26,4995.0,CALL,14,6993000.0,26048.607714849277,117429,0.011922097607916272
Monthly - OCT 26,5000.0,CALL,4940,2470000000.0,8990212.453932492,117429,4.2067972987933135
Monthly - OCT 26,5000.0,PUT,54,27000000.0,3328801.8660025983,117429,0.045985233630534195
Monthly - OCT 26,5005.0,CALL,112,56056000.0,199352.1186794983,117429,0.09537678086333018
Monthly - OCT 26,5010.0,CALL,20,10020000.0,34814.967443930414,117429,0.01703156801130896
Monthly - OCT 26,5010.0,PUT,1,501000.0,62556.61750456852,117429,0.0008515784005654481
Monthly - OCT 26,5015.0,CALL,16,8024000.0,27237.20380539753,117429,0.01362525440904717
Monthly - OCT 26,5020.0,CALL,3,1506000.0,4993.9448926215955,117429,0.0025547352016963443
Monthly - OCT 26,5025.0,CALL,17,8542500.0,27670.997581268206,117429,0.014476832809612617
Monthly - OCT 26,5030.0,CALL,126,63378000.0,200527.2201161358,117429,0.10729887847124644
Monthly - OCT 26,5035.0,CALL,21,10573500.0,32675.519684159008,117429,0.01788314641187441
Monthly - OCT 26,5040.0,CALL,7,3528000.0,10648.176356994038,117429,0.005961048803958136
Monthly - OCT 26,5045.0,CALL,14,7063000.0,20818.66239216572,117429,0.011922097607916272
Monthly - OCT 26,5050.0,CALL,522,263610000.0,758781.1353178082,117429,0.4445239250951639
Monthly - OCT 26,5050.0,PUT,25,12625000.0,1655863.940584236,117429,0.021289460014136202
Monthly - OCT 26,5055.0,CALL,11,5560500.0,15629.08759906294,117429,0.00936736240621993
Monthly - OCT 26,5060.0,CALL,24,12144000.0,33328.887890107624,117429,0.020437881613570755
Monthly - OCT 26,5065.0,CALL,9,4558500.0,12215.028729002204,117429,0.007664205605089033
Monthly - OCT 26,5070.0,CALL,17,8619000.0,22548.471573643048,117429,0.014476832809612617
Monthly - OCT 26,5075.0,CALL,14,7105000.0,18146.224072045232,117429,0.011922097607916272
Monthly - OCT 26,5080.0,CALL,126,64008000.0,159585.2346963103,117429,0.10729887847124644
Monthly - OCT 26,5085.0,CALL,9,4576500.0,11137.87965715548,117429,0.007664205605089033
Monthly - OCT 26,5090.0,CALL,5,2545000.0,6045.633683158314,117429,0.00425789200282724
Monthly - OCT 26,5095.0,CALL,18,9171000.0,21263.27450950347,117429,0.015328411210178066
Monthly - OCT 26,5100.0,CALL,1014,517140000.0,1170187.5050482526,117429,0.8635004981733644
Monthly - OCT 26,5100.0,PUT,1,510000.0,70891.34096529629,117429,0.0008515784005654481
Monthly - OCT 26,5105.0,CALL,8,4084000.0,9018.64795598326,117429,0.006812627204523585
Monthly - OCT 26,5110.0,CALL,7,3577000.0,7708.281389431942,117429,0.005961048803958136
Monthly - OCT 26,5115.0,CALL,29,14833500.0,31191.751232742456,117429,0.024695773616397992
Monthly - OCT 26,5120.0,CALL,14,7168000.0,14707.072938732956,117429,0.011922097607916272
Monthly - OCT 26,5125.0,CALL,14,7175000.0,14363.389823796944,117429,0.011922097607916272
Monthly - OCT 26,5130.0,CALL,7,3591000.0,7013.453887752905,117429,0.005961048803958136
Monthly - OCT 26,5135.0,CALL,6,3081000.0,5870.3566244077765,117429,0.005109470403392689
Monthly - OCT 26,5140.0,CALL,16,8224000.0,15285.756042095318,117429,0.01362525440904717
Monthly - OCT 26,5145.0,CALL,4,2058000.0,3731.2560999544417,117429,0.0034063136022617923
Monthly - OCT 26,5150.0,CALL,610,314150000.0,555555.5490139417,117429,0.5194628243449233
Monthly - OCT 26,5150.0,PUT,1,515000.0,75604.4126762562,117429,0.0008515784005654481
Monthly - OCT 26,5155.0,CALL,3,1546500.0,2667.4482435530335,117429,0.0025547352016963443
Monthly - OCT 26,5160.0,CALL,16,8256000.0,13888.213006320666,117429,0.01362525440904717
Monthly - OCT 26,5165.0,CALL,5,2582500.0,4236.650315220274,117429,0.00425789200282724
Monthly - OCT 26,5170.0,CALL,13,6721000.0,10752.187517930208,117429,0.011070519207350825
Monthly - OCT 26,5175.0,CALL,8,4140000.0,6458.3117170590185,117429,0.006812627204523585
Monthly - OCT 26,5180.0,CALL,10,5180000.0,7879.148276726341,117429,0.00851578400565448
Monthly - OCT 26,5185.0,CALL,8,4148000.0,6151.687715036837,117429,0.006812627204523585
Monthly - OCT 26,5195.0,CALL,113,58703500.0,82747.94933975108,117429,0.09622835926389563
Monthly - OCT 26,5200.0,CALL,4201,2184520000.0,3001795.1223111073,117429,3.577480860775447
Monthly - OCT 26,5200.0,PUT,101,52520000.0,8116821.049752453,117429,0.08600941845711026
Monthly - OCT 26,5205.0,CALL,3,1561500.0,2091.578301171728,117429,0.0025547352016963443
Monthly - OCT 26,5210.0,CALL,14,7294000.0,9523.144993768517,117429,0.011922097607916272
Monthly - OCT 26,5220.0,CALL,17,8874000.0,11005.895335416037,117429,0.014476832809612617
Monthly - OCT 26,5225.0,CALL,2,1045000.0,1263.0808451108692,117429,0.0017031568011308962
Monthly - OCT 26,5230.0,CALL,1,523000.0,616.0287876322684,117429,0.0008515784005654481
Monthly - OCT 26,5230.0,PUT,1,523000.0,83239.86422921024,117429,0.0008515784005654481
Monthly - OCT 26,5235.0,CALL,8,4188000.0,4806.91066911761,117429,0.006812627204523585
Monthly - OCT 26,5240.0,CALL,1,524000.0,586.0387967652258,117429,0.0008515784005654481
Monthly - OCT 26,5245.0,CALL,25,13112500.0,14288.675451342315,117429,0.021289460014136202
Monthly - OCT 26,5250.0,CALL,1175,616875000.0,654923.7824465882,117429,1.0006046206644015
Monthly - OCT 26,5250.0,PUT,76,39900000.0,6472445.742963206,117429,0.06471995844297405
Monthly - OCT 26,5255.0,CALL,6,3153000.0,3261.2227090519355,117429,0.005109470403392689
Monthly - OCT 26,5270.0,CALL,6,3162000.0,3023.166954805015,117429,0.005109470403392689
Monthly - OCT 26,5275.0,CALL,36,18990000.0,17684.454544803168,117429,0.030656822420356132
Monthly - OCT 26,5295.0,CALL,18,9531000.0,7984.198731621285,117429,0.015328411210178066
Monthly - OCT 26,5300.0,CALL,537,284610000.0,232161.33445012287,117429,0.4572976011036456
Monthly - OCT 26,5305.0,CALL,3,1591500.0,1264.065174536404,117429,0.0025547352016963443
Monthly - OCT 26,5310.0,CALL,4,2124000.0,1642.542775653419,117429,0.0034063136022617923
Monthly - OCT 26,5315.0,CALL,32,17008000.0,12805.339159891582,117429,0.02725050881809434
Monthly - OCT 26,5320.0,CALL,2,1064000.0,779.8866456402209,117429,0.0017031568011308962
Monthly - OCT 26,5325.0,CALL,17,9052500.0,6459.320095295962,117429,0.014476832809612617
Monthly - OCT 26,5330.0,CALL,16,8528000.0,5923.389998130187,117429,0.01362525440904717
Monthly - OCT 26,5340.0,CALL,17,9078000.0,5973.8258301952,117429,0.014476832809612617
Monthly - OCT 26,5345.0,CALL,176,94072000.0,60250.02412929252,117429,0.14987779849951888
Monthly - OCT 26,5350.0,CALL,182,97370000.0,60692.23266466937,117429,0.15498726890291156
Monthly - OCT 26,5355.0,CALL,41,21955500.0,13318.00102231535,117429,0.03491471442318337
Monthly - OCT 26,5365.0,CALL,1,536500.0,308.1563855279924,117429,0.0008515784005654481
Monthly - OCT 26,5375.0,CALL,2,1075000.0,584.5516298998092,117429,0.0017031568011308962
Monthly - OCT 26,5380.0,CALL,5,2690000.0,1423.1101007930106,117429,0.00425789200282724
Monthly - OCT 26,5385.0,CALL,2,1077000.0,554.3074035215454,117429,0.0017031568011308962
Monthly - OCT 26,5390.0,CALL,5,2695000.0,1349.3340851135756,117429,0.00425789200282724
Monthly - OCT 26,5395.0,CALL,17,9171500.0,4466.875768745212,117429,0.014476832809612617
Monthly - OCT 26,5400.0,CALL,710,383400000.0,181633.30144227692,117429,0.6046206644014681
Monthly - OCT 26,5405.0,CALL,15,8107500.0,3735.831833825813,117429,0.01277367600848172
Monthly - OCT 26,5410.0,CALL,1,541000.0,242.45536192170647,117429,0.0008515784005654481
Monthly - OCT 26,5420.0,CALL,2,1084000.0,459.4770764264922,117429,0.0017031568011308962
Monthly - OCT 26,5430.0,CALL,8,4344000.0,1741.1399041699838,117429,0.006812627204523585
Monthly - OCT 26,5435.0,CALL,232,126092000.0,49141.91889071659,117429,0.19756618893118394
Monthly - OCT 26,5440.0,CALL,2,1088000.0,412.2794114513141,117429,0.0017031568011308962
Monthly - OCT 26,5450.0,CALL,76,41420000.0,14835.484296498928,117429,0.06471995844297405
Monthly - OCT 26,5455.0,CALL,177,96553500.0,33619.4383653409,117429,0.1507293769000843
Monthly - OCT 26,5460.0,CALL,4,2184000.0,739.2366654680728,117429,0.0034063136022617923
Monthly - OCT 26,5470.0,CALL,1,547000.0,174.9315489963884,117429,0.0008515784005654481
Monthly - OCT 26,5475.0,CALL,6,3285000.0,1021.0753665822665,117429,0.005109470403392689
Monthly - OCT 26,5480.0,CALL,2,1096000.0,331.0948355834455,117429,0.0017031568011308962
Monthly - OCT 26,5485.0,CALL,26,14261000.0,4186.866599532217,117429,0.02214103841470165
Monthly - OCT 26,5500.0,CALL,3072,1689600000.0,455179.36248980334,117429,2.6160488465370566
Monthly - SEP 26,3225.0,PUT,14,4515000.0,0.4174970189079398,138361,0.01011845823606363
Monthly - SEP 26,3230.0,PUT,1,323000.0,0.0332030313485672,138361,0.0007227470168616879
Monthly - SEP 26,3240.0,PUT,1,324000.0,0.04108370110071542,138361,0.0007227470168616879
Monthly - SEP 26,3250.0,PUT,37,12025000.0,1.8762363371068451,138361,0.026741639623882454
Monthly - SEP 26,3265.0,PUT,1,326500.0,0.0692174019623043,138361,0.0007227470168616879
Monthly - SEP 26,3270.0,PUT,17,5559000.0,1.3037079918160777,138361,0.012286699286648696
Monthly - SEP 26,3280.0,PUT,2,656000.0,0.187936173725127,138361,0.0014454940337233757
Monthly - SEP 26,3285.0,PUT,2,657000.0,0.2078479128816868,138361,0.0014454940337233757
Monthly - SEP 26,3290.0,PUT,4,1316000.0,0.45946569054743924,138361,0.0028909880674467515
Monthly - SEP 26,3295.0,PUT,8,2636000.0,1.0150883387956111,138361,0.005781976134893503
Monthly - SEP 26,3300.0,PUT,70,23100000.0,9.805667676468953,138361,0.05059229118031816
Monthly - SEP 26,3310.0,PUT,1,331000.0,0.1704307638501601,138361,0.0007227470168616879
Monthly - SEP 26,3320.0,PUT,2,664000.0,0.4137510259200117,138361,0.0014454940337233757
Monthly - SEP 26,3325.0,PUT,52,17290000.0,11.841807224559098,138361,0.03758284487680777
Monthly - SEP 26,3330.0,PUT,8,2664000.0,2.0042954233614907,138361,0.005781976134893503
Monthly - SEP 26,3335.0,PUT,12,4002000.0,3.3056951455329386,138361,0.008672964202340254
Monthly - SEP 26,3340.0,PUT,19,6346000.0,5.751734217322587,138361,0.013732193320372071
Monthly - SEP 26,3345.0,PUT,1,334500.0,0.3324787193222767,138361,0.0007227470168616879
Monthly - SEP 26,3350.0,PUT,331,110885000.0,120.7999119198598,138361,0.2392292625812187
Monthly - SEP 26,3360.0,PUT,1,336000.0,0.4389965064253598,138361,0.0007227470168616879
Monthly - SEP 26,3365.0,PUT,1,336500.0,0.4810729972630656,138361,0.0007227470168616879
Monthly - SEP 26,3370.0,PUT,8,2696000.0,4.2151351541360516,138361,0.005781976134893503
Monthly - SEP 26,3375.0,PUT,18,6075000.0,10.381647787735615,138361,0.013009446303510384
Monthly - SEP 26,3380.0,PUT,4,1352000.0,2.523997279296597,138361,0.0028909880674467515
Monthly - SEP 26,3385.0,PUT,19,6431500.0,13.109361384769747,138361,0.013732193320372071
Monthly - SEP 26,3390.0,PUT,23,7797000.0,17.342825285253948,138361,0.01662318138781882
Monthly - SEP 26,3395.0,PUT,18,6111000.0,14.825000673181709,138361,0.013009446303510384
Monthly - SEP 26,3400.0,PUT,621,211140000.0,558.3560581705035,138361,0.4488258974711082
Monthly - SEP 26,3405.0,PUT,38,12939000.0,37.27940211361525,138361,0.027464386640744142
Monthly - SEP 26,3410.0,PUT,3,1023000.0,3.209531753786077,138361,0.0021682410505850635
Monthly - SEP 26,3415.0,PUT,27,9220500.0,31.483985900324097,138361,0.019514169455265573
Monthly - SEP 26,3420.0,PUT,8,2736000.0,10.162322323668427,138361,0.005781976134893503
Monthly - SEP 26,3425.0,PUT,3,1027500.0,4.149290485057278,138361,0.0021682410505850635
Monthly - SEP 26,3430.0,PUT,6,2058000.0,9.030817678032555,138361,0.004336482101170127
Monthly - SEP 26,3435.0,PUT,4,1374000.0,6.548377982863451,138361,0.0028909880674467515
Monthly - SEP 26,3440.0,PUT,27,9288000.0,48.05196716160764,138361,0.019514169455265573
Monthly - SEP 26,3445.0,PUT,21,7234500.0,40.60851807261232,138361,0.015177687354095444
Monthly - SEP 26,3450.0,PUT,131,45195000.0,275.1043141578296,138361,0.09467985920888111
Monthly - SEP 26,3455.0,PUT,5,1727500.0,11.397332670599614,138361,0.003613735084308439
Monthly - SEP 26,3460.0,PUT,68,23528000.0,168.16249262545995,138361,0.049146797146594784
Monthly - SEP 26,3465.0,PUT,44,15246000.0,117.98880917882863,138361,0.03180086874191426
Monthly - SEP 26,3470.0,PUT,7,2429000.0,20.34398549970127,138361,0.005059229118031815
Monthly - SEP 26,3475.0,PUT,121,42047500.0,380.9396521733347,138361,0.08745238904026423
Monthly - SEP 26,3480.0,PUT,954,331992000.0,3251.890922293703,138361,0.6895006540860502
Monthly - SEP 26,3485.0,PUT,53,18470500.0,195.508314090543,138361,0.03830559189366946
Monthly - SEP 26,3490.0,PUT,15,5235000.0,59.850581491402764,138361,0.010841205252925317
Monthly - SEP 26,3495.0,PUT,28,9786000.0,120.78413421696759,138361,0.02023691647212726
Monthly - SEP 26,3500.0,CALL,4,1400000.0,349768.03217829386,138361,0.0028909880674467515
Monthly - SEP 26,3500.0,PUT,1238,433300000.0,5770.789541745793,138361,0.8947608068747696
Monthly - SEP 26,3505.0,PUT,34,11917000.0,171.17692577497374,138361,0.024573398573297392
Monthly - SEP 26,3510.0,PUT,15,5265000.0,81.52658490654252,138361,0.010841205252925317
Monthly - SEP 26,3515.0,PUT,28,9842000.0,164.20964659581702,138361,0.02023691647212726
Monthly - SEP 26,3520.0,CALL,9,3168000.0,769076.6862732966,138361,0.006504723151755192
Monthly - SEP 26,3520.0,PUT,59,20768000.0,373.17902893635454,138361,0.04264207399483959
Monthly - SEP 26,3525.0,PUT,27,9517500.0,184.0969036916561,138361,0.019514169455265573
Monthly - SEP 26,3530.0,PUT,36,12708000.0,264.4823008123595,138361,0.02601889260702077
Monthly - SEP 26,3535.0,PUT,33,11665500.0,261.10447149011964,138361,0.0238506515564357
Monthly - SEP 26,3540.0,PUT,51,18054000.0,434.3828099208365,138361,0.03686009785994608
Monthly - SEP 26,3545.0,PUT,21,7444500.0,192.45120089372253,138361,0.015177687354095444
Monthly - SEP 26,3550.0,PUT,84,29820000.0,827.898782342918,138361,0.06071074941638178
Monthly - SEP 26,3555.0,PUT,38,13509000.0,402.6028893444842,138361,0.027464386640744142
Monthly - SEP 26,3560.0,PUT,33,11748000.0,375.666285771522,138361,0.0238506515564357
Monthly - SEP 26,3565.0,PUT,32,11408000.0,391.2315363849359,138361,0.02312790453957401
Monthly - SEP 26,3570.0,PUT,93,33201000.0,1220.573595381419,138361,0.06721547256813697
Monthly - SEP 26,3575.0,PUT,112,40040000.0,1577.243260282225,138361,0.08094766588850905
Monthly - SEP 26,3580.0,PUT,276,98808000.0,4168.624748814927,138361,0.1994781766538259
Monthly - SEP 26,3585.0,PUT,294,105399000.0,4760.345503069053,138361,0.21248762295733625
Monthly - SEP 26,3590.0,PUT,45,16155000.0,780.7578739651868,138361,0.03252361575877595
Monthly - SEP 26,3595.0,PUT,40,14380000.0,743.331920026705,138361,0.028909880674467512
Monthly - SEP 26,3600.0,CALL,1,360000.0,77503.70893663462,138361,0.0007227470168616879
Monthly - SEP 26,3600.0,PUT,1428,514080000.0,28410.38189582719,138361,1.0320827400784902
Monthly - SEP 26,3605.0,PUT,90,32445000.0,1916.1323663785001,138361,0.0650472315175519
Monthly - SEP 26,3610.0,PUT,123,44403000.0,2801.1168029079818,138361,0.0888978830739876
Monthly - SEP 26,3615.0,PUT,57,20605500.0,1387.8865352681132,138361,0.04119657996111621
Monthly - SEP 26,3620.0,PUT,50,18100000.0,1301.1066896263835,138361,0.03613735084308439
Monthly - SEP 26,3625.0,PUT,85,30812500.0,2362.856436689515,138361,0.061433496433243466
Monthly - SEP 26,3630.0,PUT,52,18876000.0,1543.5114878330787,138361,0.03758284487680777
Monthly - SEP 26,3635.0,PUT,17,6179500.0,538.5884863364162,138361,0.012286699286648696
Monthly - SEP 26,3640.0,PUT,71,25844000.0,2399.841274960407,138361,0.05131503819717985
Monthly - SEP 26,3645.0,PUT,38,13851000.0,1369.7430036877236,138361,0.027464386640744142
Monthly - SEP 26,3650.0,CALL,44,16060000.0,3192000.7360271635,138361,0.03180086874191426
Monthly - SEP 26,3650.0,PUT,467,170455000.0,17944.025914279187,138361,0.33752285687440825
Monthly - SEP 26,3655.0,PUT,32,11696000.0,1310.1396012130976,138361,0.02312790453957401
Monthly - SEP 26,3660.0,PUT,59,21594000.0,2572.777065580513,138361,0.04264207399483959
Monthly - SEP 26,3665.0,PUT,51,18691500.0,2367.672930112514,138361,0.03686009785994608
Monthly - SEP 26,3670.0,PUT,42,15414000.0,2075.0182951982965,138361,0.03035537470819089
Monthly - SEP 26,3675.0,PUT,60,22050000.0,3153.3021751243095,138361,0.04336482101170127
Monthly - SEP 26,3680.0,PUT,76,27968000.0,4247.086413271802,138361,0.054928773281488284
Monthly - SEP 26,3685.0,PUT,38,14003000.0,2257.078171938407,138361,0.027464386640744142
Monthly - SEP 26,3690.0,CALL,1,369000.0,68588.74020652316,138361,0.0007227470168616879
Monthly - SEP 26,3690.0,PUT,95,35055000.0,5995.084489901028,138361,0.06866096660186034
Monthly - SEP 26,3695.0,PUT,23,8498500.0,1541.460144066148,138361,0.01662318138781882
Monthly - SEP 26,3700.0,CALL,51,18870000.0,3447672.8621153496,138361,0.03686009785994608
Monthly - SEP 26,3700.0,PUT,1126,416620000.0,80112.54685954755,138361,0.8138131409862606
Monthly - SEP 26,3705.0,PUT,249,92254500.0,18799.44201216456,138361,0.1799640071985603
Monthly - SEP 26,3710.0,PUT,48,17808000.0,3844.120099251461,138361,0.034691856809361016
Monthly - SEP 26,3715.0,PUT,36,13374000.0,3057.002507245312,138361,0.02601889260702077
Monthly - SEP 26,3720.0,PUT,115,42780000.0,10350.398073337337,138361,0.08311590693909411
Monthly - SEP 26,3725.0,PUT,109,40602500.0,10393.954454452649,138361,0.07877942483792398
Monthly - SEP 26,3730.0,PUT,29,10817000.0,2928.7171607854602,138361,0.02095966348898895
Monthly - SEP 26,3735.0,PUT,46,17181000.0,4918.053541092849,138361,0.03324636277563764
Monthly - SEP 26,3740.0,PUT,65,24310000.0,7354.217433654196,138361,0.04697855609600971
Monthly - SEP 26,3745.0,PUT,22,8239000.0,2633.0918922408314,138361,0.01590043437095713
Monthly - SEP 26,3750.0,CALL,1,375000.0,62680.074417711105,138361,0.0007227470168616879
Monthly - SEP 26,3750.0,PUT,1140,427500000.0,144278.55412003235,138361,0.8239315992223242
Monthly - SEP 26,3755.0,PUT,159,59704500.0,21270.703250828723,138361,0.11491677568100837
Monthly - SEP 26,3760.0,PUT,33,12408000.0,4664.676014621534,138361,0.0238506515564357
Monthly - SEP 26,3765.0,PUT,109,41038500.0,16273.940177920795,138361,0.07877942483792398
Monthly - SEP 26,3770.0,PUT,31,11687000.0,4886.785271625497,138361,0.022405157522712323
Monthly - SEP 26,3775.0,PUT,142,53605000.0,23625.59444903859,138361,0.1026300763943597
Monthly - SEP 26,3780.0,PUT,170,64260000.0,29841.075351237065,138361,0.12286699286648693
Monthly - SEP 26,3785.0,CALL,18,6813000.0,1066588.3319545998,138361,0.013009446303510384
Monthly - SEP 26,3785.0,PUT,51,19303500.0,9441.608664463376,138361,0.03686009785994608
Monthly - SEP 26,3790.0,PUT,52,19708000.0,10149.142994999556,138361,0.03758284487680777
Monthly - SEP 26,3795.0,PUT,168,63756000.0,34556.22264943102,138361,0.12142149883276356
Monthly - SEP 26,3800.0,CALL,2,760000.0,115586.886209577,138361,0.0014454940337233757
Monthly - SEP 26,3800.0,PUT,1252,475760000.0,271302.5137263869,138361,0.9048792651108332
Monthly - SEP 26,3805.0,PUT,39,14839500.0,8899.978563761319,138361,0.028187133657605827
Monthly - SEP 26,3810.0,PUT,81,30861000.0,19459.308236868525,138361,0.05854250836579671
Monthly - SEP 26,3815.0,PUT,61,23271500.0,15421.769175334992,138361,0.04408756802856296
Monthly - SEP 26,3820.0,PUT,99,37818000.0,26329.72365462288,138361,0.0715519546693071
Monthly - SEP 26,3825.0,CALL,1,382500.0,55368.04585056534,138361,0.0007227470168616879
Monthly - SEP 26,3825.0,PUT,586,224145000.0,163893.23148453544,138361,0.4235297518809491
Monthly - SEP 26,3830.0,PUT,62,23746000.0,18228.61757588212,138361,0.04481031504542465
Monthly - SEP 26,3835.0,PUT,10,3835000.0,3089.6396026443254,138361,0.007227470168616878
Monthly - SEP 26,3840.0,PUT,197,75648000.0,63939.28177243831,138361,0.14238116232175252
Monthly - SEP 26,3845.0,PUT,171,65749500.0,58282.75244753586,138361,0.12358973988334863
Monthly - SEP 26,3850.0,CALL,1,385000.0,52957.77763753403,138361,0.0007227470168616879
Monthly - SEP 26,3850.0,PUT,935,359975000.0,334539.5474957276,138361,0.6757684607656782
Monthly - SEP 26,3855.0,PUT,30,11565000.0,11264.172623886338,138361,0.021682410505850635
Monthly - SEP 26,3860.0,PUT,55,21230000.0,21663.767071004713,138361,0.039751085927392835
Monthly - SEP 26,3865.0,PUT,27,10435500.0,11152.702864875733,138361,0.019514169455265573
Monthly - SEP 26,3870.0,PUT,28,10836000.0,12124.730324721917,138361,0.02023691647212726
Monthly - SEP 26,3875.0,CALL,1,387500.0,50565.39875719259,138361,0.0007227470168616879
Monthly - SEP 26,3875.0,PUT,398,154225000.0,180612.6647723925,138361,0.2876533127109518
Monthly - SEP 26,3880.0,PUT,48,18624000.0,22819.78723314355,138361,0.034691856809361016
Monthly - SEP 26,3885.0,PUT,63,24475500.0,31366.86036863963,138361,0.045533062062286335
Monthly - SEP 26,3890.0,CALL,9,3501000.0,442258.3662607237,138361,0.006504723151755192
Monthly - SEP 26,3890.0,PUT,28,10892000.0,14595.009081751323,138361,0.02023691647212726
Monthly - SEP 26,3895.0,PUT,74,28823000.0,40369.219145597555,138361,0.05348327924776491
Monthly - SEP 26,3900.0,CALL,5,1950000.0,240969.8388363381,138361,0.003613735084308439
Monthly - SEP 26,3900.0,PUT,2666,1039740000.0,1521627.267254599,138361,1.92684354695326
Monthly - SEP 26,3905.0,PUT,73,28506500.0,43577.11577102634,138361,0.05276053223090322
Monthly - SEP 26,3910.0,CALL,2,782000.0,94504.00261900295,138361,0.0014454940337233757
Monthly - SEP 26,3910.0,PUT,174,68034000.0,108600.3166616892,138361,0.1257579809339337
Monthly - SEP 26,3915.0,PUT,57,22315500.0,37184.539948149315,138361,0.04119657996111621
Monthly - SEP 26,3920.0,CALL,17,6664000.0,787340.4791257196,138361,0.012286699286648696
Monthly - SEP 26,3920.0,PUT,55,21560000.0,37490.0662179497,138361,0.039751085927392835
Monthly - SEP 26,3925.0,CALL,10,3925000.0,458468.32411257765,138361,0.007227470168616878
Monthly - SEP 26,3925.0,PUT,106,41605000.0,75472.08432888659,138361,0.07661118378733892
Monthly - SEP 26,3930.0,CALL,2,786000.0,90761.26959420044,138361,0.0014454940337233757
Monthly - SEP 26,3930.0,PUT,54,21222000.0,40147.910767145724,138361,0.039028338910531146
Monthly - SEP 26,3935.0,PUT,120,47220000.0,93132.58282352285,138361,0.08672964202340254
Monthly - SEP 26,3940.0,PUT,153,60282000.0,123915.68704391012,138361,0.11058029357983824
Monthly - SEP 26,3945.0,PUT,510,201195000.0,430906.93396441295,138361,0.36860097859946084
Monthly - SEP 26,3950.0,CALL,7,2765000.0,304693.28299491724,138361,0.005059229118031815
Monthly - SEP 26,3950.0,PUT,1096,432920000.0,965755.1727987903,138361,0.7921307304804099
Monthly - SEP 26,3955.0,CALL,1,395500.0,43067.45360145105,138361,0.0007227470168616879
Monthly - SEP 26,3955.0,PUT,46,18193000.0,42259.36608847502,138361,0.03324636277563764
Monthly - SEP 26,3960.0,CALL,1,396000.0,42608.597807231854,138361,0.0007227470168616879
Monthly - SEP 26,3960.0,PUT,128,50688000.0,122560.34878626888,138361,0.09251161815829605
Monthly - SEP 26,3965.0,CALL,8,3172000.0,337208.61429311696,138361,0.005781976134893503
Monthly - SEP 26,3965.0,PUT,118,46787000.0,117723.68552701417,138361,0.08528414798967918
Monthly - SEP 26,3970.0,PUT,55,21835000.0,57154.97559120647,138361,0.039751085927392835
Monthly - SEP 26,3975.0,CALL,14,5565000.0,577362.3778732205,138361,0.01011845823606363
Monthly - SEP 26,3975.0,PUT,82,32595000.0,88732.5861066759,138361,0.0592652553826584
Monthly - SEP 26,3980.0,CALL,15,5970000.0,611802.750636153,138361,0.010841205252925317
Monthly - SEP 26,3980.0,PUT,98,39004000.0,110393.23195529981,138361,0.07082920765244541
Monthly - SEP 26,3985.0,CALL,15,5977500.0,605024.958067843,138361,0.010841205252925317
Monthly - SEP 26,3985.0,PUT,74,29489000.0,86749.11666222085,138361,0.05348327924776491
Monthly - SEP 26,3990.0,CALL,17,6783000.0,678038.9657248387,138361,0.012286699286648696
Monthly - SEP 26,3990.0,PUT,48,19152000.0,58541.272609837506,138361,0.034691856809361016
Monthly - SEP 26,3995.0,CALL,13,5193500.0,512665.7574557054,138361,0.009395711219201942
Monthly - SEP 26,3995.0,PUT,103,41148500.0,130652.30160452912,138361,0.07444294273675385
Monthly - SEP 26,4000.0,CALL,129,51600000.0,5029526.654988594,138361,0.09323436517515774
Monthly - SEP 26,4000.0,PUT,2131,852400000.0,2810569.1223314786,138361,1.5401738929322568
Monthly - SEP 26,4005.0,CALL,94,37647000.0,3623035.7082938077,138361,0.06793821958499865
Monthly - SEP 26,4005.0,PUT,150,60075000.0,205639.17198390956,138361,0.10841205252925319
Monthly - SEP 26,4010.0,CALL,27,10827000.0,1028670.9767725654,138361,0.019514169455265573
Monthly - SEP 26,4010.0,PUT,75,30075000.0,106844.73446584477,138361,0.054206026264626596
Monthly - SEP 26,4015.0,CALL,88,35332000.0,3313779.8679361455,138361,0.06360173748382852
Monthly - SEP 26,4015.0,PUT,59,23688500.0,87316.3095430738,138361,0.04264207399483959
Monthly - SEP 26,4020.0,CALL,105,42210000.0,3907675.8974811453,138361,0.07588843677047723
Monthly - SEP 26,4020.0,PUT,180,72360000.0,276657.4111558423,138361,0.1300944630351038
Monthly - SEP 26,4025.0,CALL,186,74865000.0,6840535.872175643,138361,0.13443094513627393
Monthly - SEP 26,4025.0,PUT,442,177905000.0,705332.9559122126,138361,0.3194541814528661
Monthly - SEP 26,4030.0,CALL,17,6851000.0,617779.4122537905,138361,0.012286699286648696
Monthly - SEP 26,4030.0,PUT,77,31031000.0,127538.44265321441,138361,0.05565152029834997
Monthly - SEP 26,4035.0,CALL,42,16947000.0,1507996.0814200677,138361,0.03035537470819089
Monthly - SEP 26,4035.0,PUT,75,30262500.0,128904.24279376646,138361,0.054206026264626596
Monthly - SEP 26,4040.0,CALL,173,69892000.0,6136520.942554814,138361,0.125035233917072
Monthly - SEP 26,4040.0,PUT,391,157964000.0,697133.6848971223,138361,0.28259408359292
Monthly - SEP 26,4045.0,CALL,19,7685500.0,665753.4035767771,138361,0.013732193320372071
Monthly - SEP 26,4045.0,PUT,21,8494500.0,38830.27568883877,138361,0.015177687354095444
Monthly - SEP 26,4050.0,CALL,700,283500000.0,24227003.057115037,138361,0.5059229118031815
Monthly - SEP 26,4050.0,PUT,1325,536625000.0,2540142.8483986203,138361,0.9576397973417364
Monthly - SEP 26,4055.0,CALL,43,17436500.0,1469839.2968291773,138361,0.031078121725052577
Monthly - SEP 26,4055.0,PUT,136,55148000.0,270241.58134814486,138361,0.09829359429318957
Monthly - SEP 26,4060.0,CALL,32,12992000.0,1080211.2846749164,138361,0.02312790453957401
Monthly - SEP 26,4060.0,PUT,109,44254000.0,224435.41626778175,138361,0.07877942483792398
Monthly - SEP 26,4065.0,CALL,106,43089000.0,3533289.5006778906,138361,0.07661118378733892
Monthly - SEP 26,4065.0,PUT,97,39430500.0,206904.33054023,138361,0.07010646063558372
Monthly - SEP 26,4070.0,CALL,29,11803000.0,954427.5803651435,138361,0.02095966348898895
Monthly - SEP 26,4070.0,PUT,122,49654000.0,269508.6188841217,138361,0.08817513605712592
Monthly - SEP 26,4075.0,CALL,192,78240000.0,6238419.044941602,138361,0.13876742723744406
Monthly - SEP 26,4075.0,PUT,315,128362500.0,720478.6067013657,138361,0.2276653103114317
Monthly - SEP 26,4080.0,CALL,227,92616000.0,7280880.787241265,138361,0.16406357282760317
Monthly - SEP 26,4080.0,PUT,310,126480000.0,733927.840258351,138361,0.22405157522712324
Monthly - SEP 26,4085.0,CALL,65,26552500.0,2057843.2678849706,138361,0.04697855609600971
Monthly - SEP 26,4085.0,PUT,104,42484000.0,254794.62387329293,138361,0.07516568975361554
Monthly - SEP 26,4090.0,CALL,35,14315000.0,1093613.0795948815,138361,0.02529614559015908
Monthly - SEP 26,4090.0,PUT,76,31084000.0,192628.51656619692,138361,0.054928773281488284
Monthly - SEP 26,4095.0,CALL,150,61425000.0,4625292.229686986,138361,0.10841205252925319
Monthly - SEP 26,4095.0,PUT,163,66748500.0,427297.3173620981,138361,0.11780776374845513
Monthly - SEP 26,4100.0,CALL,1789,733490000.0,54433441.586221546,138361,1.2929944131655597
Monthly - SEP 26,4100.0,PUT,886,363260000.0,2401585.5166931762,138361,0.6403538569394556
Monthly - SEP 26,4105.0,CALL,75,30787500.0,2251537.7755022426,138361,0.054206026264626596
Monthly - SEP 26,4105.0,PUT,54,22167000.0,151309.6940934048,138361,0.039028338910531146
Monthly - SEP 26,4110.0,CALL,672,276192000.0,19902355.256327286,138361,0.4856859953310542
Monthly - SEP 26,4110.0,PUT,768,315648000.0,2223977.802378658,138361,0.5550697089497763
Monthly - SEP 26,4115.0,CALL,218,89707000.0,6368884.131444497,138361,0.15755884967584796
Monthly - SEP 26,4115.0,PUT,196,80654000.0,586421.3801561674,138361,0.14165841530489082
Monthly - SEP 26,4120.0,CALL,173,71276000.0,4985156.081184861,138361,0.125035233917072
Monthly - SEP 26,4120.0,PUT,196,80752000.0,605735.7943574289,138361,0.14165841530489082
Monthly - SEP 26,4125.0,CALL,171,70537500.0,4859688.642157193,138361,0.12358973988334863
Monthly - SEP 26,4125.0,PUT,146,60225000.0,465954.05274776276,138361,0.10552106446180644
Monthly - SEP 26,4130.0,CALL,163,67319000.0,4568074.924869084,138361,0.11780776374845513
Monthly - SEP 26,4130.0,PUT,185,76405000.0,609558.4380465827,138361,0.13370819811941226
Monthly - SEP 26,4135.0,CALL,122,50447000.0,3371258.5053280774,138361,0.08817513605712592
Monthly - SEP 26,4135.0,PUT,96,39696000.0,326481.9860728363,138361,0.06938371361872203
Monthly - SEP 26,4140.0,CALL,91,37674000.0,2479209.8535421756,138361,0.06576997853441359
Monthly - SEP 26,4140.0,PUT,62,25668000.0,217578.3705178336,138361,0.04481031504542465
Monthly - SEP 26,4145.0,CALL,37,15336500.0,993724.7101298814,138361,0.026741639623882454
Monthly - SEP 26,4145.0,PUT,54,22383000.0,195499.73580271934,138361,0.039028338910531146
Monthly - SEP 26,4150.0,CALL,1037,430355000.0,27452893.217468403,138361,0.7494886564855704
Monthly - SEP 26,4150.0,PUT,384,159360000.0,1433854.3682136282,138361,0.2775348544748881
Monthly - SEP 26,4155.0,CALL,69,28669500.0,1800344.944192718,138361,0.04986954416345647
Monthly - SEP 26,4155.0,PUT,65,27007500.0,250266.24271401265,138361,0.04697855609600971
Monthly - SEP 26,4160.0,CALL,33,13728000.0,848535.1744936175,138361,0.0238506515564357
Monthly - SEP 26,4160.0,PUT,92,38272000.0,365162.5294183622,138361,0.06649272555127528
Monthly - SEP 26,4165.0,CALL,35,14577500.0,886798.5680666963,138361,0.02529614559015908
Monthly - SEP 26,4165.0,PUT,105,43732500.0,429528.6885728351,138361,0.07588843677047723
Monthly - SEP 26,4170.0,CALL,31,12927000.0,773875.606920036,138361,0.022405157522712323
Monthly - SEP 26,4170.0,PUT,38,15846000.0,160172.028186346,138361,0.027464386640744142
Monthly - SEP 26,4175.0,CALL,274,114395000.0,6738508.722188686,138361,0.19803268262010248
Monthly - SEP 26,4175.0,PUT,202,84335000.0,877103.8549232382,138361,0.14599489740606095
Monthly - SEP 26,4180.0,CALL,412,172216000.0,9980796.691114526,138361,0.2977717709470154
Monthly - SEP 26,4180.0,PUT,127,53086000.0,567932.836732721,138361,0.09178887114143436
Monthly - SEP 26,4185.0,CALL,105,43942500.0,2505317.649492074,138361,0.07588843677047723
Monthly - SEP 26,4185.0,PUT,116,48546000.0,534124.5695288122,138361,0.0838386539559558
Monthly - SEP 26,4190.0,CALL,35,14665000.0,822427.35716422,138361,0.02529614559015908
Monthly - SEP 26,4190.0,PUT,30,12570000.0,142198.65596218072,138361,0.021682410505850635
Monthly - SEP 26,4195.0,CALL,29,12165500.0,671017.3707219721,138361,0.02095966348898895
Monthly - SEP 26,4195.0,PUT,124,52018000.0,604901.4352256522,138361,0.0896206300908493
Monthly - SEP 26,4200.0,CALL,1878,788760000.0,42784615.14831348,138361,1.3573188976662498
Monthly - SEP 26,4200.0,PUT,1067,448140000.0,5355693.611079648,138361,0.771171066991421
Monthly - SEP 26,4205.0,CALL,60,25230000.0,1345703.3911605512,138361,0.04336482101170127
Monthly - SEP 26,4205.0,PUT,65,27332500.0,335624.28275212424,138361,0.04697855609600971
Monthly - SEP 26,4210.0,CALL,26,10946000.0,574020.0224671406,138361,0.018791422438403885
Monthly - SEP 26,4210.0,PUT,66,27786000.0,350488.4110622006,138361,0.0477013031128714
Monthly - SEP 26,4215.0,CALL,17,7165500.0,369409.04191863595,138361,0.012286699286648696
Monthly - SEP 26,4215.0,PUT,83,34984500.0,453209.6798639479,138361,0.05998800239952009
Monthly - SEP 26,4220.0,CALL,326,137572000.0,6971563.4795407215,138361,0.23561552749691025
Monthly - SEP 26,4220.0,PUT,155,65410000.0,870054.4694703118,138361,0.11202578761356162
Monthly - SEP 26,4225.0,CALL,201,84922500.0,4229718.666541268,138361,0.14527215038919927
Monthly - SEP 26,4225.0,PUT,336,141960000.0,1938432.2805625407,138361,0.2428429976655271
Monthly - SEP 26,4230.0,CALL,46,19458000.0,952411.7001161729,138361,0.03324636277563764
Monthly - SEP 26,4230.0,PUT,72,30456000.0,426819.316734588,138361,0.05203778521404154
Monthly - SEP 26,4235.0,CALL,57,24139500.0,1161025.1225975228,138361,0.04119657996111621
Monthly - SEP 26,4235.0,PUT,24,10164000.0,146159.57608558674,138361,0.017345928404680508
Monthly - SEP 26,4240.0,CALL,336,142464000.0,6732154.843553834,138361,0.2428429976655271
Monthly - SEP 26,4240.0,PUT,180,76320000.0,1125895.0165543335,138361,0.1300944630351038
Monthly - SEP 26,4245.0,CALL,96,40752000.0,1891829.8746959583,138361,0.06938371361872203
Monthly - SEP 26,4245.0,PUT,19,8065500.0,122037.66551184336,138361,0.013732193320372071
Monthly - SEP 26,4250.0,CALL,1615,686375000.0,31298761.745308537,138361,1.167236432231626
Monthly - SEP 26,4250.0,PUT,1184,503200000.0,7807519.435247172,138361,0.8557324679642385
Monthly - SEP 26,4255.0,CALL,35,14892500.0,666981.8286277596,138361,0.02529614559015908
Monthly - SEP 26,4255.0,PUT,46,19573000.0,311348.7369156872,138361,0.03324636277563764
Monthly - SEP 26,4260.0,CALL,122,51972000.0,2285832.764987412,138361,0.08817513605712592
Monthly - SEP 26,4260.0,PUT,144,61344000.0,1000200.6596592753,138361,0.10407557042808308
Monthly - SEP 26,4265.0,CALL,75,31987500.0,1381438.906071555,138361,0.054206026264626596
Monthly - SEP 26,4265.0,PUT,52,22178000.0,370571.0235224466,138361,0.03758284487680777
Monthly - SEP 26,4270.0,CALL,630,269010000.0,11406271.245027285,138361,0.4553306206228634
Monthly - SEP 26,4270.0,PUT,67,28609000.0,489773.31802293076,138361,0.04842405012973309
Monthly - SEP 26,4275.0,CALL,256,109440000.0,4555358.555948699,138361,0.1850232363165921
Monthly - SEP 26,4275.0,PUT,154,65835000.0,1154523.0738740023,138361,0.11130304059669995
Monthly - SEP 26,4280.0,CALL,52,22256000.0,909309.9280003513,138361,0.03758284487680777
Monthly - SEP 26,4280.0,PUT,78,33384000.0,599581.3005136356,138361,0.056374267315211654
Monthly - SEP 26,4285.0,CALL,65,27852500.0,1116848.5195002158,138361,0.04697855609600971
Monthly - SEP 26,4285.0,PUT,22,9427000.0,173363.78242840662,138361,0.01590043437095713
Monthly - SEP 26,4290.0,CALL,126,54054000.0,2127011.980885536,138361,0.09106612412457267
Monthly - SEP 26,4290.0,PUT,189,81081000.0,1526479.503219368,138361,0.136599186186859
Monthly - SEP 26,4295.0,CALL,196,84182000.0,3250273.4250997487,138361,0.14165841530489082
Monthly - SEP 26,4295.0,PUT,17,7301500.0,140696.55578755063,138361,0.012286699286648696
Monthly - SEP 26,4300.0,CALL,2693,1157990000.0,43864217.67932492,138361,1.9463577164085255
Monthly - SEP 26,4300.0,PUT,1685,724550000.0,14287371.561714437,138361,1.2178287234119443
Monthly - SEP 26,4305.0,CALL,89,38314500.0,1423704.4502055068,138361,0.06432448450069021
Monthly - SEP 26,4305.0,PUT,70,30135000.0,607969.097362301,138361,0.05059229118031816
Monthly - SEP 26,4310.0,CALL,80,34480000.0,1256669.3906520996,138361,0.057819761348935024
Monthly - SEP 26,4310.0,PUT,25,10775000.0,222365.94086109675,138361,0.018068675421542196
Monthly - SEP 26,4315.0,CALL,54,23301000.0,832858.5719112427,138361,0.039028338910531146
Monthly - SEP 26,4315.0,PUT,131,56526500.0,1193050.2459871036,138361,0.09467985920888111
Monthly - SEP 26,4320.0,CALL,237,102384000.0,3588536.4263034416,138361,0.17129104299622003
Monthly - SEP 26,4320.0,PUT,168,72576000.0,1566285.412438733,138361,0.12142149883276356
Monthly - SEP 26,4325.0,CALL,372,160890000.0,5529022.506241707,138361,0.26886189027254787
Monthly - SEP 26,4325.0,PUT,300,129750000.0,2862679.176185579,138361,0.21682410505850638
Monthly - SEP 26,4330.0,CALL,166,71878000.0,2421556.6593510727,138361,0.11997600479904018
Monthly - SEP 26,4330.0,PUT,37,16021000.0,361292.69974842016,138361,0.026741639623882454
Monthly - SEP 26,4335.0,CALL,34,14739000.0,486733.404284486,138361,0.024573398573297392
Monthly - SEP 26,4335.0,PUT,36,15606000.0,359652.30662582774,138361,0.02601889260702077
Monthly - SEP 26,4340.0,CALL,74,32116000.0,1039474.9827615742,138361,0.05348327924776491
Monthly - SEP 26,4340.0,PUT,73,31682000.0,746008.1235384247,138361,0.05276053223090322
Monthly - SEP 26,4345.0,CALL,26,11297000.0,358319.1296475794,138361,0.018791422438403885
Monthly - SEP 26,4345.0,PUT,21,9124500.0,219481.74719312173,138361,0.015177687354095444
Monthly - SEP 26,4350.0,CALL,1354,588990000.0,18305167.963894263,138361,0.9785994608307255
Monthly - SEP 26,4350.0,PUT,566,246210000.0,6048847.572717242,138361,0.4090748115437154
Monthly - SEP 26,4355.0,CALL,50,21775000.0,663021.1691543058,138361,0.03613735084308439
Monthly - SEP 26,4355.0,PUT,43,18726500.0,469808.688908504,138361,0.031078121725052577
Monthly - SEP 26,4360.0,CALL,77,33572000.0,1001369.2055084349,138361,0.05565152029834997
Monthly - SEP 26,4360.0,PUT,91,39676000.0,1016272.67598753,138361,0.06576997853441359
Monthly - SEP 26,4365.0,CALL,172,75078000.0,2193419.505609914,138361,0.12431248690021031
Monthly - SEP 26,4365.0,PUT,89,38848500.0,1015770.5601515304,138361,0.06432448450069021
Monthly - SEP 26,4370.0,CALL,274,119738000.0,3425918.699410507,138361,0.19803268262010248
Monthly - SEP 26,4370.0,PUT,80,34960000.0,932939.4352263117,138361,0.057819761348935024
Monthly - SEP 26,4375.0,CALL,503,220062500.0,6165539.097723831,138361,0.363541749481429
Monthly - SEP 26,4375.0,PUT,86,37625000.0,1024569.5714358222,138361,0.062156243450105154
Monthly - SEP 26,4380.0,CALL,243,106434000.0,2919638.8468046216,138361,0.17562752509739016
Monthly - SEP 26,4380.0,PUT,135,59130000.0,1642776.9294906692,138361,0.09757084727632787
Monthly - SEP 26,4385.0,CALL,191,83753500.0,2249153.4560686387,138361,0.1380446802205824
Monthly - SEP 26,4385.0,PUT,73,32010500.0,907177.7532668025,138361,0.05276053223090322
Monthly - SEP 26,4390.0,CALL,306,134334000.0,3531123.8186873975,138361,0.22116058715967649
Monthly - SEP 26,4390.0,PUT,69,30291000.0,875521.4685683608,138361,0.04986954416345647
Monthly - SEP 26,4395.0,CALL,197,86581500.0,2227441.744192164,138361,0.14238116232175252
Monthly - SEP 26,4395.0,PUT,170,74715000.0,2202109.3046691976,138361,0.12286699286648693
Monthly - SEP 26,4400.0,CALL,2649,1165560000.0,29343598.851931922,138361,1.914556847666611
Monthly - SEP 26,4400.0,PUT,1382,608080000.0,18272370.28446201,138361,0.9988363773028527
Monthly - SEP 26,4405.0,CALL,157,69158500.0,1703589.3601770534,138361,0.113471281647285
Monthly - SEP 26,4405.0,PUT,78,34359000.0,1052455.1076448676,138361,0.056374267315211654
Monthly - SEP 26,4410.0,CALL,83,36603000.0,882103.699000681,138361,0.05998800239952009
Monthly - SEP 26,4410.0,PUT,100,44100000.0,1376755.8613405435,138361,0.07227470168616879
Monthly - SEP 26,4415.0,CALL,234,103311000.0,2435432.0123459916,138361,0.16912280194563498
Monthly - SEP 26,4415.0,PUT,59,26048500.0,828673.2288743292,138361,0.04264207399483959
Monthly - SEP 26,4420.0,CALL,165,72930000.0,1681531.0887566917,138361,0.1192532577821785
Monthly - SEP 26,4420.0,PUT,28,12376000.0,401135.11218540714,138361,0.02023691647212726
Monthly - SEP 26,4425.0,CALL,470,207975000.0,4689447.822112905,138361,0.3396910979249933
Monthly - SEP 26,4425.0,PUT,239,105757500.0,3491881.2273314646,138361,0.1727365370299434
Monthly - SEP 26,4430.0,CALL,145,64235000.0,1416239.5697348607,138361,0.10479831744494475
Monthly - SEP 26,4430.0,PUT,19,8417000.0,283055.9055732865,138361,0.013732193320372071
Monthly - SEP 26,4435.0,CALL,156,69186000.0,1491351.6681672786,138361,0.11274853463042331
Monthly - SEP 26,4435.0,PUT,75,33262500.0,1139109.9774518341,138361,0.054206026264626596
Monthly - SEP 26,4440.0,CALL,60,26640000.0,561351.939244088,138361,0.04336482101170127
Monthly - SEP 26,4440.0,PUT,47,20868000.0,727641.2509476366,138361,0.03396910979249933
Monthly - SEP 26,4445.0,CALL,64,28448000.0,585914.339801413,138361,0.04625580907914802
Monthly - SEP 26,4445.0,PUT,11,4889500.0,173562.96426170858,138361,0.007950217185478566
Monthly - SEP 26,4450.0,CALL,1268,564260000.0,11357562.86298426,138361,0.9164432173806202
Monthly - SEP 26,4450.0,PUT,614,273230000.0,9872066.921647085,138361,0.4437666683530764
Monthly - SEP 26,4455.0,CALL,55,24502500.0,481927.59852528153,138361,0.039751085927392835
Monthly - SEP 26,4455.0,PUT,16,7128000.0,262099.4080888864,138361,0.011563952269787006
Monthly - SEP 26,4460.0,CALL,112,49952000.0,959912.6606656427,138361,0.08094766588850905
Monthly - SEP 26,4460.0,PUT,43,19178000.0,717550.3927452062,138361,0.031078121725052577
Monthly - SEP 26,4465.0,CALL,96,42864000.0,804675.5481124287,138361,0.06938371361872203
Monthly - SEP 26,4470.0,CALL,70,31290000.0,573752.6217740298,138361,0.05059229118031816
Monthly - SEP 26,4470.0,PUT,24,10728000.0,415401.3360139597,138361,0.017345928404680508
Monthly - SEP 26,4475.0,CALL,265,118587500.0,2123687.937450194,138361,0.1915279594683473
Monthly - SEP 26,4475.0,PUT,43,19242500.0,757811.203822142,138361,0.031078121725052577
Monthly - SEP 26,4480.0,CALL,169,75712000.0,1324008.407793598,138361,0.12214424584962526
Monthly - SEP 26,4480.0,PUT,16,7168000.0,287066.32875792345,138361,0.011563952269787006
Monthly - SEP 26,4485.0,CALL,68,30498000.0,520730.615013729,138361,0.049146797146594784
Monthly - SEP 26,4485.0,PUT,21,9418500.0,383517.8776815749,138361,0.015177687354095444
Monthly - SEP 26,4490.0,CALL,134,60166000.0,1002882.4437806914,138361,0.09684810025946618
Monthly - SEP 26,4490.0,PUT,54,24246000.0,1003688.652998447,138361,0.039028338910531146
Monthly - SEP 26,4495.0,CALL,139,62480500.0,1016580.6942532385,138361,0.10046183534377462
Monthly - SEP 26,4495.0,PUT,3,1348500.0,56741.50916351618,138361,0.0021682410505850635
Monthly - SEP 26,4500.0,CALL,3057,1375650000.0,21844647.79003657,138361,2.20943763054618
Monthly - SEP 26,4500.0,PUT,634,285300000.0,12200545.307521706,138361,0.4582216086903101
Monthly - SEP 26,4505.0,CALL,247,111273500.0,1724287.8389685175,138361,0.1785185131648369
Monthly - SEP 26,4505.0,PUT,16,7208000.0,313225.3109372061,138361,0.011563952269787006
Monthly - SEP 26,4510.0,CALL,129,58179000.0,879642.7187235777,138361,0.09323436517515774
Monthly - SEP 26,4510.0,PUT,14,6314000.0,278771.8074439714,138361,0.01011845823606363
Monthly - SEP 26,4515.0,CALL,70,31605000.0,466185.70565570536,138361,0.05059229118031816
Monthly - SEP 26,4515.0,PUT,5,2257500.0,101254.04299464867,138361,0.003613735084308439
Monthly - SEP 26,4520.0,CALL,175,79100000.0,1138108.6690098476,138361,0.12648072795079537
Monthly - SEP 26,4520.0,PUT,118,53336000.0,2429875.7720917095,138361,0.08528414798967918
Monthly - SEP 26,4525.0,CALL,300,135750000.0,1904987.3940346583,138361,0.21682410505850638
Monthly - SEP 26,4525.0,PUT,51,23077500.0,1067752.5280397285,138361,0.03686009785994608
Monthly - SEP 26,4530.0,CALL,156,70668000.0,967076.7893688804,138361,0.11274853463042331
Monthly - SEP 26,4530.0,PUT,26,11778000.0,553364.5763094838,138361,0.018791422438403885
Monthly - SEP 26,4535.0,CALL,290,131515000.0,1754850.6313576659,138361,0.2095966348898895
Monthly - SEP 26,4540.0,CALL,64,29056000.0,377979.427670587,138361,0.04625580907914802
Monthly - SEP 26,4540.0,PUT,4,1816000.0,87941.29839727066,138361,0.0028909880674467515
Monthly - SEP 26,4545.0,CALL,216,98172000.0,1244881.9064865916,138361,0.15611335564212458
Monthly - SEP 26,4545.0,PUT,13,5908500.0,290425.3930402259,138361,0.009395711219201942
Monthly - SEP 26,4550.0,CALL,1538,699790000.0,8648824.602883605,138361,1.111584911933276
Monthly - SEP 26,4550.0,PUT,512,232960000.0,11621464.246267568,138361,0.3700464726331842
Monthly - SEP 26,4555.0,CALL,195,88822500.0,1069798.0623723886,138361,0.14093566828802914
Monthly - SEP 26,4555.0,PUT,108,49194000.0,2490325.5485991724,138361,0.07805667782106229
Monthly - SEP 26,4560.0,CALL,90,41040000.0,481632.953619534,138361,0.0650472315175519
Monthly - SEP 26,4560.0,PUT,38,17328000.0,890020.0360060968,138361,0.027464386640744142
Monthly - SEP 26,4565.0,CALL,84,38346000.0,438429.1952670799,138361,0.06071074941638178
Monthly - SEP 26,4565.0,PUT,82,37433000.0,1950548.3058702503,138361,0.0592652553826584
Monthly - SEP 26,4570.0,CALL,92,42044000.0,468267.99076381477,138361,0.06649272555127528
Monthly - SEP 26,4570.0,PUT,26,11882000.0,628038.4602057467,138361,0.018791422438403885
Monthly - SEP 26,4575.0,CALL,238,108885000.0,1181163.4456542218,138361,0.1720137900130817
Monthly - SEP 26,4575.0,PUT,54,24705000.0,1324404.226569086,138361,0.039028338910531146
Monthly - SEP 26,4580.0,CALL,40,18320000.0,193534.91548796956,138361,0.028909880674467512
Monthly - SEP 26,4580.0,PUT,2,916000.0,49798.36422030094,138361,0.0014454940337233757
Monthly - SEP 26,4585.0,CALL,62,28427000.0,292413.34364965535,138361,0.04481031504542465
Monthly - SEP 26,4585.0,PUT,71,32553500.0,1794512.9387321696,138361,0.05131503819717985
Monthly - SEP 26,4590.0,CALL,84,38556000.0,386127.5434804252,138361,0.06071074941638178
Monthly - SEP 26,4595.0,CALL,510,234345000.0,2284585.8402573764,138361,0.36860097859946084
Monthly - SEP 26,4595.0,PUT,32,14704000.0,833069.4158322294,138361,0.02312790453957401
Monthly - SEP 26,4600.0,CALL,2877,1323420000.0,12557487.656892445,138361,2.079343167511076
Monthly - SEP 26,4600.0,PUT,130,59800000.0,3434119.160508292,138361,0.09395711219201942
Monthly - SEP 26,4605.0,CALL,105,48352500.0,446495.9792897435,138361,0.07588843677047723
Monthly - SEP 26,4605.0,PUT,54,24867000.0,1447282.8965323796,138361,0.039028338910531146
Monthly - SEP 26,4610.0,CALL,131,60391000.0,542631.0553606757,138361,0.09467985920888111
Monthly - SEP 26,4610.0,PUT,5,2305000.0,135945.45452668716,138361,0.003613735084308439
Monthly - SEP 26,4615.0,CALL,112,51688000.0,451851.9812157374,138361,0.08094766588850905
Monthly - SEP 26,4615.0,PUT,14,6461000.0,386105.1382403677,138361,0.01011845823606363
Monthly - SEP 26,4620.0,CALL,591,273042000.0,2321935.6162484377,138361,0.42714348696525756
Monthly - SEP 26,4620.0,PUT,439,202818000.0,12279289.84096833,138361,0.31728594040228103
Monthly - SEP 26,4625.0,CALL,63,29137500.0,241005.77928139642,138361,0.045533062062286335
Monthly - SEP 26,4625.0,PUT,108,49950000.0,3063461.862050988,138361,0.07805667782106229
Monthly - SEP 26,4630.0,CALL,73,33799000.0,271877.7463697826,138361,0.05276053223090322
Monthly - SEP 26,4630.0,PUT,33,15279000.0,949143.6368429866,138361,0.0238506515564357
Monthly - SEP 26,4635.0,CALL,160,74160000.0,580061.9062203859,138361,0.11563952269787005
Monthly - SEP 26,4635.0,PUT,1,463500.0,29160.63926068505,138361,0.0007227470168616879
Monthly - SEP 26,4640.0,CALL,45,20880000.0,158785.22819227522,138361,0.03252361575877595
Monthly - SEP 26,4640.0,PUT,6,2784000.0,177368.93772555585,138361,0.004336482101170127
Monthly - SEP 26,4645.0,CALL,23,10683500.0,78978.39312835074,138361,0.01662318138781882
Monthly - SEP 26,4645.0,PUT,1,464500.0,29964.44882154783,138361,0.0007227470168616879
Monthly - SEP 26,4650.0,CALL,1018,473370000.0,3401345.5673415572,138361,0.7357564631651983
Monthly - SEP 26,4650.0,PUT,14,6510000.0,425172.80661617516,138361,0.01011845823606363
Monthly - SEP 26,4655.0,CALL,40,18620000.0,130024.48368655541,138361,0.028909880674467512
Monthly - SEP 26,4655.0,PUT,14,6517000.0,430871.9944125069,138361,0.01011845823606363
Monthly - SEP 26,4660.0,CALL,66,30756000.0,208694.4473144038,138361,0.0477013031128714
Monthly - SEP 26,4660.0,PUT,8,3728000.0,249485.381323563,138361,0.005781976134893503
Monthly - SEP 26,4665.0,CALL,86,40119000.0,264488.544933197,138361,0.062156243450105154
Monthly - SEP 26,4665.0,PUT,2,933000.0,63193.520858890224,138361,0.0014454940337233757
Monthly - SEP 26,4670.0,CALL,39,18213000.0,116641.77755559717,138361,0.028187133657605827
Monthly - SEP 26,4670.0,PUT,26,12142000.0,832254.8959215055,138361,0.018791422438403885
Monthly - SEP 26,4675.0,CALL,98,45815000.0,284994.4205899451,138361,0.07082920765244541
Monthly - SEP 26,4675.0,PUT,8,3740000.0,259398.17488275658,138361,0.005781976134893503
Monthly - SEP 26,4680.0,CALL,127,59436000.0,359066.1150048985,138361,0.09178887114143436
Monthly - SEP 26,4685.0,CALL,78,36543000.0,214370.68349313957,138361,0.056374267315211654
Monthly - SEP 26,4685.0,PUT,8,3748000.0,266082.8873528524,138361,0.005781976134893503
Monthly - SEP 26,4690.0,CALL,30,14070000.0,80136.76587499799,138361,0.021682410505850635
Monthly - SEP 26,4690.0,PUT,2,938000.0,67361.84199966128,138361,0.0014454940337233757
Monthly - SEP 26,4695.0,CALL,23,10798500.0,59705.98257525259,138361,0.01662318138781882
Monthly - SEP 26,4695.0,PUT,2,939000.0,68206.56880833575,138361,0.0014454940337233757
Monthly - SEP 26,4700.0,CALL,2197,1032590000.0,5541651.773806294,138361,1.5878751960451285
Monthly - SEP 26,4700.0,PUT,137,64390000.0,4730256.675472987,138361,0.09901634131005124
Monthly - SEP 26,4705.0,CALL,115,54107500.0,281816.1622241889,138361,0.08311590693909411
Monthly - SEP 26,4705.0,PUT,13,6116500.0,454392.909583894,138361,0.009395711219201942
Monthly - SEP 26,4710.0,CALL,97,45687000.0,230907.69587008836,138361,0.07010646063558372
Monthly - SEP 26,4710.0,PUT,3,1413000.0,106142.68131347462,138361,0.0021682410505850635
Monthly - SEP 26,4715.0,CALL,41,19331500.0,94795.75781013844,138361,0.0296326276913292
Monthly - SEP 26,4715.0,PUT,9,4243500.0,322291.5332641772,138361,0.006504723151755192
Monthly - SEP 26,4720.0,CALL,68,32096000.0,152683.50003833434,138361,0.049146797146594784
Monthly - SEP 26,4720.0,PUT,4,1888000.0,144964.4037808117,138361,0.0028909880674467515
Monthly - SEP 26,4725.0,CALL,77,36382500.0,167877.2572637994,138361,0.05565152029834997
Monthly - SEP 26,4725.0,PUT,7,3307500.0,256715.59287035392,138361,0.005059229118031815
Monthly - SEP 26,4730.0,CALL,158,74734000.0,334438.2898133555,138361,0.11419402866414669
Monthly - SEP 26,4730.0,PUT,7,3311000.0,259754.64681910767,138361,0.005059229118031815
Monthly - SEP 26,4735.0,CALL,354,167619000.0,727377.3650907679,138361,0.2558524439690375
Monthly - SEP 26,4735.0,PUT,100,47350000.0,3754352.3618739257,138361,0.07227470168616879
Monthly - SEP 26,4740.0,CALL,19,9006000.0,37892.006890926416,138361,0.013732193320372071
Monthly - SEP 26,4740.0,PUT,2,948000.0,75961.55619810225,138361,0.0014454940337233757
Monthly - SEP 26,4745.0,CALL,51,24199500.0,98705.54946525191,138361,0.03686009785994608
Monthly - SEP 26,4750.0,CALL,1613,766175000.0,3029166.0486277416,138361,1.1657909381979026
Monthly - SEP 26,4750.0,PUT,176,83600000.0,6839322.250477475,138361,0.12720347496765705
Monthly - SEP 26,4755.0,CALL,32,15216000.0,58303.68071708399,138361,0.02312790453957401
Monthly - SEP 26,4755.0,PUT,10,4755000.0,393014.81912175816,138361,0.007227470168616878
Monthly - SEP 26,4760.0,CALL,163,77588000.0,288091.78545687156,138361,0.11780776374845513
Monthly - SEP 26,4760.0,PUT,109,51884000.0,4332161.705635661,138361,0.07877942483792398
Monthly - SEP 26,4765.0,CALL,52,24778000.0,89142.31741412445,138361,0.03758284487680777
Monthly - SEP 26,4770.0,CALL,49,23373000.0,81461.80474082407,138361,0.035414603826222704
Monthly - SEP 26,4770.0,PUT,9,4293000.0,365715.06879306806,138361,0.006504723151755192
Monthly - SEP 26,4775.0,CALL,382,182405000.0,615798.7220735752,138361,0.2760893604411648
Monthly - SEP 26,4775.0,PUT,130,62075000.0,5340690.812563602,138361,0.09395711219201942
Monthly - SEP 26,4780.0,CALL,498,238044000.0,778327.5027368998,138361,0.3599280143971206
Monthly - SEP 26,4780.0,PUT,3,1434000.0,124592.34527965618,138361,0.0021682410505850635
Monthly - SEP 26,4785.0,CALL,47,22489500.0,71207.98329816174,138361,0.03396910979249933
Monthly - SEP 26,4790.0,CALL,122,58438000.0,179154.89337025475,138361,0.08817513605712592
Monthly - SEP 26,4795.0,CALL,55,26372500.0,78272.6096873432,138361,0.039751085927392835
Monthly - SEP 26,4795.0,PUT,6,2877000.0,257304.26057223076,138361,0.004336482101170127
Monthly - SEP 26,4800.0,CALL,2848,1367040000.0,3927405.08226034,138361,2.058383504022087
Monthly - SEP 26,4800.0,PUT,493,236640000.0,21365430.051750507,138361,0.3563142793128121
Monthly - SEP 26,4805.0,CALL,53,25466500.0,70810.96685003368,138361,0.03830559189366946
Monthly - SEP 26,4805.0,PUT,9,4324500.0,394130.8290987236,138361,0.006504723151755192
Monthly - SEP 26,4810.0,CALL,41,19721000.0,53064.96145592608,138361,0.0296326276913292
Monthly - SEP 26,4815.0,CALL,35,16852500.0,43876.48516962031,138361,0.02529614559015908
Monthly - SEP 26,4820.0,CALL,156,75192000.0,189395.07002806553,138361,0.11274853463042331
Monthly - SEP 26,4825.0,CALL,377,181902500.0,443206.63644266006,138361,0.2724756253568563
Monthly - SEP 26,4825.0,PUT,2,965000.0,91245.15875353145,138361,0.0014454940337233757
Monthly - SEP 26,4830.0,CALL,65,31395000.0,73984.32098827073,138361,0.04697855609600971
Monthly - SEP 26,4830.0,PUT,10,4830000.0,460828.6192701321,138361,0.007227470168616878
Monthly - SEP 26,4835.0,CALL,38,18373000.0,41870.87283902481,138361,0.027464386640744142
Monthly - SEP 26,4835.0,PUT,30,14505000.0,1396325.4997935367,138361,0.021682410505850635
Monthly - SEP 26,4840.0,CALL,77,37268000.0,82122.45607228267,138361,0.05565152029834997
Monthly - SEP 26,4845.0,CALL,43,20833500.0,44383.66958387892,138361,0.031078121725052577
Monthly - SEP 26,4850.0,CALL,138,66930000.0,137834.58379539425,138361,0.09973908832691294
Monthly - SEP 26,4850.0,PUT,1,485000.0,47934.14952646062,138361,0.0007227470168616879
Monthly - SEP 26,4855.0,CALL,53,25731500.0,51217.71715232844,138361,0.03830559189366946
Monthly - SEP 26,4855.0,PUT,14,6797000.0,677591.5560956534,138361,0.01011845823606363
Monthly - SEP 26,4860.0,CALL,27,13122000.0,25241.448772501935,138361,0.019514169455265573
Monthly - SEP 26,4860.0,PUT,11,5346000.0,537521.2695920331,138361,0.007950217185478566
Monthly - SEP 26,4865.0,CALL,43,20919500.0,38883.569546090745,138361,0.031078121725052577
Monthly - SEP 26,4870.0,CALL,28,13636000.0,24487.469641771986,138361,0.02023691647212726
Monthly - SEP 26,4875.0,CALL,187,91162500.0,158145.48831492034,138361,0.13515369215313564
Monthly - SEP 26,4875.0,PUT,8,3900000.0,402155.4338496156,138361,0.005781976134893503
Monthly - SEP 26,4880.0,CALL,78,38064000.0,63779.38082120042,138361,0.056374267315211654
Monthly - SEP 26,4885.0,CALL,74,36149000.0,58496.40150130354,138361,0.05348327924776491
Monthly - SEP 26,4885.0,PUT,4,1954000.0,204838.30656061092,138361,0.0028909880674467515
Monthly - SEP 26,4890.0,CALL,220,107580000.0,168102.1042649208,138361,0.15900434370957134
Monthly - SEP 26,4895.0,CALL,28,13706000.0,20677.732252911595,138361,0.02023691647212726
Monthly - SEP 26,4895.0,PUT,1,489500.0,52152.92846082366,138361,0.0007227470168616879
Monthly - SEP 26,4900.0,CALL,600,294000000.0,428185.5126783671,138361,0.43364821011701277
Monthly - SEP 26,4900.0,PUT,29,14210000.0,1526146.9585672363,138361,0.02095966348898895
Monthly - SEP 26,4905.0,CALL,117,57388500.0,80675.91990646455,138361,0.08456140097281749
Monthly - SEP 26,4910.0,CALL,23,11293000.0,15321.62460182503,138361,0.01662318138781882
Monthly - SEP 26,4910.0,PUT,1,491000.0,53573.625557473315,138361,0.0007227470168616879
Monthly - SEP 26,4915.0,CALL,92,45218000.0,59200.49887144849,138361,0.06649272555127528
Monthly - SEP 26,4915.0,PUT,1,491500.0,54048.62829709827,138361,0.0007227470168616879
Monthly - SEP 26,4920.0,CALL,68,33456000.0,42261.87104883783,138361,0.049146797146594784
Monthly - SEP 26,4925.0,CALL,122,60085000.0,73222.3544463052,138361,0.08817513605712592
Monthly - SEP 26,4930.0,CALL,6,2958000.0,3477.1306896927454,138361,0.004336482101170127
Monthly - SEP 26,4930.0,PUT,20,9860000.0,1109553.926763967,138361,0.014454940337233756
Monthly - SEP 26,4935.0,CALL,24,11844000.0,13427.922858082866,138361,0.017345928404680508
Monthly - SEP 26,4940.0,CALL,43,21242000.0,23223.939121928033,138361,0.031078121725052577
Monthly - SEP 26,4945.0,CALL,26,12857000.0,13553.538227877516,138361,0.018791422438403885
Monthly - SEP 26,4950.0,CALL,238,117810000.0,119732.03201538243,138361,0.1720137900130817
Monthly - SEP 26,4950.0,PUT,1,495000.0,57391.95691184659,138361,0.0007227470168616879
Monthly - SEP 26,4955.0,CALL,17,8423500.0,8252.36832382159,138361,0.012286699286648696
Monthly - SEP 26,4955.0,PUT,1,495500.0,57871.99122551238,138361,0.0007227470168616879
Monthly - SEP 26,4960.0,CALL,157,77872000.0,73530.56858641007,138361,0.113471281647285
Monthly - SEP 26,4965.0,CALL,45,22342500.0,20331.14122398892,138361,0.03252361575877595
Monthly - SEP 26,4970.0,CALL,88,43736000.0,38349.115093742104,138361,0.06360173748382852
Monthly - SEP 26,4975.0,CALL,347,172632500.0,145837.133919331,138361,0.2507932148510057
Monthly - SEP 26,4975.0,PUT,220,109450000.0,13155459.748207105,138361,0.15900434370957134
Monthly - SEP 26,4980.0,CALL,29,14442000.0,11752.905230353297,138361,0.02095966348898895
Monthly - SEP 26,4985.0,CALL,29,14456500.0,11331.738001504973,138361,0.02095966348898895
Monthly - SEP 26,4990.0,CALL,16,7984000.0,6027.1580696793535,138361,0.011563952269787006
Monthly - SEP 26,4995.0,CALL,160,79920000.0,58096.43952100532,138361,0.11563952269787005
Monthly - SEP 26,5000.0,CALL,4263,2131500000.0,1491848.5936862063,138361,3.0810705328813754
Monthly - SEP 26,5000.0,PUT,6,3000000.0,373293.6022686183,138361,0.004336482101170127
Monthly - SEP 26,5005.0,CALL,8,4004000.0,2697.878054916339,138361,0.005781976134893503
Monthly - SEP 26,5010.0,CALL,17,8517000.0,5523.918670918486,138361,0.012286699286648696
Monthly - SEP 26,5015.0,CALL,7,3510500.0,2191.319074393185,138361,0.005059229118031815
Monthly - SEP 26,5020.0,CALL,12,6024000.0,3618.606290797101,138361,0.008672964202340254
Monthly - SEP 26,5025.0,CALL,10,5025000.0,2904.396914239797,138361,0.007227470168616878
Monthly - SEP 26,5030.0,CALL,11,5533000.0,3076.7200904584342,138361,0.007950217185478566
Monthly - SEP 26,5035.0,CALL,12,6042000.0,3231.911261030319,138361,0.008672964202340254
Monthly - SEP 26,5040.0,CALL,56,28224000.0,14520.872761051407,138361,0.04047383294425452
Monthly - SEP 26,5045.0,CALL,8,4036000.0,1996.939516708403,138361,0.005781976134893503
Monthly - SEP 26,5050.0,CALL,427,215635000.0,102592.78972034977,138361,0.30861297619994077
Monthly - SEP 26,5050.0,PUT,1,505000.0,67082.6782440864,138361,0.0007227470168616879
Monthly - SEP 26,5055.0,CALL,6,3033000.0,1387.3887012999176,138361,0.004336482101170127
Monthly - SEP 26,5060.0,CALL,48,24288000.0,10680.462692425453,138361,0.034691856809361016
Monthly - SEP 26,5070.0,CALL,22,11154000.0,4531.14220826501,138361,0.01590043437095713
Monthly - SEP 26,5075.0,CALL,10,5075000.0,1981.1595355190975,138361,0.007227470168616878
Monthly - SEP 26,5080.0,CALL,15,7620000.0,2858.179493586903,138361,0.010841205252925317
Monthly - SEP 26,5085.0,CALL,8,4068000.0,1465.9240291796323,138361,0.005781976134893503
Monthly - SEP 26,5090.0,CALL,3,1527000.0,528.5797331371712,138361,0.0021682410505850635
Monthly - SEP 26,5095.0,CALL,17,8661500.0,2879.7221194276885,138361,0.012286699286648696
Monthly - SEP 26,5100.0,CALL,529,269790000.0,86141.90414268385,138361,0.3823331719198329
Monthly - SEP 26,5105.0,CALL,5,2552500.0,782.5836225432497,138361,0.003613735084308439
Monthly - SEP 26,5110.0,CALL,7,3577000.0,1052.94493848793,138361,0.005059229118031815
Monthly - SEP 26,5115.0,CALL,11,5626500.0,1589.9819261985087,138361,0.007950217185478566
Monthly - SEP 26,5120.0,CALL,6,3072000.0,833.2738255386332,138361,0.004336482101170127
Monthly - SEP 26,5130.0,CALL,4,2052000.0,512.6325264412344,138361,0.0028909880674467515
Monthly - SEP 26,5135.0,CALL,70,35945000.0,8616.226175631326,138361,0.05059229118031816
Monthly - SEP 26,5140.0,CALL,2,1028000.0,236.41085958939811,138361,0.0014454940337233757
Monthly - SEP 26,5145.0,CALL,2,1029000.0,227.00289080530354,138361,0.0014454940337233757
Monthly - SEP 26,5150.0,CALL,369,190035000.0,40210.30912654922,138361,0.2666936492219628
Monthly - SEP 26,5155.0,CALL,2,1031000.0,209.21676421068298,138361,0.0014454940337233757
Monthly - SEP 26,5160.0,CALL,22,11352000.0,2208.9734202575855,138361,0.01590043437095713
Monthly - SEP 26,5165.0,CALL,40,20660000.0,3854.562644725604,138361,0.028909880674467512
Monthly - SEP 26,5170.0,CALL,10,5170000.0,924.7162874321049,138361,0.007227470168616878
Monthly - SEP 26,5175.0,CALL,16,8280000.0,1419.606770948758,138361,0.011563952269787006
Monthly - SEP 26,5180.0,CALL,9,4662000.0,766.0840902012261,138361,0.006504723151755192
Monthly - SEP 26,5185.0,CALL,6,3111000.0,489.9112590042492,138361,0.004336482101170127
Monthly - SEP 26,5190.0,CALL,10004,5192076000.0,783463.1455017492,138361,7.230361156684325
Monthly - SEP 26,5195.0,CALL,61,31689500.0,4581.41913837171,138361,0.04408756802856296
Monthly - SEP 26,5200.0,CALL,10235,5322200000.0,737106.1312531347,138361,7.397315717579375
Monthly - SEP 26,5205.0,CALL,4,2082000.0,276.1982606398675,138361,0.0028909880674467515
Monthly - SEP 26,5210.0,CALL,4,2084000.0,264.7808654282585,138361,0.0028909880674467515
Monthly - SEP 26,5215.0,CALL,23,11994500.0,1459.3756259262343,138361,0.01662318138781882
Monthly - SEP 26,5230.0,CALL,414,216522000.0,23118.544318830056,138361,0.2992172649807388
Monthly - SEP 26,5235.0,CALL,1,523500.0,53.50098355448587,138361,0.0007227470168616879
Monthly - SEP 26,5240.0,CALL,22,11528000.0,1127.544185843749,138361,0.01590043437095713
Monthly - SEP 26,5245.0,CALL,72,37764000.0,3534.5986893374743,138361,0.05203778521404154
Monthly - SEP 26,5250.0,CALL,788,413700000.0,37049.151536054,138361,0.5695246492870101
Monthly - SEP 26,5255.0,CALL,8,4204000.0,360.19218018612946,138361,0.005781976134893503
Monthly - SEP 26,5265.0,CALL,24,12636000.0,990.5670287952063,138361,0.017345928404680508
Monthly - SEP 26,5270.0,CALL,7,3689000.0,276.5712064564969,138361,0.005059229118031815
Monthly - SEP 26,5275.0,CALL,206,108665000.0,7790.41633969263,138361,0.1488858854735077
Monthly - SEP 26,5280.0,CALL,18,9504000.0,651.4765783544085,138361,0.013009446303510384
Monthly - SEP 26,5290.0,CALL,9,4761000.0,298.24963989710477,138361,0.006504723151755192
Monthly - SEP 26,5295.0,CALL,10,5295000.0,317.0413371159455,138361,0.007227470168616878
Monthly - SEP 26,5300.0,CALL,1079,571870000.0,32723.862352606575,138361,0.7798440311937612
Monthly - SEP 26,5300.0,PUT,170,90100000.0,15598617.653898211,138361,0.12286699286648693
Monthly - SEP 26,5305.0,CALL,14,7427000.0,406.1133105838749,138361,0.01011845823606363
Monthly - SEP 26,5310.0,CALL,7,3717000.0,194.196886814599,138361,0.005059229118031815
Monthly - SEP 26,5315.0,CALL,7,3720500.0,185.70190682968928,138361,0.005059229118031815
Monthly - SEP 26,5320.0,CALL,25,13300000.0,634.1348214299458,138361,0.018068675421542196
Monthly - SEP 26,5325.0,CALL,18,9585000.0,436.5024076750956,138361,0.013009446303510384
Monthly - SEP 26,5330.0,CALL,44,23452000.0,1019.9731549147281,138361,0.03180086874191426
Monthly - SEP 26,5335.0,CALL,4,2134000.0,88.6272900072349,138361,0.0028909880674467515
Monthly - SEP 26,5340.0,CALL,9,4806000.0,190.57722297416183,138361,0.006504723151755192
Monthly - SEP 26,5350.0,CALL,345,184575000.0,6670.199050836692,138361,0.24934772081728232
Monthly - SEP 26,5355.0,CALL,22,11781000.0,406.36172958327955,138361,0.01590043437095713
Monthly - SEP 26,5360.0,CALL,6,3216000.0,105.86729256076026,138361,0.004336482101170127
Monthly - SEP 26,5365.0,CALL,22,11803000.0,370.76932557566806,138361,0.01590043437095713
Monthly - SEP 26,5370.0,CALL,20,10740000.0,321.908097231983,138361,0.014454940337233756
Monthly - SEP 26,5375.0,CALL,15,8062500.0,230.54955546138967,138361,0.010841205252925317
Monthly - SEP 26,5380.0,CALL,22,11836000.0,322.8622564302954,138361,0.01590043437095713
Monthly - SEP 26,5385.0,CALL,13,7000500.0,182.14198457967026,138361,0.009395711219201942
Monthly - SEP 26,5390.0,CALL,3,1617000.0,40.124601907380075,138361,0.0021682410505850635
Monthly - SEP 26,5395.0,CALL,8,4316000.0,102.12992200044297,138361,0.005781976134893503
Monthly - SEP 26,5400.0,CALL,2463,1330020000.0,30009.020784415854,138361,1.7801259025303373
Monthly - SEP 26,5400.0,PUT,107,57780000.0,10881040.079911496,138361,0.0773339308042006
Monthly - SEP 26,5405.0,CALL,19,10269500.0,220.9105145252117,138361,0.013732193320372071
Monthly - SEP 26,5410.0,CALL,25,13525000.0,277.35068941327603,138361,0.018068675421542196
Monthly - SEP 26,5415.0,CALL,1,541500.0,10.584415586653506,138361,0.0007227470168616879
Monthly - SEP 26,5420.0,CALL,93,50406000.0,939.0284906110832,138361,0.06721547256813697
Monthly - SEP 26,5425.0,CALL,55,29837500.0,529.7108250289338,138361,0.039751085927392835
Monthly - SEP 26,5430.0,CALL,3,1629000.0,27.556830132853527,138361,0.0021682410505850635
Monthly - SEP 26,5435.0,CALL,6,3261000.0,52.55847008979622,138361,0.004336482101170127
Monthly - SEP 26,5440.0,CALL,15,8160000.0,125.29043149468278,138361,0.010841205252925317
Monthly - SEP 26,5450.0,CALL,29,15805000.0,220.16617450989918,138361,0.02095966348898895
Monthly - SEP 26,5455.0,CALL,45,24547500.0,325.65376008156323,138361,0.03252361575877595
Monthly - SEP 26,5460.0,CALL,38,20748000.0,262.1019864279913,138361,0.027464386640744142
Monthly - SEP 26,5465.0,CALL,1,546500.0,6.573279555556377,138361,0.0007227470168616879
Monthly - SEP 26,5470.0,CALL,4,2188000.0,25.054736653127918,138361,0.0028909880674467515
Monthly - SEP 26,5475.0,CALL,29,15877500.0,173.07249908834055,138361,0.02095966348898895
Monthly - SEP 26,5480.0,CALL,2,1096000.0,11.371371621288162,138361,0.0014454940337233757
Monthly - SEP 26,5485.0,CALL,19,10421500.0,102.90629185913266,138361,0.013732193320372071
Monthly - SEP 26,5490.0,CALL,1,549000.0,5.15877500046269,138361,0.0007227470168616879
Monthly - SEP 26,5500.0,CALL,3084,1696200000.0,14429.000918053342,138361,2.2289518000014454
Weekly Friday Option Week 1 - SEP 26,3950.0,PUT,4,1580000.0,3455.990145594683,641,0.62402496099844
Weekly Friday Option Week 1 - SEP 26,4000.0,PUT,4,1600000.0,5186.635718156367,641,0.62402496099844
Weekly Friday Option Week 1 - SEP 26,4050.0,PUT,4,1620000.0,7557.137176439346,641,0.62402496099844
Weekly Friday Option Week 1 - SEP 26,4100.0,PUT,1,410000.0,2676.9971126915607,641,0.15600624024961
Weekly Friday Option Week 1 - SEP 26,4125.0,PUT,150,61875000.0,473249.01224000205,641,23.400936037441497
Weekly Friday Option Week 1 - SEP 26,4150.0,PUT,1,415000.0,3694.7195408356606,641,0.15600624024961
Weekly Friday Option Week 1 - SEP 26,4175.0,PUT,1,417500.0,4300.138351616965,641,0.15600624024961
Weekly Friday Option Week 1 - SEP 26,4200.0,PUT,62,26040000.0,308444.80934354453,641,9.67238689547582
Weekly Friday Option Week 1 - SEP 26,4225.0,PUT,4,1690000.0,22889.429965746876,641,0.62402496099844
Weekly Friday Option Week 1 - SEP 26,4250.0,PUT,10,4250000.0,65453.445239354325,641,1.5600624024960998
Weekly Friday Option Week 1 - SEP 26,4300.0,PUT,22,9460000.0,185395.79072160512,641,3.43213728549142
Weekly Friday Option Week 1 - SEP 26,4350.0,PUT,2,870000.0,21266.134764299342,641,0.31201248049922
Weekly Friday Option Week 1 - SEP 26,4375.0,PUT,3,1312500.0,35577.79981281556,641,0.46801872074883
Weekly Friday Option Week 1 - SEP 26,4400.0,CALL,1,440000.0,11022.880809605704,641,0.15600624024961
Weekly Friday Option Week 1 - SEP 26,4400.0,PUT,5,2200000.0,65836.65359058864,641,0.7800312012480499
Weekly Friday Option Week 1 - SEP 26,4425.0,PUT,3,1327500.0,43669.09892797389,641,0.46801872074883
Weekly Friday Option Week 1 - SEP 26,4450.0,CALL,6,2670000.0,53422.456789163334,641,0.93603744149766
Weekly Friday Option Week 1 - SEP 26,4475.0,CALL,112,50120000.0,891700.4468081755,641,17.472698907956318
Weekly Friday Option Week 1 - SEP 26,4475.0,PUT,1,447500.0,17571.210755077525,641,0.15600624024961
Weekly Friday Option Week 1 - SEP 26,4525.0,CALL,12,5430000.0,75606.95525798292,641,1.87207488299532
Weekly Friday Option Week 1 - SEP 26,4550.0,CALL,42,19110000.0,234187.3364395124,641,6.5522620904836195
Weekly Friday Option Week 1 - SEP 26,4550.0,PUT,1,455000.0,22650.638300056835,641,0.15600624024961
Weekly Friday Option Week 1 - SEP 26,4600.0,CALL,91,41860000.0,393258.60066395445,641,14.19656786271451
Weekly Friday Option Week 1 - SEP 26,4625.0,CALL,1,462500.0,3784.5782401356587,641,0.15600624024961
Weekly Friday Option Week 1 - SEP 26,4650.0,CALL,2,930000.0,6605.479075949233,641,0.31201248049922
Weekly Friday Option Week 1 - SEP 26,4675.0,CALL,3,1402500.0,8616.437007700051,641,0.46801872074883
Weekly Friday Option Week 1 - SEP 26,4700.0,CALL,25,11750000.0,62223.47068336802,641,3.9001560062402496
Weekly Friday Option Week 1 - SEP 26,4750.0,CALL,50,23750000.0,92476.96036668571,641,7.800312012480499
Weekly Friday Option Week 1 - SEP 26,4800.0,CALL,1,480000.0,1355.334424369721,641,0.15600624024961
Weekly Friday Option Week 1 - SEP 26,5000.0,CALL,16,8000000.0,5450.097728513015,641,2.49609984399376
Weekly Friday Option Week 1 - SEP 26,5100.0,CALL,1,510000.0,157.6027339394173,641,0.15600624024961
Weekly Friday Option Week 2 - AUG 26,3300.0,PUT,2,660000.0,4.965958057928464e-39,9435,0.021197668256491786
Weekly Friday Option Week 2 - AUG 26,3400.0,PUT,24,8160000.0,9.086947381381773e-30,9435,0.2543720190779014
Weekly Friday Option Week 2 - AUG 26,3500.0,PUT,16,5600000.0,7.311564735976059e-23,9435,0.16958134605193428
Weekly Friday Option Week 2 - AUG 26,3600.0,PUT,8,2880000.0,4.285545155041174e-17,9435,0.08479067302596714
Weekly Friday Option Week 2 - AUG 26,3650.0,PUT,2,730000.0,5.1326487199379535e-15,9435,0.021197668256491786
Weekly Friday Option Week 2 - AUG 26,3675.0,PUT,3,1102500.0,1.3878086407172933e-13,9435,0.03179650238473768
Weekly Friday Option Week 2 - AUG 26,3700.0,PUT,45,16650000.0,3.308761430646537e-11,9435,0.47694753577106513
Weekly Friday Option Week 2 - AUG 26,3725.0,PUT,57,21232500.0,5.88918987630777e-10,9435,0.604133545310016
Weekly Friday Option Week 2 - AUG 26,3750.0,PUT,14,5250000.0,1.8015072126718026e-09,9435,0.14838367779544248
Weekly Friday Option Week 2 - AUG 26,3775.0,PUT,12,4530000.0,1.7088935022973682e-08,9435,0.1271860095389507
Weekly Friday Option Week 2 - AUG 26,3800.0,CALL,2,760000.0,111934.26459879792,9435,0.021197668256491786
Weekly Friday Option Week 2 - AUG 26,3800.0,PUT,52,19760000.0,7.300368429512386e-07,9435,0.5511393746687864
Weekly Friday Option Week 2 - AUG 26,3825.0,PUT,25,9562500.0,3.0898731199663077e-06,9435,0.2649708532061473
Weekly Friday Option Week 2 - AUG 26,3850.0,PUT,51,19635000.0,4.9675175558651995e-05,9435,0.5405405405405406
Weekly Friday Option Week 2 - AUG 26,3875.0,PUT,15,5812500.0,0.00010332057574891701,9435,0.1589825119236884
Weekly Friday Option Week 2 - AUG 26,3900.0,PUT,83,32370000.0,0.0036366284631598887,9435,0.8797032326444092
Weekly Friday Option Week 2 - AUG 26,3925.0,PUT,35,13737500.0,0.0087952861456351,9435,0.37095919448860626
Weekly Friday Option Week 2 - AUG 26,3935.0,PUT,9,3541500.0,0.0044206977458808965,9435,0.09538950715421303
Weekly Friday Option Week 2 - AUG 26,3940.0,PUT,3,1182000.0,0.002047800998905428,9435,0.03179650238473768
Weekly Friday Option Week 2 - AUG 26,3950.0,CALL,1,395000.0,40973.296719075595,9435,0.010598834128245893
Weekly Friday Option Week 2 - AUG 26,3950.0,PUT,549,216855000.0,0.7151327644641631,9435,5.8187599364069955
Weekly Friday Option Week 2 - AUG 26,3975.0,PUT,77,30607500.0,0.4710276360871027,9435,0.8161102278749338
Weekly Friday Option Week 2 - AUG 26,3985.0,PUT,1,398500.0,0.011052898165776065,9435,0.010598834128245893
Weekly Friday Option Week 2 - AUG 26,3995.0,PUT,5,1997500.0,0.09834180305005186,9435,0.052994170641229466
Weekly Friday Option Week 2 - AUG 26,4000.0,CALL,34,13600000.0,1223162.7798299915,9435,0.36036036036036034
Weekly Friday Option Week 2 - AUG 26,4000.0,PUT,299,119600000.0,7.800469427199554,9435,3.169051404345522
Weekly Friday Option Week 2 - AUG 26,4005.0,PUT,6,2403000.0,0.2068475616932547,9435,0.06359300476947535
Weekly Friday Option Week 2 - AUG 26,4010.0,PUT,7,2807000.0,0.3177046075466122,9435,0.07419183889772124
Weekly Friday Option Week 2 - AUG 26,4025.0,CALL,25,10062500.0,836911.9565290101,9435,0.2649708532061473
Weekly Friday Option Week 2 - AUG 26,4025.0,PUT,55,22137500.0,5.570738472896602,9435,0.5829358770535241
Weekly Friday Option Week 2 - AUG 26,4045.0,PUT,1,404500.0,0.28065799142804604,9435,0.010598834128245893
Weekly Friday Option Week 2 - AUG 26,4050.0,CALL,82,33210000.0,2540176.5678613586,9435,0.8691043985161632
Weekly Friday Option Week 2 - AUG 26,4050.0,PUT,229,92745000.0,82.1792864635195,9435,2.4271330153683093
Weekly Friday Option Week 2 - AUG 26,4065.0,PUT,1,406500.0,0.7344095925310157,9435,0.010598834128245893
Weekly Friday Option Week 2 - AUG 26,4075.0,CALL,175,71312500.0,4983929.053540356,9435,1.8547959724430314
Weekly Friday Option Week 2 - AUG 26,4075.0,PUT,211,85982500.0,245.44454571668214,9435,2.2363540010598837
Weekly Friday Option Week 2 - AUG 26,4100.0,CALL,65,26650000.0,1688889.614092851,9435,0.688924218335983
Weekly Friday Option Week 2 - AUG 26,4100.0,PUT,841,344810000.0,2908.687934588184,9435,8.913619501854795
Weekly Friday Option Week 2 - AUG 26,4125.0,CALL,156,64350000.0,3664431.126892974,9435,1.6534181240063592
Weekly Friday Option Week 2 - AUG 26,4125.0,PUT,68,28050000.0,643.1032939622838,9435,0.7207207207207207
Weekly Friday Option Week 2 - AUG 26,4130.0,PUT,1,413000.0,11.45215926593579,9435,0.010598834128245893
Weekly Friday Option Week 2 - AUG 26,4135.0,PUT,1,413500.0,13.823121726501952,9435,0.010598834128245893
Weekly Friday Option Week 2 - AUG 26,4145.0,PUT,2,829000.0,39.89541126459457,9435,0.021197668256491786
Weekly Friday Option Week 2 - AUG 26,4150.0,CALL,193,80095000.0,4054034.9637394613,9435,2.045574986751457
Weekly Friday Option Week 2 - AUG 26,4150.0,PUT,311,129065000.0,7417.225760159835,9435,3.296237413884473
Weekly Friday Option Week 2 - AUG 26,4160.0,PUT,13,5408000.0,439.0775520907482,9435,0.1377848436671966
Weekly Friday Option Week 2 - AUG 26,4165.0,PUT,12,4998000.0,480.09637883176595,9435,0.1271860095389507
Weekly Friday Option Week 2 - AUG 26,4175.0,CALL,57,23797500.0,1056675.48409081,9435,0.604133545310016
Weekly Friday Option Week 2 - AUG 26,4175.0,PUT,123,51352500.0,6842.034342913338,9435,1.3036565977742447
Weekly Friday Option Week 2 - AUG 26,4180.0,PUT,11,4598000.0,718.2536084622725,9435,0.11658717541070482
Weekly Friday Option Week 2 - AUG 26,4185.0,PUT,5,2092500.0,382.0910751944879,9435,0.052994170641229466
Weekly Friday Option Week 2 - AUG 26,4195.0,PUT,1,419500.0,103.74918327126466,9435,0.010598834128245893
Weekly Friday Option Week 2 - AUG 26,4200.0,CALL,94,39480000.0,1513769.1863967774,9435,0.9962904080551138
Weekly Friday Option Week 2 - AUG 26,4200.0,PUT,83,34860000.0,9989.899637116465,9435,0.8797032326444092
Weekly Friday Option Week 2 - AUG 26,4210.0,PUT,11,4631000.0,1766.5992733643861,9435,0.11658717541070482
Weekly Friday Option Week 2 - AUG 26,4215.0,PUT,24,10116000.0,4433.469118229209,9435,0.2543720190779014
Weekly Friday Option Week 2 - AUG 26,4220.0,PUT,13,5486000.0,2754.5402720481006,9435,0.1377848436671966
Weekly Friday Option Week 2 - AUG 26,4225.0,CALL,129,54502500.0,1770778.299666442,9435,1.3672496025437202
Weekly Friday Option Week 2 - AUG 26,4225.0,PUT,32,13520000.0,7755.811163457838,9435,0.33916269210386857
Weekly Friday Option Week 2 - AUG 26,4230.0,CALL,28,11844000.0,371315.7516088486,9435,0.29676735559088496
Weekly Friday Option Week 2 - AUG 26,4230.0,PUT,22,9306000.0,6082.492712768624,9435,0.23317435082140964
Weekly Friday Option Week 2 - AUG 26,4235.0,PUT,7,2964500.0,2201.7145664442182,9435,0.07419183889772124
Weekly Friday Option Week 2 - AUG 26,4240.0,PUT,24,10176000.0,8564.716965480466,9435,0.2543720190779014
Weekly Friday Option Week 2 - AUG 26,4245.0,PUT,3,1273500.0,1211.4599680488425,9435,0.03179650238473768
Weekly Friday Option Week 2 - AUG 26,4250.0,CALL,250,106250000.0,2860344.7684722594,9435,2.6497085320614735
Weekly Friday Option Week 2 - AUG 26,4250.0,PUT,270,114750000.0,123054.50428051666,9435,2.8616852146263914
Weekly Friday Option Week 2 - AUG 26,4260.0,PUT,38,16188000.0,21889.727007958685,9435,0.40275569687334395
Weekly Friday Option Week 2 - AUG 26,4265.0,PUT,11,4691500.0,7096.63726587288,9435,0.11658717541070482
Weekly Friday Option Week 2 - AUG 26,4270.0,PUT,5,2135000.0,3603.671786859252,9435,0.052994170641229466
Weekly Friday Option Week 2 - AUG 26,4275.0,CALL,129,55147500.0,1198388.692114327,9435,1.3672496025437202
Weekly Friday Option Week 2 - AUG 26,4275.0,PUT,51,21802500.0,40962.48527496779,9435,0.5405405405405406
Weekly Friday Option Week 2 - AUG 26,4280.0,PUT,13,5564000.0,11607.524093188214,9435,0.1377848436671966
Weekly Friday Option Week 2 - AUG 26,4285.0,PUT,23,9855500.0,22774.938485437622,9435,0.24377318494965555
Weekly Friday Option Week 2 - AUG 26,4295.0,PUT,14,6013000.0,16929.289259081248,9435,0.14838367779544248
Weekly Friday Option Week 2 - AUG 26,4300.0,CALL,156,67080000.0,1141813.5112747976,9435,1.6534181240063592
Weekly Friday Option Week 2 - AUG 26,4300.0,PUT,263,113090000.0,350221.67688533425,9435,2.78749337572867
Weekly Friday Option Week 2 - AUG 26,4305.0,PUT,13,5596500.0,19020.285798122357,9435,0.1377848436671966
Weekly Friday Option Week 2 - AUG 26,4310.0,CALL,1,431000.0,6592.013644527515,9435,0.010598834128245893
Weekly Friday Option Week 2 - AUG 26,4310.0,PUT,14,6034000.0,22454.974458942117,9435,0.14838367779544248
Weekly Friday Option Week 2 - AUG 26,4315.0,CALL,1,431500.0,6242.716369343634,9435,0.010598834128245893
Weekly Friday Option Week 2 - AUG 26,4315.0,PUT,11,4746500.0,19298.664381121398,9435,0.11658717541070482
Weekly Friday Option Week 2 - AUG 26,4320.0,CALL,10,4320000.0,59033.65227238783,9435,0.10598834128245893
Weekly Friday Option Week 2 - AUG 26,4320.0,PUT,2,864000.0,3829.7349106129786,9435,0.021197668256491786
Weekly Friday Option Week 2 - AUG 26,4325.0,CALL,72,31140000.0,401343.27104990336,9435,0.7631160572337042
Weekly Friday Option Week 2 - AUG 26,4325.0,PUT,42,18165000.0,87591.37332737473,9435,0.4451510333863275
Weekly Friday Option Week 2 - AUG 26,4330.0,PUT,6,2598000.0,13599.439589151916,9435,0.06359300476947535
Weekly Friday Option Week 2 - AUG 26,4335.0,PUT,11,4768500.0,27040.823002694833,9435,0.11658717541070482
Weekly Friday Option Week 2 - AUG 26,4340.0,CALL,1,434000.0,4650.044018866083,9435,0.010598834128245893
Weekly Friday Option Week 2 - AUG 26,4340.0,PUT,55,23870000.0,146339.84738943048,9435,0.5829358770535241
Weekly Friday Option Week 2 - AUG 26,4350.0,CALL,311,135285000.0,1271444.2193030019,9435,3.296237413884473
Weekly Friday Option Week 2 - AUG 26,4350.0,PUT,191,83085000.0,591816.304414068,9435,2.0243773184949654
Weekly Friday Option Week 2 - AUG 26,4355.0,PUT,4,1742000.0,13336.01578211692,9435,0.04239533651298357
Weekly Friday Option Week 2 - AUG 26,4360.0,CALL,1,436000.0,3570.751524859861,9435,0.010598834128245893
Weekly Friday Option Week 2 - AUG 26,4360.0,PUT,14,6104000.0,50128.54357055021,9435,0.14838367779544248
Weekly Friday Option Week 2 - AUG 26,4365.0,CALL,10,4365000.0,33286.7781620871,9435,0.10598834128245893
Weekly Friday Option Week 2 - AUG 26,4365.0,PUT,5,2182500.0,19191.655545761023,9435,0.052994170641229466
Weekly Friday Option Week 2 - AUG 26,4370.0,PUT,11,4807000.0,45178.42504665791,9435,0.11658717541070482
Weekly Friday Option Week 2 - AUG 26,4375.0,CALL,38,16625000.0,109352.30377798644,9435,0.40275569687334395
Weekly Friday Option Week 2 - AUG 26,4375.0,PUT,60,26250000.0,263216.07738931105,9435,0.6359300476947536
Weekly Friday Option Week 2 - AUG 26,4380.0,CALL,6,2628000.0,16011.631019753077,9435,0.06359300476947535
Weekly Friday Option Week 2 - AUG 26,4380.0,PUT,10,4380000.0,46776.42151194141,9435,0.10598834128245893
Weekly Friday Option Week 2 - AUG 26,4385.0,PUT,21,9208500.0,104561.43174745566,9435,0.22257551669316375
Weekly Friday Option Week 2 - AUG 26,4390.0,CALL,4,1756000.0,9130.249225117677,9435,0.04239533651298357
Weekly Friday Option Week 2 - AUG 26,4390.0,PUT,10,4390000.0,52911.88413042619,9435,0.10598834128245893
Weekly Friday Option Week 2 - AUG 26,4395.0,PUT,5,2197500.0,28068.318190057427,9435,0.052994170641229466
Weekly Friday Option Week 2 - AUG 26,4400.0,CALL,351,154440000.0,680273.9785014696,9435,3.7201907790143083
Weekly Friday Option Week 2 - AUG 26,4400.0,PUT,97,42680000.0,576792.8203090009,9435,1.0280869104398516
Weekly Friday Option Week 2 - AUG 26,4405.0,CALL,7,3083500.0,12466.242819667286,9435,0.07419183889772124
Weekly Friday Option Week 2 - AUG 26,4405.0,PUT,4,1762000.0,25155.606505744618,9435,0.04239533651298357
Weekly Friday Option Week 2 - AUG 26,4410.0,CALL,2,882000.0,3266.677489995709,9435,0.021197668256491786
Weekly Friday Option Week 2 - AUG 26,4410.0,PUT,1,441000.0,6641.143102816932,9435,0.010598834128245893
Weekly Friday Option Week 2 - AUG 26,4415.0,CALL,2,883000.0,2990.3005084018787,9435,0.021197668256491786
Weekly Friday Option Week 2 - AUG 26,4415.0,PUT,5,2207500.0,35013.745873920474,9435,0.052994170641229466
Weekly Friday Option Week 2 - AUG 26,4420.0,CALL,6,2652000.0,8196.090285511946,9435,0.06359300476947535
Weekly Friday Option Week 2 - AUG 26,4420.0,PUT,10,4420000.0,73734.0853093242,9435,0.10598834128245893
Weekly Friday Option Week 2 - AUG 26,4425.0,CALL,152,67260000.0,189332.11577334077,9435,1.6110227874933758
Weekly Friday Option Week 2 - AUG 26,4425.0,PUT,35,15487500.0,271347.7924827469,9435,0.37095919448860626
Weekly Friday Option Week 2 - AUG 26,4430.0,CALL,17,7531000.0,19270.908804928535,9435,0.18018018018018017
Weekly Friday Option Week 2 - AUG 26,4430.0,PUT,3,1329000.0,24421.696439259584,9435,0.03179650238473768
Weekly Friday Option Week 2 - AUG 26,4435.0,CALL,7,3104500.0,7207.162473057883,9435,0.07419183889772124
Weekly Friday Option Week 2 - AUG 26,4440.0,CALL,6,2664000.0,5599.693869224893,9435,0.06359300476947535
Weekly Friday Option Week 2 - AUG 26,4440.0,PUT,3,1332000.0,26819.56213782123,9435,0.03179650238473768
Weekly Friday Option Week 2 - AUG 26,4445.0,CALL,3,1333500.0,2532.8439273392064,9435,0.03179650238473768
Weekly Friday Option Week 2 - AUG 26,4450.0,CALL,279,124155000.0,212660.47409939865,9435,2.957074721780604
Weekly Friday Option Week 2 - AUG 26,4450.0,PUT,22,9790000.0,214904.46519155093,9435,0.23317435082140964
Weekly Friday Option Week 2 - AUG 26,4455.0,CALL,8,3564000.0,5493.933084480523,9435,0.08479067302596714
Weekly Friday Option Week 2 - AUG 26,4455.0,PUT,10,4455000.0,101926.97058254908,9435,0.10598834128245893
Weekly Friday Option Week 2 - AUG 26,4460.0,CALL,13,5798000.0,8027.075405437619,9435,0.1377848436671966
Weekly Friday Option Week 2 - AUG 26,4460.0,PUT,12,5352000.0,127478.60789206388,9435,0.1271860095389507
Weekly Friday Option Week 2 - AUG 26,4465.0,CALL,52,23218000.0,28809.943800650126,9435,0.5511393746687864
Weekly Friday Option Week 2 - AUG 26,4470.0,CALL,13,5811000.0,6449.2151809290535,9435,0.1377848436671966
Weekly Friday Option Week 2 - AUG 26,4470.0,PUT,3,1341000.0,34504.29775932866,9435,0.03179650238473768
Weekly Friday Option Week 2 - AUG 26,4475.0,CALL,255,114112500.0,113037.53102848855,9435,2.7027027027027026
Weekly Friday Option Week 2 - AUG 26,4480.0,CALL,33,14784000.0,13043.834976768369,9435,0.3497615262321145
Weekly Friday Option Week 2 - AUG 26,4485.0,CALL,2,897000.0,703.4216793790051,9435,0.021197668256491786
Weekly Friday Option Week 2 - AUG 26,4490.0,CALL,37,16613000.0,11554.821595324267,9435,0.39215686274509803
Weekly Friday Option Week 2 - AUG 26,4495.0,CALL,16,7192000.0,4427.256712220515,9435,0.16958134605193428
Weekly Friday Option Week 2 - AUG 26,4500.0,CALL,203,91350000.0,49663.540646536094,9435,2.1515633280339164
Weekly Friday Option Week 2 - AUG 26,4500.0,PUT,1,450000.0,14248.754471051052,9435,0.010598834128245893
Weekly Friday Option Week 2 - AUG 26,4505.0,CALL,7,3153500.0,1510.9037696136681,9435,0.07419183889772124
Weekly Friday Option Week 2 - AUG 26,4510.0,CALL,37,16687000.0,7030.796265299017,9435,0.39215686274509803
Weekly Friday Option Week 2 - AUG 26,4515.0,CALL,1,451500.0,166.9285443137568,9435,0.010598834128245893
Weekly Friday Option Week 2 - AUG 26,4520.0,CALL,20,9040000.0,2926.5051684936907,9435,0.21197668256491786
Weekly Friday Option Week 2 - AUG 26,4525.0,CALL,41,18552500.0,5247.470408070381,9435,0.4345521992580816
Weekly Friday Option Week 2 - AUG 26,4530.0,CALL,8,3624000.0,893.6317091774299,9435,0.08479067302596714
Weekly Friday Option Week 2 - AUG 26,4535.0,CALL,14,6349000.0,1361.9221732854926,9435,0.14838367779544248
Weekly Friday Option Week 2 - AUG 26,4540.0,CALL,5,2270000.0,422.6695471481463,9435,0.052994170641229466
Weekly Friday Option Week 2 - AUG 26,4545.0,CALL,2,909000.0,146.59415053569091,9435,0.021197668256491786
Weekly Friday Option Week 2 - AUG 26,4550.0,CALL,109,49595000.0,6912.194517065923,9435,1.1552729199788023
Weekly Friday Option Week 2 - AUG 26,4555.0,CALL,2,911000.0,109.48828471271383,9435,0.021197668256491786
Weekly Friday Option Week 2 - AUG 26,4560.0,CALL,9,4104000.0,424.39689060391714,9435,0.09538950715421303
Weekly Friday Option Week 2 - AUG 26,4570.0,CALL,22,10054000.0,764.6493614439053,9435,0.23317435082140964
Weekly Friday Option Week 2 - AUG 26,4575.0,CALL,104,47580000.0,3093.0610433759794,9435,1.1022787493375727
Weekly Friday Option Week 2 - AUG 26,4580.0,CALL,3,1374000.0,76.1782257642686,9435,0.03179650238473768
Weekly Friday Option Week 2 - AUG 26,4585.0,CALL,1,458500.0,21.632270154532307,9435,0.010598834128245893
Weekly Friday Option Week 2 - AUG 26,4595.0,CALL,3,1378500.0,46.786391158811824,9435,0.03179650238473768
Weekly Friday Option Week 2 - AUG 26,4600.0,CALL,184,84640000.0,2428.3910423417383,9435,1.9501854795972444
Weekly Friday Option Week 2 - AUG 26,4600.0,PUT,4,1840000.0,96052.7820810159,9435,0.04239533651298357
Weekly Friday Option Week 2 - AUG 26,4605.0,CALL,1,460500.0,11.143945306941916,9435,0.010598834128245893
Weekly Friday Option Week 2 - AUG 26,4610.0,CALL,1,461000.0,9.388851929728936,9435,0.010598834128245893
Weekly Friday Option Week 2 - AUG 26,4615.0,CALL,1,461500.0,7.892618925512629,9435,0.010598834128245893
Weekly Friday Option Week 2 - AUG 26,4625.0,CALL,26,12025000.0,144.05116288341554,9435,0.2755696873343932
Weekly Friday Option Week 2 - AUG 26,4630.0,CALL,1,463000.0,4.626548353434146,9435,0.010598834128245893
Weekly Friday Option Week 2 - AUG 26,4635.0,CALL,1,463500.0,3.854836807640183,9435,0.010598834128245893
Weekly Friday Option Week 2 - AUG 26,4640.0,CALL,18,8352000.0,57.68499277703558,9435,0.19077901430842606
Weekly Friday Option Week 2 - AUG 26,4645.0,CALL,2,929000.0,5.316679074962316,9435,0.021197668256491786
Weekly Friday Option Week 2 - AUG 26,4650.0,CALL,29,13485000.0,63.806472834454595,9435,0.3073661897191309
Weekly Friday Option Week 2 - AUG 26,4665.0,CALL,9,4198500.0,11.078994329114078,9435,0.09538950715421303
Weekly Friday Option Week 2 - AUG 26,4675.0,CALL,11,5142500.0,9.092908788146747,9435,0.11658717541070482
Weekly Friday Option Week 2 - AUG 26,4680.0,CALL,5,2340000.0,3.3757172525328283,9435,0.052994170641229466
Weekly Friday Option Week 2 - AUG 26,4700.0,CALL,59,27730000.0,17.338491138765868,9435,0.6253312135665077
Weekly Friday Option Week 2 - AUG 26,4725.0,CALL,1,472500.0,0.09888674145812903,9435,0.010598834128245893
Weekly Friday Option Week 2 - AUG 26,4750.0,CALL,57,27075000.0,1.795877813925846,9435,0.604133545310016
Weekly Friday Option Week 2 - AUG 26,4800.0,CALL,52,24960000.0,0.14142780322954662,9435,0.5511393746687864
Weekly Friday Option Week 2 - AUG 26,4820.0,CALL,3,1446000.0,0.002884834294187167,9435,0.03179650238473768
Weekly Friday Option Week 2 - AUG 26,4900.0,CALL,142,69580000.0,0.0015264832079056041,9435,1.5050344462109166
Weekly Friday Option Week 2 - AUG 26,5000.0,CALL,51,25500000.0,9.594914144224637e-07,9435,0.5405405405405406
Weekly Friday Option Week 2 - AUG 26,5100.0,CALL,10,5100000.0,1.516786953884718e-10,9435,0.10598834128245893
Weekly Friday Option Week 3 - AUG 26,3250.0,PUT,1,325000.0,7.245001772093072e-44,3635,0.027510316368638238
Weekly Friday Option Week 3 - AUG 26,3300.0,PUT,1,330000.0,2.482979028964232e-39,3635,0.027510316368638238
Weekly Friday Option Week 3 - AUG 26,3400.0,PUT,1,340000.0,3.786228075575739e-31,3635,0.027510316368638238
Weekly Friday Option Week 3 - AUG 26,3500.0,PUT,1,350000.0,4.569727959985037e-24,3635,0.027510316368638238
Weekly Friday Option Week 3 - AUG 26,3600.0,PUT,12,4320000.0,6.428317732561761e-17,3635,0.3301237964236589
Weekly Friday Option Week 3 - AUG 26,3675.0,PUT,2,735000.0,9.252057604781955e-14,3635,0.055020632737276476
Weekly Friday Option Week 3 - AUG 26,3700.0,PUT,9,3330000.0,6.617522861293074e-12,3635,0.24759284731774417
Weekly Friday Option Week 3 - AUG 26,3725.0,PUT,4,1490000.0,4.1327648254791365e-11,3635,0.11004126547455295
Weekly Friday Option Week 3 - AUG 26,3750.0,PUT,6,2250000.0,7.720745197164868e-10,3635,0.16506189821182946
Weekly Friday Option Week 3 - AUG 26,3775.0,PUT,7,2642500.0,9.968545430067981e-09,3635,0.19257221458046767
Weekly Friday Option Week 3 - AUG 26,3800.0,PUT,12,4560000.0,1.6847004068105505e-07,3635,0.3301237964236589
Weekly Friday Option Week 3 - AUG 26,3825.0,PUT,25,9562500.0,3.0898731199663077e-06,3635,0.6877579092159559
Weekly Friday Option Week 3 - AUG 26,3850.0,PUT,14,5390000.0,1.3636322702375058e-05,3635,0.38514442916093533
Weekly Friday Option Week 3 - AUG 26,3875.0,PUT,2,775000.0,1.3776076766522269e-05,3635,0.055020632737276476
Weekly Friday Option Week 3 - AUG 26,3900.0,PUT,85,33150000.0,0.0037242580646818135,3635,2.3383768913342506
Weekly Friday Option Week 3 - AUG 26,3925.0,PUT,14,5495000.0,0.00351811445825404,3635,0.38514442916093533
Weekly Friday Option Week 3 - AUG 26,3950.0,PUT,54,21330000.0,0.07034092765221275,3635,1.485557083906465
Weekly Friday Option Week 3 - AUG 26,3975.0,PUT,30,11925000.0,0.1835172608131569,3635,0.8253094910591471
Weekly Friday Option Week 3 - AUG 26,4000.0,CALL,2,800000.0,71950.75175470539,3635,0.055020632737276476
Weekly Friday Option Week 3 - AUG 26,4000.0,PUT,69,27600000.0,1.8001083293537432,3635,1.8982118294360386
Weekly Friday Option Week 3 - AUG 26,4025.0,CALL,11,4427500.0,368241.2608727644,3635,0.30261348005502064
Weekly Friday Option Week 3 - AUG 26,4025.0,PUT,75,30187500.0,7.596461553949912,3635,2.063273727647868
Weekly Friday Option Week 3 - AUG 26,4050.0,CALL,10,4050000.0,309777.6302269949,3635,0.2751031636863824
Weekly Friday Option Week 3 - AUG 26,4050.0,PUT,273,110565000.0,97.96919303292937,3635,7.5103163686382395
Weekly Friday Option Week 3 - AUG 26,4075.0,CALL,39,15892500.0,1110704.189074708,3635,1.0729023383768914
Weekly Friday Option Week 3 - AUG 26,4075.0,PUT,119,48492500.0,138.42607080703874,3635,3.27372764786795
Weekly Friday Option Week 3 - AUG 26,4100.0,CALL,18,7380000.0,467692.5085180203,3635,0.49518569463548834
Weekly Friday Option Week 3 - AUG 26,4100.0,PUT,54,22140000.0,186.76474253003795,3635,1.485557083906465
Weekly Friday Option Week 3 - AUG 26,4125.0,CALL,30,12375000.0,704698.2936332643,3635,0.8253094910591471
Weekly Friday Option Week 3 - AUG 26,4125.0,PUT,50,20625000.0,472.8700690899146,3635,1.3755158184319118
Weekly Friday Option Week 3 - AUG 26,4150.0,CALL,37,15355000.0,777198.4127376169,3635,1.0178817056396148
Weekly Friday Option Week 3 - AUG 26,4150.0,PUT,34,14110000.0,810.8864175094354,3635,0.9353507565337001
Weekly Friday Option Week 3 - AUG 26,4175.0,CALL,94,39245000.0,1742587.6404304581,3635,2.5859697386519946
Weekly Friday Option Week 3 - AUG 26,4175.0,PUT,42,17535000.0,2336.3044097752863,3635,1.1554332874828062
Weekly Friday Option Week 3 - AUG 26,4200.0,CALL,39,16380000.0,628053.173079514,3635,1.0729023383768914
Weekly Friday Option Week 3 - AUG 26,4200.0,PUT,137,57540000.0,16489.352413071756,3635,3.768913342503439
Weekly Friday Option Week 3 - AUG 26,4225.0,CALL,7,2957500.0,96088.74494314028,3635,0.19257221458046767
Weekly Friday Option Week 3 - AUG 26,4225.0,PUT,55,23237500.0,13330.30043719316,3635,1.5130674002751032
Weekly Friday Option Week 3 - AUG 26,4250.0,CALL,36,15300000.0,411889.6466600054,3635,0.9903713892709767
Weekly Friday Option Week 3 - AUG 26,4250.0,PUT,56,23800000.0,25522.415702625676,3635,1.5405777166437413
Weekly Friday Option Week 3 - AUG 26,4275.0,CALL,104,44460000.0,966142.821549535,3635,2.861072902338377
Weekly Friday Option Week 3 - AUG 26,4275.0,PUT,215,91912500.0,172684.98694349165,3635,5.914718019257221
Weekly Friday Option Week 3 - AUG 26,4300.0,CALL,58,24940000.0,424520.40803806577,3635,1.595598349381018
Weekly Friday Option Week 3 - AUG 26,4300.0,PUT,101,43430000.0,134495.77705482417,3635,2.778541953232462
Weekly Friday Option Week 3 - AUG 26,4325.0,CALL,27,11677500.0,150503.72664371374,3635,0.7427785419532325
Weekly Friday Option Week 3 - AUG 26,4325.0,PUT,138,59685000.0,287800.2266470884,3635,3.7964236588720772
Weekly Friday Option Week 3 - AUG 26,4350.0,CALL,43,18705000.0,175794.53836022213,3635,1.1829436038514443
Weekly Friday Option Week 3 - AUG 26,4350.0,PUT,20,8700000.0,61970.29365592334,3635,0.5502063273727648
Weekly Friday Option Week 3 - AUG 26,4375.0,CALL,13,5687500.0,37409.998660890094,3635,0.3576341127922971
Weekly Friday Option Week 3 - AUG 26,4375.0,PUT,28,12250000.0,122834.16944834517,3635,0.7702888583218707
Weekly Friday Option Week 3 - AUG 26,4400.0,CALL,272,119680000.0,527163.8807760675,3635,7.482806052269601
Weekly Friday Option Week 3 - AUG 26,4400.0,PUT,29,12760000.0,172443.21431918585,3635,0.797799174690509
Weekly Friday Option Week 3 - AUG 26,4425.0,CALL,28,12390000.0,34876.96869508909,3635,0.7702888583218707
Weekly Friday Option Week 3 - AUG 26,4425.0,PUT,3,1327500.0,23258.38221280687,3635,0.08253094910591473
Weekly Friday Option Week 3 - AUG 26,4450.0,CALL,43,19135000.0,32775.6286246385,3635,1.1829436038514443
Weekly Friday Option Week 3 - AUG 26,4450.0,PUT,3,1335000.0,29305.1543443024,3635,0.08253094910591473
Weekly Friday Option Week 3 - AUG 26,4475.0,CALL,101,45197500.0,44771.72797598958,3635,2.778541953232462
Weekly Friday Option Week 3 - AUG 26,4475.0,PUT,2,895000.0,23896.836218313092,3635,0.055020632737276476
Weekly Friday Option Week 3 - AUG 26,4500.0,CALL,185,83250000.0,45259.876943887575,3635,5.089408528198074
Weekly Friday Option Week 3 - AUG 26,4525.0,CALL,30,13575000.0,3839.6124937100353,3635,0.8253094910591471
Weekly Friday Option Week 3 - AUG 26,4550.0,CALL,77,35035000.0,4882.926401964,3635,2.1182943603851445
Weekly Friday Option Week 3 - AUG 26,4575.0,CALL,18,8235000.0,535.3374882766118,3635,0.49518569463548834
Weekly Friday Option Week 3 - AUG 26,4600.0,CALL,85,39100000.0,1121.8110793426508,3635,2.3383768913342506
Weekly Friday Option Week 3 - AUG 26,4600.0,PUT,4,1840000.0,96052.7820810159,3635,0.11004126547455295
Weekly Friday Option Week 3 - AUG 26,4625.0,CALL,46,21275000.0,254.85974971681208,3635,1.265474552957359
Weekly Friday Option Week 3 - AUG 26,4650.0,CALL,27,12555000.0,59.40602643207842,3635,0.7427785419532325
Weekly Friday Option Week 3 - AUG 26,4675.0,CALL,156,72930000.0,128.95397917735386,3635,4.291609353507566
Weekly Friday Option Week 3 - AUG 26,4700.0,CALL,105,49350000.0,30.85663677237993,3635,2.8885832187070153
Weekly Friday Option Week 3 - AUG 26,4725.0,CALL,8,3780000.0,0.7910939316650323,3635,0.2200825309491059
Weekly Friday Option Week 3 - AUG 26,4750.0,CALL,12,5700000.0,0.3780795397738623,3635,0.3301237964236589
Weekly Friday Option Week 3 - AUG 26,4775.0,CALL,7,3342500.0,0.06656259781284667,3635,0.19257221458046767
Weekly Friday Option Week 3 - AUG 26,4800.0,CALL,16,7680000.0,0.04351624714755281,3635,0.4401650618982118
Weekly Friday Option Week 3 - AUG 26,4825.0,CALL,7,3377500.0,0.005163181088197106,3635,0.19257221458046767
Weekly Friday Option Week 3 - AUG 26,4900.0,CALL,13,6370000.0,0.00013974846269558348,3635,0.3576341127922971
Weekly Friday Option Week 3 - AUG 26,5000.0,CALL,43,21500000.0,8.089829572581556e-07,3635,1.1829436038514443
Weekly Friday Option Week 3 - AUG 26,5200.0,CALL,1,520000.0,5.864784559582809e-15,3635,0.027510316368638238
Weekly Friday Option Week 4 - AUG 26,3400.0,PUT,1,340000.0,3.786228075575739e-31,3292,0.030376670716889428
Weekly Friday Option Week 4 - AUG 26,3600.0,PUT,1,360000.0,5.356931443801468e-18,3292,0.030376670716889428
Weekly Friday Option Week 4 - AUG 26,3675.0,PUT,2,735000.0,9.252057604781955e-14,3292,0.060753341433778855
Weekly Friday Option Week 4 - AUG 26,3700.0,PUT,1,370000.0,7.352803179214527e-13,3292,0.030376670716889428
Weekly Friday Option Week 4 - AUG 26,3725.0,PUT,3,1117500.0,3.0995736191093524e-11,3292,0.09113001215066828
Weekly Friday Option Week 4 - AUG 26,3750.0,PUT,3,1125000.0,3.860372598582434e-10,3292,0.09113001215066828
Weekly Friday Option Week 4 - AUG 26,3800.0,PUT,6,2280000.0,8.423502034052753e-08,3292,0.18226002430133656
Weekly Friday Option Week 4 - AUG 26,3825.0,PUT,8,3060000.0,9.887593983892185e-07,3292,0.24301336573511542
Weekly Friday Option Week 4 - AUG 26,3850.0,PUT,4,1540000.0,3.896092200678588e-06,3292,0.12150668286755771
Weekly Friday Option Week 4 - AUG 26,3875.0,PUT,3,1162500.0,2.0664115149783403e-05,3292,0.09113001215066828
Weekly Friday Option Week 4 - AUG 26,3900.0,PUT,6,2340000.0,0.0002628888045657751,3292,0.18226002430133656
Weekly Friday Option Week 4 - AUG 26,3925.0,PUT,5,1962500.0,0.0012564694493764428,3292,0.15188335358444716
Weekly Friday Option Week 4 - AUG 26,3950.0,PUT,4,1580000.0,0.005210439085349093,3292,0.12150668286755771
Weekly Friday Option Week 4 - AUG 26,3975.0,PUT,3,1192500.0,0.01835172608131569,3292,0.09113001215066828
Weekly Friday Option Week 4 - AUG 26,4000.0,PUT,22,8800000.0,0.573947583272208,3292,0.6682867557715675
Weekly Friday Option Week 4 - AUG 26,4025.0,PUT,1,402500.0,0.1012861540526655,3292,0.030376670716889428
Weekly Friday Option Week 4 - AUG 26,4050.0,PUT,9,3645000.0,3.229753616470199,3292,0.2733900364520049
Weekly Friday Option Week 4 - AUG 26,4075.0,PUT,125,50937500.0,145.4055365620155,3292,3.797083839611179
Weekly Friday Option Week 4 - AUG 26,4100.0,PUT,38,15580000.0,131.42704103965633,3292,1.1543134872417984
Weekly Friday Option Week 4 - AUG 26,4125.0,PUT,20,8250000.0,189.14802763596583,3292,0.6075334143377886
Weekly Friday Option Week 4 - AUG 26,4150.0,PUT,53,21995000.0,1264.0288272941198,3292,1.6099635479951395
Weekly Friday Option Week 4 - AUG 26,4175.0,CALL,1,417500.0,18538.166387558067,3292,0.030376670716889428
Weekly Friday Option Week 4 - AUG 26,4175.0,PUT,19,7932500.0,1056.8996139459628,3292,0.5771567436208992
Weekly Friday Option Week 4 - AUG 26,4200.0,CALL,152,63840000.0,2447796.982258619,3292,4.6172539489671935
Weekly Friday Option Week 4 - AUG 26,4200.0,PUT,136,57120000.0,16368.992176479991,3292,4.131227217496963
Weekly Friday Option Week 4 - AUG 26,4225.0,CALL,13,5492500.0,178450.5263229748,3292,0.39489671931956255
Weekly Friday Option Week 4 - AUG 26,4225.0,PUT,28,11830000.0,6786.334768025608,3292,0.850546780072904
Weekly Friday Option Week 4 - AUG 26,4250.0,CALL,18,7650000.0,205944.8233300027,3292,0.5467800729040098
Weekly Friday Option Week 4 - AUG 26,4250.0,PUT,54,22950000.0,24610.90085610333,3292,1.6403402187120293
Weekly Friday Option Week 4 - AUG 26,4275.0,CALL,63,26932500.0,585259.593823276,3292,1.913730255164034
Weekly Friday Option Week 4 - AUG 26,4275.0,PUT,43,18382500.0,34536.99738869833,3292,1.3061968408262454
Weekly Friday Option Week 4 - AUG 26,4300.0,CALL,7,3010000.0,51235.221659766554,3292,0.212636695018226
Weekly Friday Option Week 4 - AUG 26,4300.0,PUT,169,72670000.0,225047.38932935926,3292,5.133657351154314
Weekly Friday Option Week 4 - AUG 26,4325.0,CALL,9,3892500.0,50167.90888123792,3292,0.2733900364520049
Weekly Friday Option Week 4 - AUG 26,4325.0,PUT,7,3027500.0,14598.562221229122,3292,0.212636695018226
Weekly Friday Option Week 4 - AUG 26,4350.0,CALL,10,4350000.0,40882.450781447005,3292,0.3037667071688943
Weekly Friday Option Week 4 - AUG 26,4350.0,PUT,30,13050000.0,92955.44048388502,3292,0.9113001215066828
Weekly Friday Option Week 4 - AUG 26,4375.0,CALL,13,5687500.0,37409.998660890094,3292,0.39489671931956255
Weekly Friday Option Week 4 - AUG 26,4375.0,PUT,21,9187500.0,92125.62708625887,3292,0.637910085054678
Weekly Friday Option Week 4 - AUG 26,4400.0,CALL,10,4400000.0,19381.025028531894,3292,0.3037667071688943
Weekly Friday Option Week 4 - AUG 26,4400.0,PUT,7,3080000.0,41624.224146010376,3292,0.212636695018226
Weekly Friday Option Week 4 - AUG 26,4425.0,CALL,202,89385000.0,251612.41701457129,3292,6.136087484811665
Weekly Friday Option Week 4 - AUG 26,4425.0,PUT,3,1327500.0,23258.38221280687,3292,0.09113001215066828
Weekly Friday Option Week 4 - AUG 26,4450.0,CALL,282,125490000.0,214947.14586390828,3292,8.566221142162819
Weekly Friday Option Week 4 - AUG 26,4450.0,PUT,11,4895000.0,107452.23259577547,3292,0.33414337788578374
Weekly Friday Option Week 4 - AUG 26,4475.0,CALL,87,38932500.0,38565.74588030786,3292,2.6427703523693804
Weekly Friday Option Week 4 - AUG 26,4475.0,PUT,100,44750000.0,1194841.8109156545,3292,3.0376670716889427
Weekly Friday Option Week 4 - AUG 26,4500.0,CALL,329,148050000.0,80489.18656507574,3292,9.993924665856623
Weekly Friday Option Week 4 - AUG 26,4500.0,PUT,15,6750000.0,213731.3170657658,3292,0.4556500607533414
Weekly Friday Option Week 4 - AUG 26,4525.0,CALL,71,32127500.0,9087.082901780417,3292,2.1567436208991495
Weekly Friday Option Week 4 - AUG 26,4550.0,CALL,32,14560000.0,2029.2681151019224,3292,0.9720534629404617
Weekly Friday Option Week 4 - AUG 26,4550.0,PUT,1,455000.0,19065.466743807156,3292,0.030376670716889428
Weekly Friday Option Week 4 - AUG 26,4575.0,CALL,12,5490000.0,356.89165885107457,3292,0.3645200486026731
Weekly Friday Option Week 4 - AUG 26,4600.0,CALL,71,32660000.0,937.0421956862142,3292,2.1567436208991495
Weekly Friday Option Week 4 - AUG 26,4625.0,CALL,252,116550000.0,1396.1881941007966,3292,7.654921020656136
Weekly Friday Option Week 4 - AUG 26,4675.0,CALL,307,143522500.0,253.77481799645923,3292,9.325637910085055
Weekly Friday Option Week 4 - AUG 26,4700.0,CALL,286,134420000.0,84.04760111333962,3292,8.687727825030377
Weekly Friday Option Week 4 - AUG 26,4725.0,CALL,1,472500.0,0.09888674145812903,3292,0.030376670716889428
Weekly Friday Option Week 4 - AUG 26,4750.0,CALL,39,18525000.0,1.2287585042650526,3292,1.1846901579586877
Weekly Friday Option Week 4 - AUG 26,4775.0,CALL,15,7162500.0,0.14263413817038573,3292,0.4556500607533414
Weekly Friday Option Week 4 - AUG 26,4800.0,CALL,11,5280000.0,0.029917419913942558,3292,0.33414337788578374
Weekly Friday Option Week 4 - AUG 26,4900.0,CALL,23,11270000.0,0.0002472472801537246,3292,0.6986634264884568
Weekly Friday Option Week 4 - AUG 26,5000.0,CALL,3,1500000.0,5.6440671436615514e-08,3292,0.09113001215066828
Weekly Friday Option Week 4 - AUG 26,5200.0,CALL,1,520000.0,5.864784559582809e-15,3292,0.030376670716889428
Weekly Friday Option Week 4 - AUG 26,5250.0,CALL,6,3150000.0,5.318449197877888e-16,3292,0.18226002430133656
Weekly Friday Option Week 4 - AUG 26,5500.0,CALL,4,2200000.0,2.4330719757168608e-26,3292,0.12150668286755771
Weekly Monday Options Week 2 - SEP 26,3700.0,PUT,1,370000.0,68.51501466880343,32,3.125
Weekly Monday Options Week 2 - SEP 26,3900.0,PUT,1,390000.0,557.9807207943816,32,3.125
Weekly Monday Options Week 2 - SEP 26,4000.0,PUT,3,1200000.0,3889.9767886172754,32,9.375
Weekly Monday Options Week 2 - SEP 26,4050.0,PUT,3,1215000.0,5667.852882329509,32,9.375
Weekly Monday Options Week 2 - SEP 26,4100.0,PUT,1,410000.0,2676.9971126915607,32,3.125
Weekly Monday Options Week 2 - SEP 26,4450.0,CALL,1,445000.0,8903.742798193889,32,3.125
Weekly Monday Options Week 2 - SEP 26,4475.0,CALL,2,895000.0,15923.222264431706,32,6.25
Weekly Monday Options Week 2 - SEP 26,4500.0,CALL,1,450000.0,7094.799474040474,32,3.125
Weekly Monday Options Week 2 - SEP 26,4550.0,CALL,1,455000.0,5575.888962845534,32,3.125
Weekly Monday Options Week 2 - SEP 26,4675.0,CALL,1,467500.0,2872.1456692333504,32,3.125
Weekly Monday Options Week 2 - SEP 26,4700.0,CALL,11,5170000.0,27378.32710068193,32,34.375
Weekly Monday Options Week 2 - SEP 26,4775.0,CALL,2,955000.0,3172.0584155187794,32,6.25
Weekly Monday Options Week 2 - SEP 26,5000.0,CALL,2,1000000.0,681.2622160641268,32,6.25
Weekly Monday Options Week 2 - SEP 26,5200.0,CALL,2,1040000.0,138.53938483373085,32,6.25
Weekly Monday Options Week 3 - AUG 26,3300.0,PUT,11,3630000.0,2.731276931860655e-38,2473,0.44480388192478765
Weekly Monday Options Week 3 - AUG 26,3500.0,PUT,1,350000.0,4.569727959985037e-24,2473,0.040436716538617065
Weekly Monday Options Week 3 - AUG 26,3600.0,PUT,1,360000.0,5.356931443801468e-18,2473,0.040436716538617065
Weekly Monday Options Week 3 - AUG 26,3650.0,PUT,7,2555000.0,1.7964270519782837e-14,2473,0.28305701577031944
Weekly Monday Options Week 3 - AUG 26,3700.0,PUT,2,740000.0,1.4705606358429053e-12,2473,0.08087343307723413
Weekly Monday Options Week 3 - AUG 26,3725.0,PUT,4,1490000.0,4.1327648254791365e-11,2473,0.16174686615446826
Weekly Monday Options Week 3 - AUG 26,3750.0,PUT,16,6000000.0,2.0588653859106315e-09,2473,0.646987464617873
Weekly Monday Options Week 3 - AUG 26,3775.0,PUT,2,755000.0,2.8481558371622803e-09,2473,0.08087343307723413
Weekly Monday Options Week 3 - AUG 26,3800.0,PUT,6,2280000.0,8.423502034052753e-08,2473,0.2426202992317024
Weekly Monday Options Week 3 - AUG 26,3825.0,PUT,4,1530000.0,4.943796991946092e-07,2473,0.16174686615446826
Weekly Monday Options Week 3 - AUG 26,3850.0,PUT,5,1925000.0,4.870115250848235e-06,2473,0.20218358269308534
Weekly Monday Options Week 3 - AUG 26,3875.0,PUT,3,1162500.0,2.0664115149783403e-05,2473,0.1213101496158512
Weekly Monday Options Week 3 - AUG 26,3900.0,PUT,21,8190000.0,0.0009201108159802128,2473,0.8491710473109584
Weekly Monday Options Week 3 - AUG 26,3925.0,PUT,3,1177500.0,0.0007538816696258657,2473,0.1213101496158512
Weekly Monday Options Week 3 - AUG 26,3950.0,PUT,5,1975000.0,0.006513048856686366,2473,0.20218358269308534
Weekly Monday Options Week 3 - AUG 26,3975.0,PUT,23,9142500.0,0.14069656662342028,2473,0.9300444803881924
Weekly Monday Options Week 3 - AUG 26,4000.0,PUT,31,12400000.0,0.8087443218835657,2473,1.253538212697129
Weekly Monday Options Week 3 - AUG 26,4025.0,PUT,23,9257500.0,2.3295815432113063,2473,0.9300444803881924
Weekly Monday Options Week 3 - AUG 26,4050.0,PUT,16,6480000.0,5.7417842070581315,2473,0.646987464617873
Weekly Monday Options Week 3 - AUG 26,4075.0,CALL,2,815000.0,56959.18918331836,2473,0.08087343307723413
Weekly Monday Options Week 3 - AUG 26,4075.0,PUT,10,4075000.0,11.63244292496124,2473,0.4043671653861707
Weekly Monday Options Week 3 - AUG 26,4100.0,CALL,16,6560000.0,415726.67423824023,2473,0.646987464617873
Weekly Monday Options Week 3 - AUG 26,4100.0,PUT,42,17220000.0,145.26146641225176,2473,1.6983420946219168
Weekly Monday Options Week 3 - AUG 26,4125.0,CALL,1,412500.0,23489.94312110881,2473,0.040436716538617065
Weekly Monday Options Week 3 - AUG 26,4125.0,PUT,23,9487500.0,217.5202317813607,2473,0.9300444803881924
Weekly Monday Options Week 3 - AUG 26,4150.0,CALL,37,15355000.0,777198.4127376169,2473,1.4961585119288312
Weekly Monday Options Week 3 - AUG 26,4150.0,PUT,139,57685000.0,3315.0944715826918,2473,5.620703598867772
Weekly Monday Options Week 3 - AUG 26,4155.0,CALL,1,415500.0,20510.144140483953,2473,0.040436716538617065
Weekly Monday Options Week 3 - AUG 26,4170.0,PUT,1,417000.0,47.24665485519495,2473,0.040436716538617065
Weekly Monday Options Week 3 - AUG 26,4175.0,CALL,3,1252500.0,55614.4991626742,2473,0.1213101496158512
Weekly Monday Options Week 3 - AUG 26,4175.0,PUT,10,4175000.0,556.2629547084015,2473,0.4043671653861707
Weekly Monday Options Week 3 - AUG 26,4180.0,PUT,4,1672000.0,261.1831303499173,2473,0.16174686615446826
Weekly Monday Options Week 3 - AUG 26,4190.0,PUT,2,838000.0,178.34312549203162,2473,0.08087343307723413
Weekly Monday Options Week 3 - AUG 26,4200.0,CALL,23,9660000.0,370390.33284176467,2473,0.9300444803881924
Weekly Monday Options Week 3 - AUG 26,4200.0,PUT,47,19740000.0,5656.931119812938,2473,1.900525677315002
Weekly Monday Options Week 3 - AUG 26,4225.0,CALL,10,4225000.0,137269.63563305754,2473,0.4043671653861707
Weekly Monday Options Week 3 - AUG 26,4225.0,PUT,19,8027500.0,4605.012878303091,2473,0.7682976142337242
Weekly Monday Options Week 3 - AUG 26,4235.0,PUT,7,2964500.0,2201.7145664442182,2473,0.28305701577031944
Weekly Monday Options Week 3 - AUG 26,4240.0,PUT,2,848000.0,713.7264137900388,2473,0.08087343307723413
Weekly Monday Options Week 3 - AUG 26,4245.0,PUT,3,1273500.0,1211.4599680488425,2473,0.1213101496158512
Weekly Monday Options Week 3 - AUG 26,4250.0,CALL,30,12750000.0,343241.3722166711,2473,1.213101496158512
Weekly Monday Options Week 3 - AUG 26,4250.0,PUT,213,90525000.0,97076.3311546298,2473,8.613020622725434
Weekly Monday Options Week 3 - AUG 26,4255.0,PUT,6,2553000.0,3078.2483450703808,2473,0.2426202992317024
Weekly Monday Options Week 3 - AUG 26,4265.0,CALL,1,426500.0,10131.386804688009,2473,0.040436716538617065
Weekly Monday Options Week 3 - AUG 26,4275.0,CALL,7,2992500.0,65028.84375814178,2473,0.28305701577031944
Weekly Monday Options Week 3 - AUG 26,4275.0,PUT,11,4702500.0,8835.045843620503,2473,0.44480388192478765
Weekly Monday Options Week 3 - AUG 26,4280.0,CALL,1,428000.0,8879.740742750846,2473,0.040436716538617065
Weekly Monday Options Week 3 - AUG 26,4280.0,PUT,2,856000.0,1785.7729374135715,2473,0.08087343307723413
Weekly Monday Options Week 3 - AUG 26,4295.0,PUT,2,859000.0,2418.469894154464,2473,0.08087343307723413
Weekly Monday Options Week 3 - AUG 26,4300.0,CALL,25,10750000.0,182982.93449916627,2473,1.0109179134654267
Weekly Monday Options Week 3 - AUG 26,4300.0,PUT,187,80410000.0,249016.9337549715,2473,7.561665992721391
Weekly Monday Options Week 3 - AUG 26,4310.0,PUT,10,4310000.0,16039.26747067294,2473,0.4043671653861707
Weekly Monday Options Week 3 - AUG 26,4315.0,CALL,1,431500.0,6242.716369343634,2473,0.040436716538617065
Weekly Monday Options Week 3 - AUG 26,4325.0,CALL,3,1297500.0,16722.63629374597,2473,0.1213101496158512
Weekly Monday Options Week 3 - AUG 26,4325.0,PUT,262,113315000.0,546403.3288517186,2473,10.594419733117672
Weekly Monday Options Week 3 - AUG 26,4330.0,PUT,18,7794000.0,40798.31876745575,2473,0.7278608976951072
Weekly Monday Options Week 3 - AUG 26,4340.0,PUT,2,868000.0,5321.44899597929,2473,0.08087343307723413
Weekly Monday Options Week 3 - AUG 26,4345.0,PUT,1,434500.0,2874.110371149982,2473,0.040436716538617065
Weekly Monday Options Week 3 - AUG 26,4350.0,CALL,23,10005000.0,94029.63679732812,2473,0.9300444803881924
Weekly Monday Options Week 3 - AUG 26,4350.0,PUT,28,12180000.0,86758.41111829269,2473,1.1322280630812778
Weekly Monday Options Week 3 - AUG 26,4360.0,PUT,12,5232000.0,42967.32306047161,2473,0.4852405984634048
Weekly Monday Options Week 3 - AUG 26,4365.0,PUT,1,436500.0,3838.3311091522046,2473,0.040436716538617065
Weekly Monday Options Week 3 - AUG 26,4370.0,PUT,4,1748000.0,16428.518198784695,2473,0.16174686615446826
Weekly Monday Options Week 3 - AUG 26,4375.0,CALL,27,11812500.0,77697.68952646405,2473,1.0917913465426607
Weekly Monday Options Week 3 - AUG 26,4375.0,PUT,7,3062500.0,30708.542362086293,2473,0.28305701577031944
Weekly Monday Options Week 3 - AUG 26,4380.0,PUT,3,1314000.0,14032.926453582422,2473,0.1213101496158512
Weekly Monday Options Week 3 - AUG 26,4385.0,PUT,3,1315500.0,14937.347392493666,2473,0.1213101496158512
Weekly Monday Options Week 3 - AUG 26,4390.0,PUT,2,878000.0,10582.376826085238,2473,0.08087343307723413
Weekly Monday Options Week 3 - AUG 26,4395.0,CALL,3,1318500.0,6315.728905452897,2473,0.1213101496158512
Weekly Monday Options Week 3 - AUG 26,4395.0,PUT,4,1758000.0,22454.65455204594,2473,0.16174686615446826
Weekly Monday Options Week 3 - AUG 26,4400.0,CALL,153,67320000.0,296529.682936538,2473,6.186817630408411
Weekly Monday Options Week 3 - AUG 26,4400.0,PUT,39,17160000.0,231906.39167062924,2473,1.5770319450060657
Weekly Monday Options Week 3 - AUG 26,4410.0,CALL,3,1323000.0,4900.016234993564,2473,0.1213101496158512
Weekly Monday Options Week 3 - AUG 26,4410.0,PUT,2,882000.0,13282.286205633864,2473,0.08087343307723413
Weekly Monday Options Week 3 - AUG 26,4425.0,CALL,30,13275000.0,37368.18074473831,2473,1.213101496158512
Weekly Monday Options Week 3 - AUG 26,4425.0,PUT,210,92925000.0,1628086.7548964813,2473,8.491710473109583
Weekly Monday Options Week 3 - AUG 26,4430.0,PUT,1,443000.0,8140.565479753195,2473,0.040436716538617065
Weekly Monday Options Week 3 - AUG 26,4440.0,PUT,1,444000.0,8939.85404594041,2473,0.040436716538617065
Weekly Monday Options Week 3 - AUG 26,4450.0,CALL,133,59185000.0,101375.78155992838,2473,5.37808329963607
Weekly Monday Options Week 3 - AUG 26,4450.0,PUT,13,5785000.0,126989.00215864374,2473,0.5256773150020219
Weekly Monday Options Week 3 - AUG 26,4465.0,CALL,14,6251000.0,7756.523330944265,2473,0.5661140315406389
Weekly Monday Options Week 3 - AUG 26,4470.0,CALL,3,1341000.0,1488.280426368243,2473,0.1213101496158512
Weekly Monday Options Week 3 - AUG 26,4475.0,CALL,43,19242500.0,19061.23072245101,2473,1.7387788111605338
Weekly Monday Options Week 3 - AUG 26,4480.0,CALL,1,448000.0,395.26772656873845,2473,0.040436716538617065
Weekly Monday Options Week 3 - AUG 26,4485.0,CALL,2,897000.0,703.4216793790051,2473,0.08087343307723413
Weekly Monday Options Week 3 - AUG 26,4500.0,CALL,50,22500000.0,12232.399174023669,2473,2.0218358269308534
Weekly Monday Options Week 3 - AUG 26,4500.0,PUT,1,450000.0,14248.754471051052,2473,0.040436716538617065
Weekly Monday Options Week 3 - AUG 26,4525.0,CALL,17,7692500.0,2175.780413102353,2473,0.6874241811564901
Weekly Monday Options Week 3 - AUG 26,4540.0,CALL,1,454000.0,84.53390942962926,2473,0.040436716538617065
Weekly Monday Options Week 3 - AUG 26,4545.0,CALL,2,909000.0,146.59415053569091,2473,0.08087343307723413
Weekly Monday Options Week 3 - AUG 26,4550.0,CALL,58,26390000.0,3678.048458622234,2473,2.3453295592397896
Weekly Monday Options Week 3 - AUG 26,4550.0,PUT,3,1365000.0,57196.40023142147,2473,0.1213101496158512
Weekly Monday Options Week 3 - AUG 26,4570.0,CALL,2,914000.0,69.51357831308229,2473,0.08087343307723413
Weekly Monday Options Week 3 - AUG 26,4575.0,CALL,24,10980000.0,713.7833177021491,2473,0.9704811969268096
Weekly Monday Options Week 3 - AUG 26,4600.0,CALL,83,38180000.0,1095.4155245345885,2473,3.3562474727052165
Weekly Monday Options Week 3 - AUG 26,4600.0,PUT,3,1380000.0,72039.58656076193,2473,0.1213101496158512
Weekly Monday Options Week 3 - AUG 26,4605.0,CALL,1,460500.0,11.143945306941916,2473,0.040436716538617065
Weekly Monday Options Week 3 - AUG 26,4610.0,CALL,1,461000.0,9.388851929728936,2473,0.040436716538617065
Weekly Monday Options Week 3 - AUG 26,4620.0,CALL,1,462000.0,6.620103604346994,2473,0.040436716538617065
Weekly Monday Options Week 3 - AUG 26,4625.0,CALL,21,9712500.0,116.3490161750664,2473,0.8491710473109584
Weekly Monday Options Week 3 - AUG 26,4650.0,CALL,7,3255000.0,15.401562408316627,2473,0.28305701577031944
Weekly Monday Options Week 3 - AUG 26,4675.0,CALL,3,1402500.0,2.479884214949113,2473,0.1213101496158512
Weekly Monday Options Week 3 - AUG 26,4700.0,CALL,19,8930000.0,5.58358189214494,2473,0.7682976142337242
Weekly Monday Options Week 3 - AUG 26,4720.0,CALL,16,7552000.0,1.9758995695362103,2473,0.646987464617873
Weekly Monday Options Week 3 - AUG 26,4750.0,CALL,6,2850000.0,0.18903976988693116,2473,0.2426202992317024
Weekly Monday Options Week 3 - AUG 26,4775.0,CALL,5,2387500.0,0.047544712723461904,2473,0.20218358269308534
Weekly Monday Options Week 3 - AUG 26,4800.0,CALL,3,1440000.0,0.008159296340166152,2473,0.1213101496158512
Weekly Monday Options Week 3 - AUG 26,4900.0,CALL,12,5880000.0,0.00012899858094976937,2473,0.4852405984634048
Weekly Monday Options Week 3 - AUG 26,5000.0,CALL,1,500000.0,1.8813557145538505e-08,2473,0.040436716538617065
Weekly Monday Options Week 4 - AUG 26,3300.0,PUT,20,6600000.0,4.965958057928464e-38,810,2.4691358024691357
Weekly Monday Options Week 4 - AUG 26,3500.0,PUT,1,350000.0,4.569727959985037e-24,810,0.12345679012345678
Weekly Monday Options Week 4 - AUG 26,3650.0,PUT,1,365000.0,2.5663243599689767e-15,810,0.12345679012345678
Weekly Monday Options Week 4 - AUG 26,3700.0,PUT,2,740000.0,1.4705606358429053e-12,810,0.24691358024691357
Weekly Monday Options Week 4 - AUG 26,3750.0,PUT,2,750000.0,2.5735817323882894e-10,810,0.24691358024691357
Weekly Monday Options Week 4 - AUG 26,3800.0,PUT,53,20140000.0,7.440760130079932e-07,810,6.5432098765432105
Weekly Monday Options Week 4 - AUG 26,3825.0,PUT,100,38250000.0,1.2359492479865231e-05,810,12.345679012345679
Weekly Monday Options Week 4 - AUG 26,3850.0,PUT,3,1155000.0,2.922069150508941e-06,810,0.3703703703703704
Weekly Monday Options Week 4 - AUG 26,3875.0,PUT,2,775000.0,1.3776076766522269e-05,810,0.24691358024691357
Weekly Monday Options Week 4 - AUG 26,3900.0,PUT,3,1170000.0,0.00013144440228288754,810,0.3703703703703704
Weekly Monday Options Week 4 - AUG 26,3950.0,PUT,1,395000.0,0.0013026097713372733,810,0.12345679012345678
Weekly Monday Options Week 4 - AUG 26,4000.0,PUT,14,5600000.0,0.36523937117322325,810,1.728395061728395
Weekly Monday Options Week 4 - AUG 26,4025.0,CALL,1,402500.0,33476.4782611604,810,0.12345679012345678
Weekly Monday Options Week 4 - AUG 26,4050.0,CALL,3,1215000.0,92933.28906809847,810,0.3703703703703704
Weekly Monday Options Week 4 - AUG 26,4050.0,PUT,2,810000.0,0.7177230258822664,810,0.24691358024691357
Weekly Monday Options Week 4 - AUG 26,4100.0,PUT,2,820000.0,6.917212686297702,810,0.24691358024691357
Weekly Monday Options Week 4 - AUG 26,4125.0,CALL,3,1237500.0,70469.82936332643,810,0.3703703703703704
Weekly Monday Options Week 4 - AUG 26,4125.0,PUT,2,825000.0,18.914802763596583,810,0.24691358024691357
Weekly Monday Options Week 4 - AUG 26,4150.0,PUT,1,415000.0,23.849600514983393,810,0.12345679012345678
Weekly Monday Options Week 4 - AUG 26,4175.0,CALL,2,835000.0,37076.332775116134,810,0.24691358024691357
Weekly Monday Options Week 4 - AUG 26,4200.0,CALL,2,840000.0,32207.855029718667,810,0.24691358024691357
Weekly Monday Options Week 4 - AUG 26,4200.0,PUT,1,420000.0,120.36023659176465,810,0.12345679012345678
Weekly Monday Options Week 4 - AUG 26,4225.0,PUT,1,422500.0,242.36909885805744,810,0.12345679012345678
Weekly Monday Options Week 4 - AUG 26,4250.0,CALL,64,27200000.0,732248.2607288985,810,7.901234567901234
Weekly Monday Options Week 4 - AUG 26,4250.0,PUT,2,850000.0,911.5148465223456,810,0.24691358024691357
Weekly Monday Options Week 4 - AUG 26,4275.0,CALL,8,3420000.0,74318.67858073347,810,0.9876543209876543
Weekly Monday Options Week 4 - AUG 26,4275.0,PUT,6,2565000.0,4819.115914702093,810,0.7407407407407408
Weekly Monday Options Week 4 - AUG 26,4300.0,CALL,10,4300000.0,73193.17379966652,810,1.2345679012345678
Weekly Monday Options Week 4 - AUG 26,4300.0,PUT,4,1720000.0,5326.565427913829,810,0.49382716049382713
Weekly Monday Options Week 4 - AUG 26,4325.0,CALL,9,3892500.0,50167.90888123792,810,1.1111111111111112
Weekly Monday Options Week 4 - AUG 26,4325.0,PUT,6,2595000.0,12513.053332482104,810,0.7407407407407408
Weekly Monday Options Week 4 - AUG 26,4350.0,CALL,194,84390000.0,793119.5451600719,810,23.950617283950617
Weekly Monday Options Week 4 - AUG 26,4350.0,PUT,22,9570000.0,68167.32302151568,810,2.7160493827160495
Weekly Monday Options Week 4 - AUG 26,4375.0,CALL,2,875000.0,5755.384409367707,810,0.24691358024691357
Weekly Monday Options Week 4 - AUG 26,4375.0,PUT,11,4812500.0,48256.28085470703,810,1.3580246913580247
Weekly Monday Options Week 4 - AUG 26,4400.0,CALL,6,2640000.0,11628.615017119137,810,0.7407407407407408
Weekly Monday Options Week 4 - AUG 26,4400.0,PUT,10,4400000.0,59463.17735144339,810,1.2345679012345678
Weekly Monday Options Week 4 - AUG 26,4425.0,CALL,15,6637500.0,18684.090372369155,810,1.8518518518518516
Weekly Monday Options Week 4 - AUG 26,4425.0,PUT,2,885000.0,15505.588141871249,810,0.24691358024691357
Weekly Monday Options Week 4 - AUG 26,4450.0,CALL,6,2670000.0,4573.343529019326,810,0.7407407407407408
Weekly Monday Options Week 4 - AUG 26,4475.0,CALL,20,8950000.0,8865.68870811675,810,2.4691358024691357
Weekly Monday Options Week 4 - AUG 26,4500.0,CALL,66,29700000.0,16146.766909711243,810,8.148148148148149
Weekly Monday Options Week 4 - AUG 26,4525.0,CALL,10,4525000.0,1279.8708312366784,810,1.2345679012345678
Weekly Monday Options Week 4 - AUG 26,4550.0,CALL,6,2730000.0,380.48777158161045,810,0.7407407407407408
Weekly Monday Options Week 4 - AUG 26,4575.0,CALL,14,6405000.0,416.3736019929203,810,1.728395061728395
Weekly Monday Options Week 4 - AUG 26,4600.0,CALL,10,4600000.0,131.97777404031186,810,1.2345679012345678
Weekly Monday Options Week 4 - AUG 26,4625.0,CALL,7,3237500.0,38.783005391688796,810,0.8641975308641975
Weekly Monday Options Week 4 - AUG 26,4650.0,CALL,44,20460000.0,96.80982085227595,810,5.432098765432099
Weekly Monday Options Week 4 - AUG 26,4675.0,CALL,27,12622500.0,22.318957934542016,810,3.3333333333333335
Weekly Monday Options Week 4 - AUG 26,4700.0,CALL,6,2820000.0,1.763236386993139,810,0.7407407407407408
Weekly Monday Options Week 4 - AUG 26,4725.0,CALL,1,472500.0,0.09888674145812903,810,0.12345679012345678
Weekly Monday Options Week 5 - AUG 26,3600.0,PUT,2,720000.0,1.0713862887602936e-17,1419,0.14094432699083861
Weekly Monday Options Week 5 - AUG 26,3725.0,PUT,2,745000.0,2.0663824127395683e-11,1419,0.14094432699083861
Weekly Monday Options Week 5 - AUG 26,3750.0,PUT,21,7875000.0,2.702260819007704e-09,1419,1.4799154334038054
Weekly Monday Options Week 5 - AUG 26,3775.0,PUT,4,1510000.0,5.6963116743245606e-09,1419,0.28188865398167723
Weekly Monday Options Week 5 - AUG 26,3825.0,PUT,1,382500.0,1.235949247986523e-07,1419,0.07047216349541931
Weekly Monday Options Week 5 - AUG 26,3850.0,PUT,1,385000.0,9.74023050169647e-07,1419,0.07047216349541931
Weekly Monday Options Week 5 - AUG 26,3875.0,PUT,1,387500.0,6.888038383261134e-06,1419,0.07047216349541931
Weekly Monday Options Week 5 - AUG 26,3900.0,PUT,52,20280000.0,0.0022783696395700507,1419,3.6645525017618046
Weekly Monday Options Week 5 - AUG 26,3925.0,PUT,6,2355000.0,0.0015077633392517314,1419,0.42283298097251587
Weekly Monday Options Week 5 - AUG 26,3950.0,PUT,5,1975000.0,0.006513048856686366,1419,0.3523608174770966
Weekly Monday Options Week 5 - AUG 26,3975.0,PUT,2,795000.0,0.01223448405421046,1419,0.14094432699083861
Weekly Monday Options Week 5 - AUG 26,4025.0,PUT,1,402500.0,0.1012861540526655,1419,0.07047216349541931
Weekly Monday Options Week 5 - AUG 26,4050.0,PUT,2,810000.0,0.7177230258822664,1419,0.14094432699083861
Weekly Monday Options Week 5 - AUG 26,4100.0,PUT,1,410000.0,3.458606343148851,1419,0.07047216349541931
Weekly Monday Options Week 5 - AUG 26,4150.0,PUT,111,46065000.0,2647.305657163157,1419,7.822410147991543
Weekly Monday Options Week 5 - AUG 26,4175.0,PUT,3,1252500.0,166.87888641252044,1419,0.21141649048625794
Weekly Monday Options Week 5 - AUG 26,4200.0,PUT,51,21420000.0,6138.372066179997,1419,3.5940803382663846
Weekly Monday Options Week 5 - AUG 26,4225.0,PUT,1,422500.0,242.36909885805744,1419,0.07047216349541931
Weekly Monday Options Week 5 - AUG 26,4250.0,PUT,2,850000.0,911.5148465223456,1419,0.14094432699083861
Weekly Monday Options Week 5 - AUG 26,4300.0,PUT,28,12040000.0,37285.957995396806,1419,1.9732205778717407
Weekly Monday Options Week 5 - AUG 26,4325.0,CALL,7,3027500.0,39019.48468540727,1419,0.49330514446793516
Weekly Monday Options Week 5 - AUG 26,4325.0,PUT,8,3460000.0,16684.07110997614,1419,0.5637773079633545
Weekly Monday Options Week 5 - AUG 26,4350.0,CALL,151,65685000.0,617325.0067998498,1419,10.641296687808316
Weekly Monday Options Week 5 - AUG 26,4350.0,PUT,3,1305000.0,9295.544048388501,1419,0.21141649048625794
Weekly Monday Options Week 5 - AUG 26,4375.0,PUT,8,3500000.0,35095.476985241476,1419,0.5637773079633545
Weekly Monday Options Week 5 - AUG 26,4400.0,CALL,152,66880000.0,294591.5804336848,1419,10.711768851303734
Weekly Monday Options Week 5 - AUG 26,4400.0,PUT,1,440000.0,5946.317735144339,1419,0.07047216349541931
Weekly Monday Options Week 5 - AUG 26,4425.0,CALL,19,8407500.0,23666.514471667597,1419,1.3389711064129668
Weekly Monday Options Week 5 - AUG 26,4450.0,CALL,34,15130000.0,25915.61333110951,1419,2.3960535588442564
Weekly Monday Options Week 5 - AUG 26,4450.0,PUT,105,46725000.0,1025680.4020505841,1419,7.399577167019028
Weekly Monday Options Week 5 - AUG 26,4475.0,CALL,13,5817500.0,5762.697660275888,1419,0.9161381254404511
Weekly Monday Options Week 5 - AUG 26,4500.0,CALL,183,82350000.0,44770.58097692663,1419,12.896405919661733
Weekly Monday Options Week 5 - AUG 26,4500.0,PUT,2,900000.0,28497.508942102104,1419,0.14094432699083861
Weekly Monday Options Week 5 - AUG 26,4525.0,CALL,6,2715000.0,767.9224987420071,1419,0.42283298097251587
Weekly Monday Options Week 5 - AUG 26,4550.0,CALL,58,26390000.0,3678.048458622234,1419,4.08738548273432
Weekly Monday Options Week 5 - AUG 26,4575.0,CALL,75,34312500.0,2230.572867819216,1419,5.2854122621564485
Weekly Monday Options Week 5 - AUG 26,4600.0,CALL,17,7820000.0,224.36221586853014,1419,1.1980267794221282
Weekly Monday Options Week 5 - AUG 26,4650.0,CALL,16,7440000.0,35.20357121900943,1419,1.127554615926709
Weekly Monday Options Week 5 - AUG 26,4675.0,CALL,26,12155000.0,21.492329862892312,1419,1.8322762508809023
Weekly Monday Options Week 5 - AUG 26,4700.0,CALL,14,6580000.0,4.114218236317324,1419,0.9866102889358703
Weekly Monday Options Week 5 - AUG 26,4725.0,CALL,3,1417500.0,0.2966602243743871,1419,0.21141649048625794
Weekly Monday Options Week 5 - AUG 26,4750.0,CALL,42,19950000.0,1.323278389208518,1419,2.9598308668076108
Weekly Monday Options Week 5 - AUG 26,4775.0,CALL,4,1910000.0,0.038035770178769523,1419,0.28188865398167723
Weekly Monday Options Week 5 - AUG 26,4800.0,CALL,37,17760000.0,0.10063132152871587,1419,2.6074700493305145
Weekly Monday Options Week 5 - AUG 26,4900.0,CALL,40,19600000.0,0.00042999526983256457,1419,2.8188865398167726
Weekly Monday Options Week 5 - AUG 26,5000.0,CALL,81,40500000.0,1.523898128788619e-06,1419,5.708245243128964
Weekly Monday Options Week 5 - AUG 26,5100.0,CALL,14,7140000.0,2.123501735438605e-10,1419,0.9866102889358703
Weekly Monday Options Week 5 - AUG 26,5500.0,CALL,3,1650000.0,1.8248039817876456e-26,1419,0.21141649048625794
Weekly Thursday Options Week 1 - SEP 26,3925.0,PUT,2,785000.0,1394.2486087572263,173,1.1560693641618496
Weekly Thursday Options Week 1 - SEP 26,3975.0,PUT,4,1590000.0,4249.91314358208,173,2.312138728323699
Weekly Thursday Options Week 1 - SEP 26,4000.0,PUT,9,3600000.0,11669.930365851826,173,5.202312138728324
Weekly Thursday Options Week 1 - SEP 26,4025.0,PUT,10,4025000.0,15708.014715350146,173,5.780346820809249
Weekly Thursday Options Week 1 - SEP 26,4075.0,PUT,4,1630000.0,9026.166470952103,173,2.312138728323699
Weekly Thursday Options Week 1 - SEP 26,4100.0,PUT,3,1230000.0,8030.991338074682,173,1.7341040462427744
Weekly Thursday Options Week 1 - SEP 26,4125.0,PUT,4,1650000.0,12619.973659733387,173,2.312138728323699
Weekly Thursday Options Week 1 - SEP 26,4150.0,PUT,11,4565000.0,40641.914949192265,173,6.358381502890173
Weekly Thursday Options Week 1 - SEP 26,4175.0,PUT,4,1670000.0,17200.55340646786,173,2.312138728323699
Weekly Thursday Options Week 1 - SEP 26,4225.0,PUT,2,845000.0,11444.714982873438,173,1.1560693641618496
Weekly Thursday Options Week 1 - SEP 26,4325.0,PUT,9,3892500.0,85401.70747000602,173,5.202312138728324
Weekly Thursday Options Week 1 - SEP 26,4350.0,CALL,8,3480000.0,107723.07159896591,173,4.624277456647398
Weekly Thursday Options Week 1 - SEP 26,4350.0,PUT,2,870000.0,21266.134764299342,173,1.1560693641618496
Weekly Thursday Options Week 1 - SEP 26,4375.0,PUT,1,437500.0,11859.266604271852,173,0.5780346820809248
Weekly Thursday Options Week 1 - SEP 26,4400.0,PUT,3,1320000.0,39501.99215435318,173,1.7341040462427744
Weekly Thursday Options Week 1 - SEP 26,4425.0,CALL,4,1770000.0,39694.13265078383,173,2.312138728323699
Weekly Thursday Options Week 1 - SEP 26,4425.0,PUT,26,11505000.0,378465.5240424404,173,15.028901734104046
Weekly Thursday Options Week 1 - SEP 26,4450.0,CALL,5,2225000.0,44518.713990969445,173,2.8901734104046244
Weekly Thursday Options Week 1 - SEP 26,4450.0,PUT,5,2225000.0,80124.7959146956,173,2.8901734104046244
Weekly Thursday Options Week 1 - SEP 26,4475.0,CALL,5,2237500.0,39808.05566107926,173,2.8901734104046244
Weekly Thursday Options Week 1 - SEP 26,4500.0,CALL,1,450000.0,7094.799474040474,173,0.5780346820809248
Weekly Thursday Options Week 1 - SEP 26,4550.0,CALL,4,1820000.0,22303.555851382134,173,2.312138728323699
Weekly Thursday Options Week 1 - SEP 26,4575.0,CALL,2,915000.0,9834.777441676079,173,1.1560693641618496
Weekly Thursday Options Week 1 - SEP 26,4700.0,CALL,25,11750000.0,62223.47068336802,173,14.450867052023122
Weekly Thursday Options Week 1 - SEP 26,4800.0,CALL,10,4800000.0,13553.344243697211,173,5.780346820809249
Weekly Thursday Options Week 1 - SEP 26,4900.0,CALL,3,1470000.0,2094.6161562336756,173,1.7341040462427744
Weekly Thursday Options Week 1 - SEP 26,5000.0,CALL,6,3000000.0,2043.7866481923807,173,3.4682080924855487
Weekly Thursday Options Week 1 - SEP 26,5100.0,CALL,1,510000.0,157.6027339394173,173,0.5780346820809248
Weekly Thursday Options Week 2 - AUG 26,3650.0,PUT,1,365000.0,2.5663243599689767e-15,6534,0.015304560759106214
Weekly Thursday Options Week 2 - AUG 26,3675.0,PUT,2,735000.0,9.252057604781955e-14,6534,0.030609121518212427
Weekly Thursday Options Week 2 - AUG 26,3700.0,PUT,4,1480000.0,2.9411212716858106e-12,6534,0.061218243036424855
Weekly Thursday Options Week 2 - AUG 26,3725.0,PUT,2,745000.0,2.0663824127395683e-11,6534,0.030609121518212427
Weekly Thursday Options Week 2 - AUG 26,3750.0,PUT,7,2625000.0,9.007536063359013e-10,6534,0.10713192531374349
Weekly Thursday Options Week 2 - AUG 26,3775.0,PUT,6,2265000.0,8.544467511486841e-09,6534,0.09182736455463728
Weekly Thursday Options Week 2 - AUG 26,3800.0,PUT,49,18620000.0,6.879193327809748e-07,6534,0.7499234771962046
Weekly Thursday Options Week 2 - AUG 26,3825.0,PUT,1,382500.0,1.235949247986523e-07,6534,0.015304560759106214
Weekly Thursday Options Week 2 - AUG 26,3850.0,PUT,11,4235000.0,1.0714253551866117e-05,6534,0.16835016835016833
Weekly Thursday Options Week 2 - AUG 26,3875.0,PUT,7,2712500.0,4.821626868282794e-05,6534,0.10713192531374349
Weekly Thursday Options Week 2 - AUG 26,3900.0,PUT,148,57720000.0,0.006484590512622452,6534,2.2650749923477194
Weekly Thursday Options Week 2 - AUG 26,3925.0,PUT,3,1177500.0,0.0007538816696258657,6534,0.04591368227731864
Weekly Thursday Options Week 2 - AUG 26,3950.0,PUT,19,7505000.0,0.02474958565540819,6534,0.2907866544230181
Weekly Thursday Options Week 2 - AUG 26,3975.0,PUT,22,8745000.0,0.13457932459631505,6534,0.33670033670033667
Weekly Thursday Options Week 2 - AUG 26,4000.0,PUT,6,2400000.0,0.15653115907423854,6534,0.09182736455463728
Weekly Thursday Options Week 2 - AUG 26,4025.0,PUT,6,2415000.0,0.607716924315993,6534,0.09182736455463728
Weekly Thursday Options Week 2 - AUG 26,4035.0,PUT,5,2017500.0,0.8491357080454842,6534,0.07652280379553107
Weekly Thursday Options Week 2 - AUG 26,4050.0,CALL,17,6885000.0,526621.9713858913,6534,0.2601775329048056
Weekly Thursday Options Week 2 - AUG 26,4050.0,PUT,26,10530000.0,9.330399336469464,6534,0.39791857973676154
Weekly Thursday Options Week 2 - AUG 26,4075.0,CALL,25,10187500.0,711989.8647914795,6534,0.38261401897765535
Weekly Thursday Options Week 2 - AUG 26,4075.0,PUT,80,32600000.0,93.05954339968991,6534,1.2243648607284972
Weekly Thursday Options Week 2 - AUG 26,4080.0,PUT,5,2040000.0,7.282017271438512,6534,0.07652280379553107
Weekly Thursday Options Week 2 - AUG 26,4100.0,CALL,131,53710000.0,3403762.145325592,6534,2.0048974594429136
Weekly Thursday Options Week 2 - AUG 26,4100.0,PUT,50,20500000.0,172.93031715744257,6534,0.7652280379553107
Weekly Thursday Options Week 2 - AUG 26,4110.0,PUT,62,25482000.0,323.8457649282079,6534,0.9488827670645853
Weekly Thursday Options Week 2 - AUG 26,4115.0,PUT,16,6584000.0,102.19533603657567,6534,0.24487297214569942
Weekly Thursday Options Week 2 - AUG 26,4120.0,PUT,2,824000.0,15.569678103141982,6534,0.030609121518212427
Weekly Thursday Options Week 2 - AUG 26,4125.0,CALL,17,7012500.0,399329.03305884975,6534,0.2601775329048056
Weekly Thursday Options Week 2 - AUG 26,4125.0,PUT,27,11137500.0,255.34983730855387,6534,0.4132231404958678
Weekly Thursday Options Week 2 - AUG 26,4130.0,PUT,9,3717000.0,103.06943339342212,6534,0.13774104683195593
Weekly Thursday Options Week 2 - AUG 26,4135.0,PUT,3,1240500.0,41.46936517950586,6534,0.04591368227731864
Weekly Thursday Options Week 2 - AUG 26,4140.0,PUT,1,414000.0,16.631751589427424,6534,0.015304560759106214
Weekly Thursday Options Week 2 - AUG 26,4145.0,PUT,1,414500.0,19.947705632297286,6534,0.015304560759106214
Weekly Thursday Options Week 2 - AUG 26,4150.0,CALL,81,33615000.0,1701434.3630201886,6534,1.2396694214876034
Weekly Thursday Options Week 2 - AUG 26,4150.0,PUT,15,6225000.0,357.7440077247509,6534,0.2295684113865932
Weekly Thursday Options Week 2 - AUG 26,4165.0,PUT,2,833000.0,80.01606313862766,6534,0.030609121518212427
Weekly Thursday Options Week 2 - AUG 26,4170.0,CALL,2,834000.0,38059.16261941293,6534,0.030609121518212427
Weekly Thursday Options Week 2 - AUG 26,4175.0,CALL,70,29225000.0,1297671.6471290647,6534,1.071319253137435
Weekly Thursday Options Week 2 - AUG 26,4175.0,PUT,37,15447500.0,2058.1729324210855,6534,0.5662687480869298
Weekly Thursday Options Week 2 - AUG 26,4180.0,CALL,26,10868000.0,469249.0741096799,6534,0.39791857973676154
Weekly Thursday Options Week 2 - AUG 26,4180.0,PUT,9,3762000.0,587.662043287314,6534,0.13774104683195593
Weekly Thursday Options Week 2 - AUG 26,4185.0,PUT,12,5022000.0,917.018580466771,6534,0.18365472910927455
Weekly Thursday Options Week 2 - AUG 26,4190.0,CALL,1,419000.0,17072.327966541434,6534,0.015304560759106214
Weekly Thursday Options Week 2 - AUG 26,4190.0,PUT,9,3771000.0,802.5440647141422,6534,0.13774104683195593
Weekly Thursday Options Week 2 - AUG 26,4195.0,PUT,13,5453500.0,1348.7393825264405,6534,0.19895928986838077
Weekly Thursday Options Week 2 - AUG 26,4200.0,CALL,98,41160000.0,1578184.8964562146,6534,1.4998469543924091
Weekly Thursday Options Week 2 - AUG 26,4200.0,PUT,76,31920000.0,9147.377980974114,6534,1.1631466176920724
Weekly Thursday Options Week 2 - AUG 26,4205.0,PUT,1,420500.0,139.22998108202194,6534,0.015304560759106214
Weekly Thursday Options Week 2 - AUG 26,4210.0,PUT,60,25260000.0,9635.996036533015,6534,0.9182736455463728
Weekly Thursday Options Week 2 - AUG 26,4215.0,CALL,1,421500.0,14668.911469901741,6534,0.015304560759106214
Weekly Thursday Options Week 2 - AUG 26,4215.0,PUT,2,843000.0,369.4557598524341,6534,0.030609121518212427
Weekly Thursday Options Week 2 - AUG 26,4220.0,PUT,22,9284000.0,4661.529691158325,6534,0.33670033670033667
Weekly Thursday Options Week 2 - AUG 26,4225.0,CALL,17,7182500.0,233358.38057619781,6534,0.2601775329048056
Weekly Thursday Options Week 2 - AUG 26,4225.0,PUT,28,11830000.0,6786.334768025608,6534,0.42852770125497397
Weekly Thursday Options Week 2 - AUG 26,4230.0,PUT,1,423000.0,276.4769414894829,6534,0.015304560759106214
Weekly Thursday Options Week 2 - AUG 26,4235.0,PUT,2,847000.0,629.0613046983481,6534,0.030609121518212427
Weekly Thursday Options Week 2 - AUG 26,4240.0,CALL,1,424000.0,12342.07398305075,6534,0.015304560759106214
Weekly Thursday Options Week 2 - AUG 26,4240.0,PUT,13,5512000.0,4639.221689635252,6534,0.19895928986838077
Weekly Thursday Options Week 2 - AUG 26,4245.0,CALL,1,424500.0,11889.236202741404,6534,0.015304560759106214
Weekly Thursday Options Week 2 - AUG 26,4245.0,PUT,6,2547000.0,2422.919936097685,6534,0.09182736455463728
Weekly Thursday Options Week 2 - AUG 26,4250.0,CALL,133,56525000.0,1521703.4168272421,6534,2.0355065809611266
Weekly Thursday Options Week 2 - AUG 26,4250.0,PUT,101,42925000.0,46031.499749378454,6534,1.5457606366697276
Weekly Thursday Options Week 2 - AUG 26,4255.0,PUT,32,13616000.0,16417.32450704203,6534,0.48974594429139884
Weekly Thursday Options Week 2 - AUG 26,4260.0,PUT,31,13206000.0,17857.408874913664,6534,0.47444138353229265
Weekly Thursday Options Week 2 - AUG 26,4265.0,PUT,1,426500.0,645.14884235208,6534,0.015304560759106214
Weekly Thursday Options Week 2 - AUG 26,4270.0,PUT,4,1708000.0,2882.9374294874015,6534,0.061218243036424855
Weekly Thursday Options Week 2 - AUG 26,4275.0,CALL,24,10260000.0,222956.0357422004,6534,0.3673094582185491
Weekly Thursday Options Week 2 - AUG 26,4275.0,PUT,12,5130000.0,9638.231829404185,6534,0.18365472910927455
Weekly Thursday Options Week 2 - AUG 26,4280.0,PUT,1,428000.0,892.8864687067858,6534,0.015304560759106214
Weekly Thursday Options Week 2 - AUG 26,4285.0,PUT,5,2142500.0,4951.073583790787,6534,0.07652280379553107
Weekly Thursday Options Week 2 - AUG 26,4290.0,CALL,1,429000.0,8082.808292784966,6534,0.015304560759106214
Weekly Thursday Options Week 2 - AUG 26,4290.0,PUT,16,6864000.0,17528.69030830243,6534,0.24487297214569942
Weekly Thursday Options Week 2 - AUG 26,4295.0,CALL,1,429500.0,7696.705532829355,6534,0.015304560759106214
Weekly Thursday Options Week 2 - AUG 26,4295.0,PUT,4,1718000.0,4836.939788308928,6534,0.061218243036424855
Weekly Thursday Options Week 2 - AUG 26,4300.0,CALL,369,158670000.0,2700828.113207694,6534,5.647382920110193
Weekly Thursday Options Week 2 - AUG 26,4300.0,PUT,45,19350000.0,59923.86106403058,6534,0.6887052341597797
Weekly Thursday Options Week 2 - AUG 26,4305.0,CALL,1,430500.0,6950.980367772036,6534,0.015304560759106214
Weekly Thursday Options Week 2 - AUG 26,4305.0,PUT,6,2583000.0,8778.593445287243,6534,0.09182736455463728
Weekly Thursday Options Week 2 - AUG 26,4310.0,PUT,29,12499000.0,46513.87566495153,6534,0.4438322620140802
Weekly Thursday Options Week 2 - AUG 26,4315.0,PUT,25,10787500.0,43860.60086618499,6534,0.38261401897765535
Weekly Thursday Options Week 2 - AUG 26,4320.0,PUT,266,114912000.0,509354.7431115261,6534,4.071013161922253
Weekly Thursday Options Week 2 - AUG 26,4325.0,CALL,22,9515000.0,122632.66615413713,6534,0.33670033670033667
Weekly Thursday Options Week 2 - AUG 26,4325.0,PUT,224,96880000.0,467153.9910793319,6534,3.4282216100397918
Weekly Thursday Options Week 2 - AUG 26,4330.0,PUT,14,6062000.0,31732.025708021138,6534,0.21426385062748698
Weekly Thursday Options Week 2 - AUG 26,4335.0,PUT,465,201577500.0,1143089.336023009,6534,7.11662075298439
Weekly Thursday Options Week 2 - AUG 26,4340.0,CALL,2,868000.0,9300.088037732166,6534,0.030609121518212427
Weekly Thursday Options Week 2 - AUG 26,4340.0,PUT,41,17794000.0,109089.70441757544,6534,0.6274869911233547
Weekly Thursday Options Week 2 - AUG 26,4345.0,CALL,1,434500.0,4363.635329262479,6534,0.015304560759106214
Weekly Thursday Options Week 2 - AUG 26,4345.0,PUT,9,3910500.0,25866.993340349836,6534,0.13774104683195593
Weekly Thursday Options Week 2 - AUG 26,4350.0,CALL,64,27840000.0,261647.68500126083,6534,0.9794918885827977
Weekly Thursday Options Week 2 - AUG 26,4350.0,PUT,83,36105000.0,257176.71867208186,6534,1.2702785430058157
Weekly Thursday Options Week 2 - AUG 26,4355.0,CALL,1,435500.0,3823.939778113754,6534,0.015304560759106214
Weekly Thursday Options Week 2 - AUG 26,4355.0,PUT,22,9581000.0,73348.08680164306,6534,0.33670033670033667
Weekly Thursday Options Week 2 - AUG 26,4360.0,CALL,1,436000.0,3570.751524859861,6534,0.015304560759106214
Weekly Thursday Options Week 2 - AUG 26,4360.0,PUT,48,20928000.0,171869.29224188643,6534,0.7346189164370982
Weekly Thursday Options Week 2 - AUG 26,4365.0,CALL,1,436500.0,3328.6778162087103,6534,0.015304560759106214
Weekly Thursday Options Week 2 - AUG 26,4365.0,PUT,10,4365000.0,38383.311091522046,6534,0.15304560759106214
Weekly Thursday Options Week 2 - AUG 26,4370.0,CALL,2,874000.0,6195.3633879776135,6534,0.030609121518212427
Weekly Thursday Options Week 2 - AUG 26,4370.0,PUT,35,15295000.0,143749.5342393661,6534,0.5356596265687175
Weekly Thursday Options Week 2 - AUG 26,4375.0,CALL,13,5687500.0,37409.998660890094,6534,0.19895928986838077
Weekly Thursday Options Week 2 - AUG 26,4375.0,PUT,29,12687500.0,127221.10407150035,6534,0.4438322620140802
Weekly Thursday Options Week 2 - AUG 26,4380.0,CALL,5,2190000.0,13343.02584979423,6534,0.07652280379553107
Weekly Thursday Options Week 2 - AUG 26,4380.0,PUT,27,11826000.0,126296.3380822418,6534,0.4132231404958678
Weekly Thursday Options Week 2 - AUG 26,4385.0,CALL,4,1754000.0,9881.137013994703,6534,0.061218243036424855
Weekly Thursday Options Week 2 - AUG 26,4385.0,PUT,11,4823500.0,54770.27377247678,6534,0.16835016835016833
Weekly Thursday Options Week 2 - AUG 26,4390.0,PUT,58,25462000.0,306888.9279564719,6534,0.8876645240281604
Weekly Thursday Options Week 2 - AUG 26,4395.0,PUT,9,3955500.0,50522.97274210337,6534,0.13774104683195593
Weekly Thursday Options Week 2 - AUG 26,4400.0,CALL,339,149160000.0,657016.7484672313,6534,5.188246097337006
Weekly Thursday Options Week 2 - AUG 26,4400.0,PUT,241,106040000.0,1433062.5741697857,6534,3.6883991429445975
Weekly Thursday Options Week 2 - AUG 26,4405.0,CALL,13,5726500.0,23151.593807953534,6534,0.19895928986838077
Weekly Thursday Options Week 2 - AUG 26,4405.0,PUT,8,3524000.0,50311.213011489235,6534,0.12243648607284971
Weekly Thursday Options Week 2 - AUG 26,4410.0,PUT,42,18522000.0,278928.01031831116,6534,0.642791551882461
Weekly Thursday Options Week 2 - AUG 26,4415.0,CALL,5,2207500.0,7475.751271004697,6534,0.07652280379553107
Weekly Thursday Options Week 2 - AUG 26,4415.0,PUT,26,11479000.0,182071.47854438645,6534,0.39791857973676154
Weekly Thursday Options Week 2 - AUG 26,4420.0,CALL,9,3978000.0,12294.135428267919,6534,0.13774104683195593
Weekly Thursday Options Week 2 - AUG 26,4420.0,PUT,59,26078000.0,435031.1033250127,6534,0.9029690847872666
Weekly Thursday Options Week 2 - AUG 26,4425.0,CALL,51,22567500.0,63525.90726605513,6534,0.7805325987144168
Weekly Thursday Options Week 2 - AUG 26,4425.0,PUT,51,22567500.0,395392.49761771684,6534,0.7805325987144168
Weekly Thursday Options Week 2 - AUG 26,4430.0,CALL,4,1772000.0,4534.331483512597,6534,0.061218243036424855
Weekly Thursday Options Week 2 - AUG 26,4430.0,PUT,59,26137000.0,480293.3633054385,6534,0.9029690847872666
Weekly Thursday Options Week 2 - AUG 26,4435.0,CALL,24,10644000.0,24710.271336198457,6534,0.3673094582185491
Weekly Thursday Options Week 2 - AUG 26,4435.0,PUT,23,10200500.0,196336.55164488743,6534,0.3520048974594429
Weekly Thursday Options Week 2 - AUG 26,4440.0,CALL,166,73704000.0,154924.86371522205,6534,2.5405570860116313
Weekly Thursday Options Week 2 - AUG 26,4440.0,PUT,20,8880000.0,178797.0809188082,6534,0.3060912151821243
Weekly Thursday Options Week 2 - AUG 26,4445.0,CALL,7,3111500.0,5909.969163791482,6534,0.10713192531374349
Weekly Thursday Options Week 2 - AUG 26,4445.0,PUT,8,3556000.0,74805.18085024014,6534,0.12243648607284971
Weekly Thursday Options Week 2 - AUG 26,4450.0,CALL,83,36935000.0,63264.58548476734,6534,1.2702785430058157
Weekly Thursday Options Week 2 - AUG 26,4450.0,PUT,26,11570000.0,253978.00431728747,6534,0.39791857973676154
Weekly Thursday Options Week 2 - AUG 26,4455.0,CALL,6,2673000.0,4120.449813360392,6534,0.09182736455463728
Weekly Thursday Options Week 2 - AUG 26,4455.0,PUT,28,12474000.0,285395.5176311374,6534,0.42852770125497397
Weekly Thursday Options Week 2 - AUG 26,4460.0,CALL,100,44600000.0,61746.73388798169,6534,1.5304560759106214
Weekly Thursday Options Week 2 - AUG 26,4460.0,PUT,3,1338000.0,31869.65197301597,6534,0.04591368227731864
Weekly Thursday Options Week 2 - AUG 26,4465.0,CALL,4,1786000.0,2216.1495231269328,6534,0.061218243036424855
Weekly Thursday Options Week 2 - AUG 26,4470.0,CALL,48,21456000.0,23812.48682189189,6534,0.7346189164370982
Weekly Thursday Options Week 2 - AUG 26,4475.0,CALL,33,14767500.0,14628.386368392637,6534,0.5050505050505051
Weekly Thursday Options Week 2 - AUG 26,4480.0,CALL,23,10304000.0,9091.157711080985,6534,0.3520048974594429
Weekly Thursday Options Week 2 - AUG 26,4485.0,CALL,140,62790000.0,49239.51755653036,6534,2.14263850627487
Weekly Thursday Options Week 2 - AUG 26,4490.0,CALL,48,21552000.0,14990.038826366617,6534,0.7346189164370982
Weekly Thursday Options Week 2 - AUG 26,4490.0,PUT,27,12123000.0,359553.8656149808,6534,0.4132231404958678
Weekly Thursday Options Week 2 - AUG 26,4495.0,CALL,30,13485000.0,8301.106335413464,6534,0.4591368227731864
Weekly Thursday Options Week 2 - AUG 26,4500.0,CALL,193,86850000.0,47217.06081173136,6534,2.953780226507499
Weekly Thursday Options Week 2 - AUG 26,4500.0,PUT,3,1350000.0,42746.26341315315,6534,0.04591368227731864
Weekly Thursday Options Week 2 - AUG 26,4505.0,CALL,17,7658500.0,3669.3377262046224,6534,0.2601775329048056
Weekly Thursday Options Week 2 - AUG 26,4510.0,CALL,17,7667000.0,3230.365851623873,6534,0.2601775329048056
Weekly Thursday Options Week 2 - AUG 26,4515.0,CALL,16,7224000.0,2670.8567090201086,6534,0.24487297214569942
Weekly Thursday Options Week 2 - AUG 26,4520.0,CALL,66,29832000.0,9657.46705602918,6534,1.0101010101010102
Weekly Thursday Options Week 2 - AUG 26,4525.0,CALL,95,42987500.0,12158.772896748445,6534,1.4539332721150904
Weekly Thursday Options Week 2 - AUG 26,4530.0,CALL,15,6795000.0,1675.5594547076812,6534,0.2295684113865932
Weekly Thursday Options Week 2 - AUG 26,4535.0,CALL,27,12244500.0,2626.564191336307,6534,0.4132231404958678
Weekly Thursday Options Week 2 - AUG 26,4540.0,CALL,18,8172000.0,1521.6103697333267,6534,0.27548209366391185
Weekly Thursday Options Week 2 - AUG 26,4545.0,CALL,12,5454000.0,879.5649032141455,6534,0.18365472910927455
Weekly Thursday Options Week 2 - AUG 26,4550.0,CALL,86,39130000.0,5453.658059336416,6534,1.3161922252831344
Weekly Thursday Options Week 2 - AUG 26,4555.0,CALL,7,3188500.0,383.2089964944984,6534,0.10713192531374349
Weekly Thursday Options Week 2 - AUG 26,4560.0,CALL,2,912000.0,94.31042013420381,6534,0.030609121518212427
Weekly Thursday Options Week 2 - AUG 26,4565.0,CALL,38,17347000.0,1540.095694333037,6534,0.5815733088460362
Weekly Thursday Options Week 2 - AUG 26,4570.0,CALL,25,11425000.0,868.9197289135286,6534,0.38261401897765535
Weekly Thursday Options Week 2 - AUG 26,4575.0,CALL,19,8692500.0,565.0784598475348,6534,0.2907866544230181
Weekly Thursday Options Week 2 - AUG 26,4585.0,CALL,9,4126500.0,194.69043139079076,6534,0.13774104683195593
Weekly Thursday Options Week 2 - AUG 26,4590.0,CALL,1,459000.0,18.387889270371005,6534,0.015304560759106214
Weekly Thursday Options Week 2 - AUG 26,4595.0,CALL,2,919000.0,31.190927439207883,6534,0.030609121518212427
Weekly Thursday Options Week 2 - AUG 26,4600.0,CALL,85,39100000.0,1121.8110793426508,6534,1.3008876645240282
Weekly Thursday Options Week 2 - AUG 26,4605.0,CALL,1,460500.0,11.143945306941916,6534,0.015304560759106214
Weekly Thursday Options Week 2 - AUG 26,4610.0,CALL,48,22128000.0,450.66489262698894,6534,0.7346189164370982
Weekly Thursday Options Week 2 - AUG 26,4615.0,CALL,47,21690500.0,370.95308949909355,6534,0.7193143556779921
Weekly Thursday Options Week 2 - AUG 26,4620.0,CALL,13,6006000.0,86.06134685651092,6534,0.19895928986838077
Weekly Thursday Options Week 2 - AUG 26,4625.0,CALL,12,5550000.0,66.48515210003794,6534,0.18365472910927455
Weekly Thursday Options Week 2 - AUG 26,4630.0,CALL,7,3241000.0,32.38583847403902,6534,0.10713192531374349
Weekly Thursday Options Week 2 - AUG 26,4635.0,CALL,2,927000.0,7.709673615280366,6534,0.030609121518212427
Weekly Thursday Options Week 2 - AUG 26,4640.0,CALL,16,7424000.0,51.27554913514274,6534,0.24487297214569942
Weekly Thursday Options Week 2 - AUG 26,4645.0,CALL,12,5574000.0,31.900074449773896,6534,0.18365472910927455
Weekly Thursday Options Week 2 - AUG 26,4650.0,CALL,46,21390000.0,101.21026725465212,6534,0.7040097949188858
Weekly Thursday Options Week 2 - AUG 26,4655.0,CALL,1,465500.0,1.8170199077453209,6534,0.015304560759106214
Weekly Thursday Options Week 2 - AUG 26,4660.0,CALL,2,932000.0,2.9944691047549377,6534,0.030609121518212427
Weekly Thursday Options Week 2 - AUG 26,4665.0,CALL,1,466500.0,1.2309993699015642,6534,0.015304560759106214
Weekly Thursday Options Week 2 - AUG 26,4675.0,CALL,3,1402500.0,2.479884214949113,6534,0.04591368227731864
Weekly Thursday Options Week 2 - AUG 26,4700.0,CALL,17,7990000.0,4.9958364298138935,6534,0.2601775329048056
Weekly Thursday Options Week 2 - AUG 26,4705.0,CALL,20,9410000.0,4.747774793085524,6534,0.3060912151821243
Weekly Thursday Options Week 2 - AUG 26,4730.0,CALL,5,2365000.0,0.39505046164840796,6534,0.07652280379553107
Weekly Thursday Options Week 2 - AUG 26,4800.0,CALL,10,4800000.0,0.027197654467220507,6534,0.15304560759106214
Weekly Thursday Options Week 2 - AUG 26,4900.0,CALL,69,33810000.0,0.0007417418404611739,6534,1.0560146923783287
Weekly Thursday Options Week 2 - AUG 26,5000.0,CALL,10,5000000.0,1.8813557145538505e-07,6534,0.15304560759106214
Weekly Thursday Options Week 3 - AUG 26,3600.0,PUT,4,1440000.0,2.142772577520587e-17,1286,0.3110419906687403
Weekly Thursday Options Week 3 - AUG 26,3675.0,PUT,5,1837500.0,2.313014401195489e-13,1286,0.38880248833592534
Weekly Thursday Options Week 3 - AUG 26,3725.0,PUT,4,1490000.0,4.1327648254791365e-11,1286,0.3110419906687403
Weekly Thursday Options Week 3 - AUG 26,3750.0,PUT,6,2250000.0,7.720745197164868e-10,1286,0.46656298600311047
Weekly Thursday Options Week 3 - AUG 26,3775.0,PUT,13,4907500.0,1.8513012941554822e-08,1286,1.010886469673406
Weekly Thursday Options Week 3 - AUG 26,3800.0,PUT,21,7980000.0,2.9482257119184634e-07,1286,1.6329704510108864
Weekly Thursday Options Week 3 - AUG 26,3825.0,PUT,13,4972500.0,1.60673402238248e-06,1286,1.010886469673406
Weekly Thursday Options Week 3 - AUG 26,3850.0,PUT,2,770000.0,1.948046100339294e-06,1286,0.15552099533437014
Weekly Thursday Options Week 3 - AUG 26,3875.0,PUT,3,1162500.0,2.0664115149783403e-05,1286,0.23328149300155523
Weekly Thursday Options Week 3 - AUG 26,3900.0,PUT,8,3120000.0,0.0003505184060877001,1286,0.6220839813374806
Weekly Thursday Options Week 3 - AUG 26,3925.0,PUT,5,1962500.0,0.0012564694493764428,1286,0.38880248833592534
Weekly Thursday Options Week 3 - AUG 26,3950.0,PUT,8,3160000.0,0.010420878170698186,1286,0.6220839813374806
Weekly Thursday Options Week 3 - AUG 26,3975.0,PUT,11,4372500.0,0.06728966229815753,1286,0.8553654743390358
Weekly Thursday Options Week 3 - AUG 26,4000.0,CALL,2,800000.0,71950.75175470539,1286,0.15552099533437014
Weekly Thursday Options Week 3 - AUG 26,4000.0,PUT,58,23200000.0,1.5131345377176393,1286,4.5101088646967336
Weekly Thursday Options Week 3 - AUG 26,4025.0,CALL,2,805000.0,66952.9565223208,1286,0.15552099533437014
Weekly Thursday Options Week 3 - AUG 26,4025.0,PUT,6,2415000.0,0.607716924315993,1286,0.46656298600311047
Weekly Thursday Options Week 3 - AUG 26,4050.0,CALL,14,5670000.0,433688.6823177929,1286,1.088646967340591
Weekly Thursday Options Week 3 - AUG 26,4050.0,PUT,21,8505000.0,7.536091771763798,1286,1.6329704510108864
Weekly Thursday Options Week 3 - AUG 26,4075.0,CALL,8,3260000.0,227836.75673327345,1286,0.6220839813374806
Weekly Thursday Options Week 3 - AUG 26,4075.0,PUT,14,5705000.0,16.285420094945735,1286,1.088646967340591
Weekly Thursday Options Week 3 - AUG 26,4100.0,CALL,40,16400000.0,1039316.6855956006,1286,3.1104199066874028
Weekly Thursday Options Week 3 - AUG 26,4100.0,PUT,30,12300000.0,103.75819029446554,1286,2.332814930015552
Weekly Thursday Options Week 3 - AUG 26,4125.0,CALL,17,7012500.0,399329.03305884975,1286,1.3219284603421462
Weekly Thursday Options Week 3 - AUG 26,4125.0,PUT,4,1650000.0,37.829605527193166,1286,0.3110419906687403
Weekly Thursday Options Week 3 - AUG 26,4150.0,CALL,15,6225000.0,315080.4375963312,1286,1.166407465007776
Weekly Thursday Options Week 3 - AUG 26,4150.0,PUT,3,1245000.0,71.54880154495018,1286,0.23328149300155523
Weekly Thursday Options Week 3 - AUG 26,4175.0,CALL,5,2087500.0,92690.83193779034,1286,0.38880248833592534
Weekly Thursday Options Week 3 - AUG 26,4175.0,PUT,21,8767500.0,1168.1522048876432,1286,1.6329704510108864
Weekly Thursday Options Week 3 - AUG 26,4200.0,CALL,7,2940000.0,112727.49260401534,1286,0.5443234836702955
Weekly Thursday Options Week 3 - AUG 26,4200.0,PUT,138,57960000.0,16609.71264966352,1286,10.730948678071538
Weekly Thursday Options Week 3 - AUG 26,4225.0,PUT,4,1690000.0,969.4763954322298,1286,0.3110419906687403
Weekly Thursday Options Week 3 - AUG 26,4250.0,CALL,36,15300000.0,411889.6466600054,1286,2.7993779160186625
Weekly Thursday Options Week 3 - AUG 26,4250.0,PUT,30,12750000.0,13672.722697835183,1286,2.332814930015552
Weekly Thursday Options Week 3 - AUG 26,4275.0,CALL,17,7267500.0,157927.19198405862,1286,1.3219284603421462
Weekly Thursday Options Week 3 - AUG 26,4275.0,PUT,43,18382500.0,34536.99738869833,1286,3.3437013996889577
Weekly Thursday Options Week 3 - AUG 26,4300.0,CALL,29,12470000.0,212260.20401903288,1286,2.2550544323483668
Weekly Thursday Options Week 3 - AUG 26,4300.0,PUT,183,78690000.0,243690.3683270577,1286,14.23017107309487
Weekly Thursday Options Week 3 - AUG 26,4325.0,CALL,5,2162500.0,27871.060489576623,1286,0.38880248833592534
Weekly Thursday Options Week 3 - AUG 26,4325.0,PUT,22,9515000.0,45881.19555243438,1286,1.7107309486780715
Weekly Thursday Options Week 3 - AUG 26,4350.0,CALL,92,40020000.0,376118.54718931246,1286,7.153965785381026
Weekly Thursday Options Week 3 - AUG 26,4350.0,PUT,7,3045000.0,21689.60277957317,1286,0.5443234836702955
Weekly Thursday Options Week 3 - AUG 26,4375.0,CALL,12,5250000.0,34532.30645620624,1286,0.9331259720062209
Weekly Thursday Options Week 3 - AUG 26,4375.0,PUT,5,2187500.0,21934.67311577592,1286,0.38880248833592534
Weekly Thursday Options Week 3 - AUG 26,4400.0,CALL,62,27280000.0,120162.35517689775,1286,4.821150855365474
Weekly Thursday Options Week 3 - AUG 26,4400.0,PUT,4,1760000.0,23785.270940577357,1286,0.3110419906687403
Weekly Thursday Options Week 3 - AUG 26,4425.0,CALL,35,15487500.0,43596.210868861366,1286,2.7216174183514776
Weekly Thursday Options Week 3 - AUG 26,4425.0,PUT,13,5752500.0,100786.32292216312,1286,1.010886469673406
Weekly Thursday Options Week 3 - AUG 26,4450.0,CALL,9,4005000.0,6860.015293528988,1286,0.6998444790046656
Weekly Thursday Options Week 3 - AUG 26,4475.0,CALL,16,7160000.0,7092.5509664934,1286,1.244167962674961
Weekly Thursday Options Week 3 - AUG 26,4500.0,CALL,63,28350000.0,15412.822959269823,1286,4.89891135303266
Weekly Thursday Options Week 3 - AUG 26,4525.0,CALL,10,4525000.0,1279.8708312366784,1286,0.7776049766718507
Weekly Thursday Options Week 3 - AUG 26,4550.0,CALL,2,910000.0,126.82925719387015,1286,0.15552099533437014
Weekly Thursday Options Week 3 - AUG 26,4575.0,CALL,28,12810000.0,832.7472039858407,1286,2.177293934681182
Weekly Thursday Options Week 3 - AUG 26,4600.0,CALL,17,7820000.0,224.36221586853014,1286,1.3219284603421462
Weekly Thursday Options Week 3 - AUG 26,4625.0,CALL,11,5087500.0,60.94472275836811,1286,0.8553654743390358
Weekly Thursday Options Week 3 - AUG 26,4650.0,CALL,6,2790000.0,13.201339207128537,1286,0.46656298600311047
Weekly Thursday Options Week 3 - AUG 26,4700.0,CALL,8,3760000.0,2.350981849324185,1286,0.6220839813374806
Weekly Thursday Options Week 3 - AUG 26,4725.0,CALL,2,945000.0,0.19777348291625807,1286,0.15552099533437014
Weekly Thursday Options Week 3 - AUG 26,4750.0,CALL,7,3325000.0,0.2205463982014197,1286,0.5443234836702955
Weekly Thursday Options Week 4 - AUG 26,3825.0,PUT,10,3825000.0,1.235949247986523e-06,508,1.968503937007874
Weekly Thursday Options Week 4 - AUG 26,3850.0,PUT,2,770000.0,1.948046100339294e-06,508,0.39370078740157477
Weekly Thursday Options Week 4 - AUG 26,3900.0,PUT,1,390000.0,4.3814800760962514e-05,508,0.19685039370078738
Weekly Thursday Options Week 4 - AUG 26,3925.0,PUT,2,785000.0,0.0005025877797505771,508,0.39370078740157477
Weekly Thursday Options Week 4 - AUG 26,3950.0,PUT,1,395000.0,0.0013026097713372733,508,0.19685039370078738
Weekly Thursday Options Week 4 - AUG 26,3975.0,PUT,3,1192500.0,0.01835172608131569,508,0.5905511811023622
Weekly Thursday Options Week 4 - AUG 26,4000.0,PUT,4,1600000.0,0.10435410604949236,508,0.7874015748031495
Weekly Thursday Options Week 4 - AUG 26,4025.0,PUT,2,805000.0,0.202572308105331,508,0.39370078740157477
Weekly Thursday Options Week 4 - AUG 26,4050.0,CALL,2,810000.0,61955.52604539898,508,0.39370078740157477
Weekly Thursday Options Week 4 - AUG 26,4050.0,PUT,10,4050000.0,3.588615129411332,508,1.968503937007874
Weekly Thursday Options Week 4 - AUG 26,4075.0,PUT,5,2037500.0,5.81622146248062,508,0.984251968503937
Weekly Thursday Options Week 4 - AUG 26,4100.0,PUT,3,1230000.0,10.375819029446554,508,0.5905511811023622
Weekly Thursday Options Week 4 - AUG 26,4125.0,PUT,3,1237500.0,28.372204145394875,508,0.5905511811023622
Weekly Thursday Options Week 4 - AUG 26,4150.0,PUT,4,1660000.0,95.39840205993357,508,0.7874015748031495
Weekly Thursday Options Week 4 - AUG 26,4175.0,PUT,12,5010000.0,667.5155456500818,508,2.3622047244094486
Weekly Thursday Options Week 4 - AUG 26,4200.0,CALL,9,3780000.0,144935.347633734,508,1.7716535433070866
Weekly Thursday Options Week 4 - AUG 26,4200.0,PUT,43,18060000.0,5175.49017344588,508,8.46456692913386
Weekly Thursday Options Week 4 - AUG 26,4225.0,CALL,50,21125000.0,686348.1781652877,508,9.84251968503937
Weekly Thursday Options Week 4 - AUG 26,4250.0,CALL,9,3825000.0,102972.41166500135,508,1.7716535433070866
Weekly Thursday Options Week 4 - AUG 26,4250.0,PUT,1,425000.0,455.7574232611728,508,0.19685039370078738
Weekly Thursday Options Week 4 - AUG 26,4275.0,CALL,74,31635000.0,687447.7768717846,508,14.566929133858267
Weekly Thursday Options Week 4 - AUG 26,4275.0,PUT,1,427500.0,803.1859857836821,508,0.19685039370078738
Weekly Thursday Options Week 4 - AUG 26,4300.0,CALL,55,23650000.0,402562.4558981658,508,10.826771653543307
Weekly Thursday Options Week 4 - AUG 26,4300.0,PUT,1,430000.0,1331.6413569784572,508,0.19685039370078738
Weekly Thursday Options Week 4 - AUG 26,4325.0,CALL,1,432500.0,5574.212097915324,508,0.19685039370078738
Weekly Thursday Options Week 4 - AUG 26,4325.0,PUT,4,1730000.0,8342.03555498807,508,0.7874015748031495
Weekly Thursday Options Week 4 - AUG 26,4350.0,PUT,10,4350000.0,30985.14682796167,508,1.968503937007874
Weekly Thursday Options Week 4 - AUG 26,4375.0,CALL,20,8750000.0,57553.84409367707,508,3.937007874015748
Weekly Thursday Options Week 4 - AUG 26,4375.0,PUT,11,4812500.0,48256.28085470703,508,2.1653543307086616
Weekly Thursday Options Week 4 - AUG 26,4400.0,CALL,10,4400000.0,19381.025028531894,508,1.968503937007874
Weekly Thursday Options Week 4 - AUG 26,4425.0,CALL,38,16815000.0,47333.02894333519,508,7.480314960629922
Weekly Thursday Options Week 4 - AUG 26,4475.0,CALL,3,1342500.0,1329.8533062175125,508,0.5905511811023622
Weekly Thursday Options Week 4 - AUG 26,4500.0,CALL,24,10800000.0,5871.551603531361,508,4.724409448818897
Weekly Thursday Options Week 4 - AUG 26,4525.0,CALL,32,14480000.0,4095.586659957371,508,6.299212598425196
Weekly Thursday Options Week 4 - AUG 26,4575.0,CALL,12,5490000.0,356.89165885107457,508,2.3622047244094486
Weekly Thursday Options Week 4 - AUG 26,4600.0,CALL,1,460000.0,13.197777404031186,508,0.19685039370078738
Weekly Thursday Options Week 4 - AUG 26,4625.0,CALL,3,1387500.0,16.621288025009484,508,0.5905511811023622
Weekly Thursday Options Week 4 - AUG 26,4650.0,CALL,5,2325000.0,11.001116005940448,508,0.984251968503937
Weekly Thursday Options Week 4 - AUG 26,4675.0,CALL,1,467500.0,0.8266280716497043,508,0.19685039370078738
Weekly Thursday Options Week 4 - AUG 26,4700.0,CALL,15,7050000.0,4.408090967482847,508,2.952755905511811
Weekly Thursday Options Week 4 - AUG 26,4750.0,CALL,3,1425000.0,0.09451988494346558,508,0.5905511811023622
Weekly Thursday Options Week 4 - AUG 26,4800.0,CALL,8,3840000.0,0.021758123573776406,508,1.574803149606299
Weekly Tuesday Options Week 1 - SEP 26,3600.0,PUT,1,360000.0,18.973519332331534,409,0.24449877750611246
Weekly Tuesday Options Week 1 - SEP 26,3850.0,PUT,1,385000.0,348.6491553919194,409,0.24449877750611246
Weekly Tuesday Options Week 1 - SEP 26,4000.0,PUT,1,400000.0,1296.6589295390918,409,0.24449877750611246
Weekly Tuesday Options Week 1 - SEP 26,4075.0,PUT,3,1222500.0,6769.624853214077,409,0.7334963325183375
Weekly Tuesday Options Week 1 - SEP 26,4100.0,PUT,1,410000.0,2676.9971126915607,409,0.24449877750611246
Weekly Tuesday Options Week 1 - SEP 26,4125.0,PUT,1,412500.0,3154.9934149333467,409,0.24449877750611246
Weekly Tuesday Options Week 1 - SEP 26,4150.0,PUT,2,830000.0,7389.439081671321,409,0.4889975550122249
Weekly Tuesday Options Week 1 - SEP 26,4225.0,PUT,2,845000.0,11444.714982873438,409,0.4889975550122249
Weekly Tuesday Options Week 1 - SEP 26,4250.0,PUT,1,425000.0,6545.344523935432,409,0.24449877750611246
Weekly Tuesday Options Week 1 - SEP 26,4300.0,CALL,125,53750000.0,2029520.5550488278,409,30.56234718826406
Weekly Tuesday Options Week 1 - SEP 26,4300.0,PUT,2,860000.0,16854.162792873194,409,0.4889975550122249
Weekly Tuesday Options Week 1 - SEP 26,4375.0,PUT,13,5687500.0,154170.46585553407,409,3.1784841075794623
Weekly Tuesday Options Week 1 - SEP 26,4400.0,CALL,2,880000.0,22045.761619211407,409,0.4889975550122249
Weekly Tuesday Options Week 1 - SEP 26,4425.0,CALL,1,442500.0,9923.533162695958,409,0.24449877750611246
Weekly Tuesday Options Week 1 - SEP 26,4425.0,PUT,5,2212500.0,72781.83154662316,409,1.2224938875305624
Weekly Tuesday Options Week 1 - SEP 26,4450.0,CALL,179,79655000.0,1593769.960876706,409,43.76528117359413
Weekly Tuesday Options Week 1 - SEP 26,4450.0,PUT,7,3115000.0,112174.71428057384,409,1.7114914425427872
Weekly Tuesday Options Week 1 - SEP 26,4475.0,PUT,2,895000.0,35142.42151015505,409,0.4889975550122249
Weekly Tuesday Options Week 1 - SEP 26,4500.0,CALL,2,900000.0,14189.598948080948,409,0.4889975550122249
Weekly Tuesday Options Week 1 - SEP 26,4575.0,CALL,4,1830000.0,19669.554883352157,409,0.9779951100244498
Weekly Tuesday Options Week 1 - SEP 26,4600.0,CALL,3,1380000.0,12964.569252657839,409,0.7334963325183375
Weekly Tuesday Options Week 1 - SEP 26,4625.0,CALL,2,925000.0,7569.156480271317,409,0.4889975550122249
Weekly Tuesday Options Week 1 - SEP 26,4675.0,CALL,3,1402500.0,8616.437007700051,409,0.7334963325183375
Weekly Tuesday Options Week 1 - SEP 26,4700.0,CALL,13,6110000.0,32356.20475535137,409,3.1784841075794623
Weekly Tuesday Options Week 1 - SEP 26,4750.0,CALL,5,2375000.0,9247.69603666857,409,1.2224938875305624
Weekly Tuesday Options Week 1 - SEP 26,4800.0,CALL,12,5760000.0,16264.013092436653,409,2.93398533007335
Weekly Tuesday Options Week 1 - SEP 26,5000.0,CALL,6,3000000.0,2043.7866481923807,409,1.466992665036675
Weekly Tuesday Options Week 1 - SEP 26,5200.0,CALL,5,2600000.0,346.34846208432714,409,1.2224938875305624
Weekly Tuesday Options Week 1 - SEP 26,5500.0,CALL,5,2750000.0,22.017747217719208,409,1.2224938875305624
Weekly Tuesday Options Week 3 - AUG 26,3250.0,PUT,2,650000.0,1.4490003544186144e-43,1859,0.10758472296933834
Weekly Tuesday Options Week 3 - AUG 26,3300.0,PUT,4,1320000.0,9.931916115856927e-39,1859,0.21516944593867668
Weekly Tuesday Options Week 3 - AUG 26,3500.0,PUT,4,1400000.0,1.8278911839940148e-23,1859,0.21516944593867668
Weekly Tuesday Options Week 3 - AUG 26,3600.0,PUT,9,3240000.0,4.821238299421321e-17,1859,0.48413125336202256
Weekly Tuesday Options Week 3 - AUG 26,3625.0,PUT,61,22112500.0,7.637242413917186e-15,1859,3.28133405056482
Weekly Tuesday Options Week 3 - AUG 26,3650.0,PUT,3,1095000.0,7.69897307990693e-15,1859,0.16137708445400753
Weekly Tuesday Options Week 3 - AUG 26,3675.0,PUT,6,2205000.0,2.7756172814345866e-13,1859,0.32275416890801506
Weekly Tuesday Options Week 3 - AUG 26,3700.0,PUT,6,2220000.0,4.411681907528716e-12,1859,0.32275416890801506
Weekly Tuesday Options Week 3 - AUG 26,3725.0,PUT,2,745000.0,2.0663824127395683e-11,1859,0.10758472296933834
Weekly Tuesday Options Week 3 - AUG 26,3750.0,PUT,9,3375000.0,1.1581117795747302e-09,1859,0.48413125336202256
Weekly Tuesday Options Week 3 - AUG 26,3775.0,PUT,12,4530000.0,1.7088935022973682e-08,1859,0.6455083378160301
Weekly Tuesday Options Week 3 - AUG 26,3800.0,PUT,6,2280000.0,8.423502034052753e-08,1859,0.32275416890801506
Weekly Tuesday Options Week 3 - AUG 26,3825.0,PUT,11,4207500.0,1.3595441727851754e-06,1859,0.591715976331361
Weekly Tuesday Options Week 3 - AUG 26,3850.0,PUT,27,10395000.0,2.629862235458047e-05,1859,1.4523937600860677
Weekly Tuesday Options Week 3 - AUG 26,3875.0,PUT,2,775000.0,1.3776076766522269e-05,1859,0.10758472296933834
Weekly Tuesday Options Week 3 - AUG 26,3900.0,PUT,11,4290000.0,0.00048196280837058765,1859,0.591715976331361
Weekly Tuesday Options Week 3 - AUG 26,3950.0,PUT,20,7900000.0,0.026052195426745466,1859,1.0758472296933834
Weekly Tuesday Options Week 3 - AUG 26,3975.0,PUT,32,12720000.0,0.19575174486736735,1859,1.7213555675094134
Weekly Tuesday Options Week 3 - AUG 26,4000.0,CALL,1,400000.0,35975.37587735269,1859,0.05379236148466917
Weekly Tuesday Options Week 3 - AUG 26,4000.0,PUT,55,22000000.0,1.4348689581805198,1859,2.9585798816568047
Weekly Tuesday Options Week 3 - AUG 26,4025.0,CALL,2,805000.0,66952.9565223208,1859,0.10758472296933834
Weekly Tuesday Options Week 3 - AUG 26,4025.0,PUT,25,10062500.0,2.5321538513166377,1859,1.3448090371167294
Weekly Tuesday Options Week 3 - AUG 26,4050.0,CALL,17,6885000.0,526621.9713858913,1859,0.914470145239376
Weekly Tuesday Options Week 3 - AUG 26,4050.0,PUT,26,10530000.0,9.330399336469464,1859,1.3986013986013985
Weekly Tuesday Options Week 3 - AUG 26,4075.0,CALL,12,4890000.0,341755.13509991014,1859,0.6455083378160301
Weekly Tuesday Options Week 3 - AUG 26,4075.0,PUT,30,12225000.0,34.89732877488372,1859,1.6137708445400751
Weekly Tuesday Options Week 3 - AUG 26,4100.0,CALL,45,18450000.0,1169231.2712950506,1859,2.4206562668101133
Weekly Tuesday Options Week 3 - AUG 26,4100.0,PUT,140,57400000.0,484.20488804083914,1859,7.530930607853685
Weekly Tuesday Options Week 3 - AUG 26,4125.0,CALL,85,35062500.0,1996645.1652942486,1859,4.57235072619688
Weekly Tuesday Options Week 3 - AUG 26,4125.0,PUT,11,4537500.0,104.03141519978121,1859,0.591715976331361
Weekly Tuesday Options Week 3 - AUG 26,4150.0,CALL,14,5810000.0,294075.07508990914,1859,0.7530930607853685
Weekly Tuesday Options Week 3 - AUG 26,4150.0,PUT,9,3735000.0,214.64640463485054,1859,0.48413125336202256
Weekly Tuesday Options Week 3 - AUG 26,4175.0,CALL,50,20875000.0,926908.3193779034,1859,2.6896180742334588
Weekly Tuesday Options Week 3 - AUG 26,4175.0,PUT,4,1670000.0,222.5051818833606,1859,0.21516944593867668
Weekly Tuesday Options Week 3 - AUG 26,4200.0,CALL,121,50820000.0,1948575.2292979793,1859,6.508875739644971
Weekly Tuesday Options Week 3 - AUG 26,4200.0,PUT,148,62160000.0,17813.315015581167,1859,7.9612694997310385
Weekly Tuesday Options Week 3 - AUG 26,4225.0,CALL,19,8027500.0,260812.3077028093,1859,1.0220548682087143
Weekly Tuesday Options Week 3 - AUG 26,4225.0,PUT,7,2957500.0,1696.583692006402,1859,0.37654653039268426
Weekly Tuesday Options Week 3 - AUG 26,4250.0,CALL,52,22100000.0,594951.71184223,1859,2.797202797202797
Weekly Tuesday Options Week 3 - AUG 26,4250.0,PUT,85,36125000.0,38739.38097719969,1859,4.57235072619688
Weekly Tuesday Options Week 3 - AUG 26,4275.0,CALL,23,9832500.0,213666.20091960873,1859,1.237224314147391
Weekly Tuesday Options Week 3 - AUG 26,4275.0,PUT,32,13680000.0,25701.951545077827,1859,1.7213555675094134
Weekly Tuesday Options Week 3 - AUG 26,4300.0,CALL,26,11180000.0,190302.25187913293,1859,1.3986013986013985
Weekly Tuesday Options Week 3 - AUG 26,4300.0,PUT,60,25800000.0,79898.48141870744,1859,3.2275416890801503
Weekly Tuesday Options Week 3 - AUG 26,4315.0,PUT,5,2157500.0,8772.120173237,1859,0.26896180742334586
Weekly Tuesday Options Week 3 - AUG 26,4320.0,PUT,2,864000.0,3829.7349106129786,1859,0.10758472296933834
Weekly Tuesday Options Week 3 - AUG 26,4325.0,CALL,1,432500.0,5574.212097915324,1859,0.05379236148466917
Weekly Tuesday Options Week 3 - AUG 26,4325.0,PUT,31,13407500.0,64650.77555115754,1859,1.6675632060247445
Weekly Tuesday Options Week 3 - AUG 26,4335.0,PUT,1,433500.0,2458.256636608621,1859,0.05379236148466917
Weekly Tuesday Options Week 3 - AUG 26,4350.0,CALL,8,3480000.0,32705.960625157604,1859,0.43033889187735336
Weekly Tuesday Options Week 3 - AUG 26,4350.0,PUT,39,16965000.0,120842.07262905051,1859,2.097902097902098
Weekly Tuesday Options Week 3 - AUG 26,4360.0,PUT,1,436000.0,3580.6102550393007,1859,0.05379236148466917
Weekly Tuesday Options Week 3 - AUG 26,4375.0,CALL,7,3062500.0,20143.845432786977,1859,0.37654653039268426
Weekly Tuesday Options Week 3 - AUG 26,4375.0,PUT,27,11812500.0,118447.23482518998,1859,1.4523937600860677
Weekly Tuesday Options Week 3 - AUG 26,4390.0,PUT,1,439000.0,5291.188413042619,1859,0.05379236148466917
Weekly Tuesday Options Week 3 - AUG 26,4400.0,CALL,13,5720000.0,25195.33253709146,1859,0.6993006993006993
Weekly Tuesday Options Week 3 - AUG 26,4400.0,PUT,31,13640000.0,184335.8497894745,1859,1.6675632060247445
Weekly Tuesday Options Week 3 - AUG 26,4425.0,CALL,11,4867500.0,13701.666273070714,1859,0.591715976331361
Weekly Tuesday Options Week 3 - AUG 26,4425.0,PUT,1,442500.0,7752.794070935624,1859,0.05379236148466917
Weekly Tuesday Options Week 3 - AUG 26,4450.0,CALL,20,8900000.0,15244.478430064419,1859,1.0758472296933834
Weekly Tuesday Options Week 3 - AUG 26,4450.0,PUT,4,1780000.0,39073.53912573653,1859,0.21516944593867668
Weekly Tuesday Options Week 3 - AUG 26,4475.0,CALL,22,9845000.0,9752.257578928424,1859,1.183431952662722
Weekly Tuesday Options Week 3 - AUG 26,4475.0,PUT,1,447500.0,11948.418109156546,1859,0.05379236148466917
Weekly Tuesday Options Week 3 - AUG 26,4480.0,CALL,1,448000.0,395.26772656873845,1859,0.05379236148466917
Weekly Tuesday Options Week 3 - AUG 26,4485.0,CALL,1,448500.0,351.71083968950256,1859,0.05379236148466917
Weekly Tuesday Options Week 3 - AUG 26,4490.0,PUT,1,449000.0,13316.809837591882,1859,0.05379236148466917
Weekly Tuesday Options Week 3 - AUG 26,4500.0,CALL,97,43650000.0,23730.85439760592,1859,5.21785906401291
Weekly Tuesday Options Week 3 - AUG 26,4500.0,PUT,1,450000.0,14248.754471051052,1859,0.05379236148466917
Weekly Tuesday Options Week 3 - AUG 26,4525.0,CALL,18,8145000.0,2303.767496226021,1859,0.9682625067240451
Weekly Tuesday Options Week 3 - AUG 26,4525.0,PUT,1,452500.0,16631.066384513997,1859,0.05379236148466917
Weekly Tuesday Options Week 3 - AUG 26,4535.0,CALL,50,22675000.0,4864.007761733902,1859,2.6896180742334588
Weekly Tuesday Options Week 3 - AUG 26,4550.0,CALL,31,14105000.0,1965.8534865049874,1859,1.6675632060247445
Weekly Tuesday Options Week 3 - AUG 26,4575.0,CALL,6,2745000.0,178.44582942553728,1859,0.32275416890801506
Weekly Tuesday Options Week 3 - AUG 26,4600.0,CALL,22,10120000.0,290.3511028886861,1859,1.183431952662722
Weekly Tuesday Options Week 3 - AUG 26,4625.0,CALL,22,10175000.0,121.88944551673622,1859,1.183431952662722
Weekly Tuesday Options Week 3 - AUG 26,4635.0,PUT,1,463500.0,27502.414519005288,1859,0.05379236148466917
Weekly Tuesday Options Week 3 - AUG 26,4650.0,CALL,7,3255000.0,15.401562408316627,1859,0.37654653039268426
Weekly Tuesday Options Week 3 - AUG 26,4675.0,CALL,2,935000.0,1.6532561432994086,1859,0.10758472296933834
Weekly Tuesday Options Week 3 - AUG 26,4700.0,CALL,13,6110000.0,3.820345505151801,1859,0.6993006993006993
Weekly Tuesday Options Week 3 - AUG 26,4725.0,CALL,1,472500.0,0.09888674145812903,1859,0.05379236148466917
Weekly Tuesday Options Week 3 - AUG 26,4750.0,CALL,11,5225000.0,0.3465729114593738,1859,0.591715976331361
Weekly Tuesday Options Week 3 - AUG 26,4800.0,CALL,13,6240000.0,0.035356950807386656,1859,0.6993006993006993
Weekly Tuesday Options Week 3 - AUG 26,4900.0,CALL,2,980000.0,2.149976349162823e-05,1859,0.10758472296933834
Weekly Tuesday Options Week 3 - AUG 26,5000.0,CALL,5,2500000.0,9.406778572769252e-08,1859,0.26896180742334586
Weekly Tuesday Options Week 3 - AUG 26,5100.0,CALL,1,510000.0,1.516786953884718e-11,1859,0.05379236148466917
Weekly Tuesday Options Week 4 - AUG 26,3300.0,PUT,1,330000.0,2.482979028964232e-39,730,0.136986301369863
Weekly Tuesday Options Week 4 - AUG 26,3600.0,PUT,3,1080000.0,1.6070794331404404e-17,730,0.410958904109589
Weekly Tuesday Options Week 4 - AUG 26,3675.0,PUT,1,367500.0,4.6260288023909776e-14,730,0.136986301369863
Weekly Tuesday Options Week 4 - AUG 26,3700.0,PUT,3,1110000.0,2.205840953764358e-12,730,0.410958904109589
Weekly Tuesday Options Week 4 - AUG 26,3750.0,PUT,21,7875000.0,2.702260819007704e-09,730,2.8767123287671232
Weekly Tuesday Options Week 4 - AUG 26,3775.0,PUT,21,7927500.0,2.990563629020394e-08,730,2.8767123287671232
Weekly Tuesday Options Week 4 - AUG 26,3800.0,PUT,10,3800000.0,1.4039170056754588e-07,730,1.36986301369863
Weekly Tuesday Options Week 4 - AUG 26,3825.0,PUT,1,382500.0,1.235949247986523e-07,730,0.136986301369863
Weekly Tuesday Options Week 4 - AUG 26,3850.0,PUT,1,385000.0,9.74023050169647e-07,730,0.136986301369863
Weekly Tuesday Options Week 4 - AUG 26,3875.0,PUT,1,387500.0,6.888038383261134e-06,730,0.136986301369863
Weekly Tuesday Options Week 4 - AUG 26,3900.0,PUT,3,1170000.0,0.00013144440228288754,730,0.410958904109589
Weekly Tuesday Options Week 4 - AUG 26,3925.0,PUT,1,392500.0,0.00025129388987528856,730,0.136986301369863
Weekly Tuesday Options Week 4 - AUG 26,3950.0,PUT,2,790000.0,0.0026052195426745466,730,0.273972602739726
Weekly Tuesday Options Week 4 - AUG 26,3975.0,PUT,1,397500.0,0.00611724202710523,730,0.136986301369863
Weekly Tuesday Options Week 4 - AUG 26,4000.0,CALL,1,400000.0,35975.37587735269,730,0.136986301369863
Weekly Tuesday Options Week 4 - AUG 26,4000.0,PUT,9,3600000.0,0.2347967386113578,730,1.2328767123287672
Weekly Tuesday Options Week 4 - AUG 26,4025.0,PUT,14,5635000.0,1.418006156737317,730,1.9178082191780823
Weekly Tuesday Options Week 4 - AUG 26,4050.0,PUT,5,2025000.0,1.794307564705666,730,0.684931506849315
Weekly Tuesday Options Week 4 - AUG 26,4075.0,CALL,1,407500.0,28479.59459165918,730,0.136986301369863
Weekly Tuesday Options Week 4 - AUG 26,4100.0,CALL,5,2050000.0,129914.58569945008,730,0.684931506849315
Weekly Tuesday Options Week 4 - AUG 26,4100.0,PUT,1,410000.0,3.458606343148851,730,0.136986301369863
Weekly Tuesday Options Week 4 - AUG 26,4150.0,CALL,12,4980000.0,252064.35007706494,730,1.643835616438356
Weekly Tuesday Options Week 4 - AUG 26,4175.0,CALL,13,5427500.0,240996.16303825486,730,1.7808219178082192
Weekly Tuesday Options Week 4 - AUG 26,4200.0,CALL,1,420000.0,16103.927514859333,730,0.136986301369863
Weekly Tuesday Options Week 4 - AUG 26,4200.0,PUT,1,420000.0,120.36023659176465,730,0.136986301369863
Weekly Tuesday Options Week 4 - AUG 26,4225.0,PUT,3,1267500.0,727.1072965741723,730,0.410958904109589
Weekly Tuesday Options Week 4 - AUG 26,4250.0,CALL,54,22950000.0,617834.469990008,730,7.397260273972603
Weekly Tuesday Options Week 4 - AUG 26,4250.0,PUT,4,1700000.0,1823.0296930446912,730,0.547945205479452
Weekly Tuesday Options Week 4 - AUG 26,4275.0,CALL,7,2992500.0,65028.84375814178,730,0.9589041095890412
Weekly Tuesday Options Week 4 - AUG 26,4300.0,CALL,58,24940000.0,424520.40803806577,730,7.9452054794520555
Weekly Tuesday Options Week 4 - AUG 26,4300.0,PUT,4,1720000.0,5326.565427913829,730,0.547945205479452
Weekly Tuesday Options Week 4 - AUG 26,4325.0,CALL,4,1730000.0,22296.848391661297,730,0.547945205479452
Weekly Tuesday Options Week 4 - AUG 26,4325.0,PUT,18,7785000.0,37539.15999744632,730,2.4657534246575343
Weekly Tuesday Options Week 4 - AUG 26,4350.0,CALL,1,435000.0,4088.2450781447005,730,0.136986301369863
Weekly Tuesday Options Week 4 - AUG 26,4350.0,PUT,9,3915000.0,27886.632145165502,730,1.2328767123287672
Weekly Tuesday Options Week 4 - AUG 26,4375.0,CALL,9,3937500.0,25899.22984215468,730,1.2328767123287672
Weekly Tuesday Options Week 4 - AUG 26,4375.0,PUT,13,5687500.0,57030.150101017396,730,1.7808219178082192
Weekly Tuesday Options Week 4 - AUG 26,4400.0,CALL,26,11440000.0,50390.66507418292,730,3.5616438356164384
Weekly Tuesday Options Week 4 - AUG 26,4400.0,PUT,4,1760000.0,23785.270940577357,730,0.547945205479452
Weekly Tuesday Options Week 4 - AUG 26,4425.0,CALL,101,44692500.0,125806.20850728564,730,13.835616438356164
Weekly Tuesday Options Week 4 - AUG 26,4425.0,PUT,1,442500.0,7752.794070935624,730,0.136986301369863
Weekly Tuesday Options Week 4 - AUG 26,4450.0,CALL,13,5785000.0,9908.910979541872,730,1.7808219178082192
Weekly Tuesday Options Week 4 - AUG 26,4450.0,PUT,1,445000.0,9768.384781434133,730,0.136986301369863
Weekly Tuesday Options Week 4 - AUG 26,4475.0,CALL,13,5817500.0,5762.697660275888,730,1.7808219178082192
Weekly Tuesday Options Week 4 - AUG 26,4500.0,CALL,38,17100000.0,9296.62337225799,730,5.205479452054795
Weekly Tuesday Options Week 4 - AUG 26,4525.0,CALL,30,13575000.0,3839.6124937100353,730,4.10958904109589
Weekly Tuesday Options Week 4 - AUG 26,4550.0,CALL,10,4550000.0,634.1462859693507,730,1.36986301369863
Weekly Tuesday Options Week 4 - AUG 26,4575.0,CALL,9,4117500.0,267.6687441383059,730,1.2328767123287672
Weekly Tuesday Options Week 4 - AUG 26,4600.0,CALL,69,31740000.0,910.6466408781519,730,9.452054794520548
Weekly Tuesday Options Week 4 - AUG 26,4625.0,CALL,35,16187500.0,193.91502695844397,730,4.794520547945205
Weekly Tuesday Options Week 4 - AUG 26,4650.0,CALL,6,2790000.0,13.201339207128537,730,0.821917808219178
Weekly Tuesday Options Week 4 - AUG 26,4675.0,CALL,6,2805000.0,4.959768429898226,730,0.821917808219178
Weekly Tuesday Options Week 4 - AUG 26,4700.0,CALL,28,13160000.0,8.228436472634648,730,3.8356164383561646
Weekly Tuesday Options Week 4 - AUG 26,4725.0,CALL,1,472500.0,0.09888674145812903,730,0.136986301369863
Weekly Tuesday Options Week 4 - AUG 26,4750.0,CALL,2,950000.0,0.06301325662897705,730,0.273972602739726
Weekly Tuesday Options Week 4 - AUG 26,4800.0,CALL,7,3360000.0,0.019038358127054355,730,0.9589041095890412
Weekly Tuesday Options Week 4 - AUG 26,5000.0,CALL,6,3000000.0,1.1288134287323103e-07,730,0.821917808219178
Weekly Tuesday Options Week 4 - AUG 26,5100.0,CALL,1,510000.0,1.516786953884718e-11,730,0.136986301369863
Weekly Tuesday Options Week 4 - AUG 26,5200.0,CALL,5,2600000.0,2.9323922797914046e-14,730,0.684931506849315
Weekly Tuesday Options Week 4 - AUG 26,5500.0,CALL,1,550000.0,6.082679939292152e-27,730,0.136986301369863
Weekly Wednesday Options Week 1 - SEP 26,3250.0,PUT,1,325000.0,0.046086231334421454,1972,0.05070993914807302
Weekly Wednesday Options Week 1 - SEP 26,3300.0,PUT,1,330000.0,0.128383567423343,1972,0.05070993914807302
Weekly Wednesday Options Week 1 - SEP 26,3400.0,PUT,2,680000.0,1.673298702697401,1972,0.10141987829614604
Weekly Wednesday Options Week 1 - SEP 26,3500.0,PUT,3,1050000.0,13.185336772147416,1972,0.15212981744421905
Weekly Wednesday Options Week 1 - SEP 26,3600.0,PUT,19,6840000.0,360.49686731429915,1972,0.9634888438133874
Weekly Wednesday Options Week 1 - SEP 26,3675.0,PUT,3,1102500.0,151.48403826463053,1972,0.15212981744421905
Weekly Wednesday Options Week 1 - SEP 26,3700.0,PUT,13,4810000.0,890.6951906944446,1972,0.6592292089249493
Weekly Wednesday Options Week 1 - SEP 26,3725.0,PUT,7,2607500.0,644.209907676209,1972,0.35496957403651114
Weekly Wednesday Options Week 1 - SEP 26,3750.0,PUT,24,9000000.0,2937.6141493976265,1972,1.2170385395537524
Weekly Wednesday Options Week 1 - SEP 26,3775.0,PUT,31,11702500.0,4998.218759391943,1972,1.5720081135902637
Weekly Wednesday Options Week 1 - SEP 26,3800.0,PUT,13,4940000.0,2735.1843564024107,1972,0.6592292089249493
Weekly Wednesday Options Week 1 - SEP 26,3825.0,PUT,3,1147500.0,816.1612528944119,1972,0.15212981744421905
Weekly Wednesday Options Week 1 - SEP 26,3850.0,PUT,23,8855000.0,8018.930574014146,1972,1.1663286004056794
Weekly Wednesday Options Week 1 - SEP 26,3875.0,PUT,23,8912500.0,10187.602693872213,1972,1.1663286004056794
Weekly Wednesday Options Week 1 - SEP 26,3900.0,PUT,25,9750000.0,13949.518019859539,1972,1.2677484787018256
Weekly Wednesday Options Week 1 - SEP 26,3925.0,PUT,22,8635000.0,15336.73469632949,1972,1.1156186612576064
Weekly Wednesday Options Week 1 - SEP 26,3950.0,PUT,55,21725000.0,47519.86450192689,1972,2.789046653144016
Weekly Wednesday Options Week 1 - SEP 26,3975.0,PUT,32,12720000.0,33999.30514865664,1972,1.6227180527383367
Weekly Wednesday Options Week 1 - SEP 26,4000.0,PUT,39,15600000.0,50569.69825202458,1972,1.9776876267748478
Weekly Wednesday Options Week 1 - SEP 26,4025.0,CALL,3,1207500.0,110256.30040431324,1972,0.15212981744421905
Weekly Wednesday Options Week 1 - SEP 26,4025.0,PUT,21,8452500.0,32986.830902235306,1972,1.0649087221095335
Weekly Wednesday Options Week 1 - SEP 26,4050.0,CALL,2,810000.0,69164.3994384589,1972,0.10141987829614604
Weekly Wednesday Options Week 1 - SEP 26,4050.0,PUT,30,12150000.0,56678.5288232951,1972,1.5212981744421907
Weekly Wednesday Options Week 1 - SEP 26,4075.0,CALL,4,1630000.0,129844.29521896418,1972,0.2028397565922921
Weekly Wednesday Options Week 1 - SEP 26,4075.0,PUT,8,3260000.0,18052.332941904206,1972,0.4056795131845842
Weekly Wednesday Options Week 1 - SEP 26,4100.0,CALL,20,8200000.0,607862.92123156,1972,1.0141987829614605
Weekly Wednesday Options Week 1 - SEP 26,4100.0,PUT,35,14350000.0,93694.89894420463,1972,1.7748478701825559
Weekly Wednesday Options Week 1 - SEP 26,4125.0,CALL,56,23100000.0,1589434.511039382,1972,2.839756592292089
Weekly Wednesday Options Week 1 - SEP 26,4125.0,PUT,22,9075000.0,69409.85512853363,1972,1.1156186612576064
Weekly Wednesday Options Week 1 - SEP 26,4150.0,CALL,22,9130000.0,581550.2442967574,1972,1.1156186612576064
Weekly Wednesday Options Week 1 - SEP 26,4150.0,PUT,15,6225000.0,55420.793112534906,1972,0.7606490872210954
Weekly Wednesday Options Week 1 - SEP 26,4175.0,CALL,24,10020000.0,589227.3020676912,1972,1.2170385395537524
Weekly Wednesday Options Week 1 - SEP 26,4175.0,PUT,2,835000.0,8600.27670323393,1972,0.10141987829614604
Weekly Wednesday Options Week 1 - SEP 26,4200.0,CALL,7,2940000.0,159162.7259330842,1972,0.35496957403651114
Weekly Wednesday Options Week 1 - SEP 26,4200.0,PUT,33,13860000.0,164172.23723124142,1972,1.6734279918864097
Weekly Wednesday Options Week 1 - SEP 26,4225.0,CALL,11,4647500.0,230962.49274714483,1972,0.5578093306288032
Weekly Wednesday Options Week 1 - SEP 26,4225.0,PUT,5,2112500.0,28611.787457183596,1972,0.2535496957403651
Weekly Wednesday Options Week 1 - SEP 26,4250.0,CALL,25,10625000.0,483279.8511030649,1972,1.2677484787018256
Weekly Wednesday Options Week 1 - SEP 26,4275.0,CALL,4,1710000.0,70975.01396694424,1972,0.2028397565922921
Weekly Wednesday Options Week 1 - SEP 26,4275.0,PUT,13,5557500.0,96801.73372565005,1972,0.6592292089249493
Weekly Wednesday Options Week 1 - SEP 26,4300.0,CALL,36,15480000.0,584501.9198540624,1972,1.8255578093306288
Weekly Wednesday Options Week 1 - SEP 26,4300.0,PUT,1,430000.0,8427.081396436597,1972,0.05070993914807302
Weekly Wednesday Options Week 1 - SEP 26,4325.0,CALL,40,17300000.0,592391.1365446402,1972,2.028397565922921
Weekly Wednesday Options Week 1 - SEP 26,4350.0,CALL,2,870000.0,26930.767899741477,1972,0.10141987829614604
Weekly Wednesday Options Week 1 - SEP 26,4350.0,PUT,11,4785000.0,116963.74120364638,1972,0.5578093306288032
Weekly Wednesday Options Week 1 - SEP 26,4375.0,CALL,110,48125000.0,1342351.9927263923,1972,5.578093306288032
Weekly Wednesday Options Week 1 - SEP 26,4375.0,PUT,4,1750000.0,47437.06641708741,1972,0.2028397565922921
Weekly Wednesday Options Week 1 - SEP 26,4400.0,CALL,31,13640000.0,341709.3050977768,1972,1.5720081135902637
Weekly Wednesday Options Week 1 - SEP 26,4400.0,PUT,1,440000.0,13167.330718117728,1972,0.05070993914807302
Weekly Wednesday Options Week 1 - SEP 26,4425.0,CALL,4,1770000.0,39694.13265078383,1972,0.2028397565922921
Weekly Wednesday Options Week 1 - SEP 26,4425.0,PUT,10,4425000.0,145563.66309324632,1972,0.5070993914807302
Weekly Wednesday Options Week 1 - SEP 26,4450.0,CALL,236,105020000.0,2101283.3003737577,1972,11.967545638945234
Weekly Wednesday Options Week 1 - SEP 26,4450.0,PUT,66,29370000.0,1057647.306073982,1972,3.3468559837728193
Weekly Wednesday Options Week 1 - SEP 26,4475.0,CALL,167,74732500.0,1329589.0590800475,1972,8.468559837728193
Weekly Wednesday Options Week 1 - SEP 26,4500.0,CALL,4,1800000.0,28379.197896161895,1972,0.2028397565922921
Weekly Wednesday Options Week 1 - SEP 26,4525.0,CALL,203,91857500.0,1279017.6597808776,1972,10.294117647058822
Weekly Wednesday Options Week 1 - SEP 26,4550.0,CALL,3,1365000.0,16727.6668885366,1972,0.15212981744421905
Weekly Wednesday Options Week 1 - SEP 26,4600.0,CALL,54,24840000.0,233362.2465478411,1972,2.738336713995943
Weekly Wednesday Options Week 1 - SEP 26,4625.0,CALL,4,1850000.0,15138.312960542635,1972,0.2028397565922921
Weekly Wednesday Options Week 1 - SEP 26,4650.0,CALL,15,6975000.0,49541.09306961925,1972,0.7606490872210954
Weekly Wednesday Options Week 1 - SEP 26,4700.0,CALL,201,94470000.0,500276.70429427887,1972,10.192697768762677
Weekly Wednesday Options Week 1 - SEP 26,4800.0,CALL,31,14880000.0,42015.367155461354,1972,1.5720081135902637
Weekly Wednesday Options Week 1 - SEP 26,4900.0,CALL,20,9800000.0,13964.107708224503,1972,1.0141987829614605
Weekly Wednesday Options Week 1 - SEP 26,5000.0,CALL,17,8500000.0,5790.728836545079,1972,0.8620689655172413
Weekly Wednesday Options Week 2 - SEP 26,3750.0,PUT,15,5625000.0,1836.0088433735164,618,2.4271844660194173
Weekly Wednesday Options Week 2 - SEP 26,3800.0,PUT,6,2280000.0,1262.3927798780358,618,0.9708737864077669
Weekly Wednesday Options Week 2 - SEP 26,3850.0,PUT,3,1155000.0,1045.947466175758,618,0.48543689320388345
Weekly Wednesday Options Week 2 - SEP 26,3875.0,PUT,4,1550000.0,1771.7569902386458,618,0.6472491909385114
Weekly Wednesday Options Week 2 - SEP 26,3900.0,PUT,11,4290000.0,6137.7879287381975,618,1.779935275080906
Weekly Wednesday Options Week 2 - SEP 26,3925.0,PUT,8,3140000.0,5576.994435028905,618,1.2944983818770228
Weekly Wednesday Options Week 2 - SEP 26,3950.0,PUT,23,9085000.0,19871.943337169425,618,3.7216828478964405
Weekly Wednesday Options Week 2 - SEP 26,3975.0,PUT,10,3975000.0,10624.782858955201,618,1.6181229773462782
Weekly Wednesday Options Week 2 - SEP 26,4000.0,PUT,8,3200000.0,10373.271436312734,618,1.2944983818770228
Weekly Wednesday Options Week 2 - SEP 26,4025.0,PUT,5,2012500.0,7854.007357675073,618,0.8090614886731391
Weekly Wednesday Options Week 2 - SEP 26,4050.0,PUT,2,810000.0,3778.568588219673,618,0.3236245954692557
Weekly Wednesday Options Week 2 - SEP 26,4075.0,PUT,5,2037500.0,11282.708088690128,618,0.8090614886731391
Weekly Wednesday Options Week 2 - SEP 26,4100.0,PUT,19,7790000.0,50862.94514113965,618,3.074433656957929
Weekly Wednesday Options Week 2 - SEP 26,4125.0,PUT,2,825000.0,6309.986829866693,618,0.3236245954692557
Weekly Wednesday Options Week 2 - SEP 26,4175.0,PUT,2,835000.0,8600.27670323393,618,0.3236245954692557
Weekly Wednesday Options Week 2 - SEP 26,4200.0,PUT,6,2520000.0,29849.497678407533,618,0.9708737864077669
Weekly Wednesday Options Week 2 - SEP 26,4250.0,PUT,2,850000.0,13090.689047870865,618,0.3236245954692557
Weekly Wednesday Options Week 2 - SEP 26,4275.0,PUT,2,855000.0,14892.574419330776,618,0.3236245954692557
Weekly Wednesday Options Week 2 - SEP 26,4300.0,PUT,4,1720000.0,33708.32558574639,618,0.6472491909385114
Weekly Wednesday Options Week 2 - SEP 26,4325.0,CALL,3,1297500.0,44429.33524084801,618,0.48543689320388345
Weekly Wednesday Options Week 2 - SEP 26,4325.0,PUT,1,432500.0,9489.078607778447,618,0.16181229773462785
Weekly Wednesday Options Week 2 - SEP 26,4350.0,PUT,1,435000.0,10633.067382149671,618,0.16181229773462785
Weekly Wednesday Options Week 2 - SEP 26,4375.0,CALL,14,6125000.0,170844.7990742681,618,2.26537216828479
Weekly Wednesday Options Week 2 - SEP 26,4400.0,CALL,11,4840000.0,121251.68890566274,618,1.779935275080906
Weekly Wednesday Options Week 2 - SEP 26,4400.0,PUT,2,880000.0,26334.661436235456,618,0.3236245954692557
Weekly Wednesday Options Week 2 - SEP 26,4425.0,CALL,76,33630000.0,754188.5203648928,618,12.297734627831716
Weekly Wednesday Options Week 2 - SEP 26,4450.0,CALL,18,8010000.0,160267.37036749,618,2.912621359223301
Weekly Wednesday Options Week 2 - SEP 26,4450.0,PUT,1,445000.0,16024.95918293912,618,0.16181229773462785
Weekly Wednesday Options Week 2 - SEP 26,4500.0,CALL,5,2250000.0,35473.99737020237,618,0.8090614886731391
Weekly Wednesday Options Week 2 - SEP 26,4500.0,PUT,12,5400000.0,230313.38802022528,618,1.9417475728155338
Weekly Wednesday Options Week 2 - SEP 26,4525.0,CALL,9,4072500.0,56705.21644348719,618,1.4563106796116505
Weekly Wednesday Options Week 2 - SEP 26,4550.0,CALL,15,6825000.0,83638.334442683,618,2.4271844660194173
Weekly Wednesday Options Week 2 - SEP 26,4575.0,CALL,32,14640000.0,157356.43906681726,618,5.177993527508091
Weekly Wednesday Options Week 2 - SEP 26,4600.0,CALL,22,10120000.0,95073.50785282414,618,3.559870550161812
Weekly Wednesday Options Week 2 - SEP 26,4625.0,CALL,7,3237500.0,26492.04768094961,618,1.132686084142395
Weekly Wednesday Options Week 2 - SEP 26,4650.0,CALL,78,36270000.0,257613.6839620201,618,12.62135922330097
Weekly Wednesday Options Week 2 - SEP 26,4675.0,CALL,7,3272500.0,20105.01968463345,618,1.132686084142395
Weekly Wednesday Options Week 2 - SEP 26,4700.0,CALL,7,3290000.0,17422.571791343045,618,1.132686084142395
Weekly Wednesday Options Week 2 - SEP 26,4725.0,CALL,35,16537500.0,75225.85189030957,618,5.6634304207119746
Weekly Wednesday Options Week 2 - SEP 26,4775.0,CALL,4,1910000.0,6344.116831037559,618,0.6472491909385114
Weekly Wednesday Options Week 2 - SEP 26,4800.0,CALL,11,5280000.0,14908.678668066932,618,1.779935275080906
Weekly Wednesday Options Week 2 - SEP 26,4900.0,CALL,44,21560000.0,30721.036958093908,618,7.119741100323624
Weekly Wednesday Options Week 2 - SEP 26,5000.0,CALL,54,27000000.0,18394.079833731426,618,8.737864077669903
Weekly Wednesday Options Week 2 - SEP 26,5100.0,CALL,12,6120000.0,1891.2328072730077,618,1.9417475728155338
Weekly Wednesday Options Week 3 - AUG 26,3600.0,PUT,4,1440000.0,2.142772577520587e-17,1949,0.2052334530528476
Weekly Wednesday Options Week 3 - AUG 26,3750.0,PUT,3,1125000.0,3.860372598582434e-10,1949,0.1539250897896357
Weekly Wednesday Options Week 3 - AUG 26,3775.0,PUT,5,1887500.0,7.120389592905701e-09,1949,0.2565418163160595
Weekly Wednesday Options Week 3 - AUG 26,3800.0,PUT,5,1900000.0,7.019585028377294e-08,1949,0.2565418163160595
Weekly Wednesday Options Week 3 - AUG 26,3825.0,PUT,16,6120000.0,1.977518796778437e-06,1949,0.8209338122113904
Weekly Wednesday Options Week 3 - AUG 26,3850.0,PUT,10,3850000.0,9.74023050169647e-06,1949,0.513083632632119
Weekly Wednesday Options Week 3 - AUG 26,3875.0,PUT,4,1550000.0,2.7552153533044537e-05,1949,0.2052334530528476
Weekly Wednesday Options Week 3 - AUG 26,3900.0,PUT,3,1170000.0,0.00013144440228288754,1949,0.1539250897896357
Weekly Wednesday Options Week 3 - AUG 26,3925.0,PUT,2,785000.0,0.0005025877797505771,1949,0.1026167265264238
Weekly Wednesday Options Week 3 - AUG 26,3950.0,PUT,4,1580000.0,0.005210439085349093,1949,0.2052334530528476
Weekly Wednesday Options Week 3 - AUG 26,3975.0,PUT,16,6360000.0,0.09787587243368367,1949,0.8209338122113904
Weekly Wednesday Options Week 3 - AUG 26,4000.0,PUT,4,1600000.0,0.10435410604949236,1949,0.2052334530528476
Weekly Wednesday Options Week 3 - AUG 26,4050.0,CALL,9,3645000.0,278799.8672042954,1949,0.46177526936890717
Weekly Wednesday Options Week 3 - AUG 26,4050.0,PUT,15,6075000.0,5.382922694116998,1949,0.7696254489481785
Weekly Wednesday Options Week 3 - AUG 26,4075.0,CALL,1,407500.0,28479.59459165918,1949,0.0513083632632119
Weekly Wednesday Options Week 3 - AUG 26,4075.0,PUT,16,6520000.0,18.611908679937983,1949,0.8209338122113904
Weekly Wednesday Options Week 3 - AUG 26,4100.0,CALL,4,1640000.0,103931.66855956006,1949,0.2052334530528476
Weekly Wednesday Options Week 3 - AUG 26,4100.0,PUT,45,18450000.0,155.6372854416983,1949,2.308876346844536
Weekly Wednesday Options Week 3 - AUG 26,4125.0,CALL,195,80437500.0,4580538.908616218,1949,10.005130836326321
Weekly Wednesday Options Week 3 - AUG 26,4125.0,PUT,24,9900000.0,226.977633163159,1949,1.2314007183170856
Weekly Wednesday Options Week 3 - AUG 26,4150.0,CALL,17,7055000.0,357091.1626091754,1949,0.8722421754746024
Weekly Wednesday Options Week 3 - AUG 26,4150.0,PUT,7,2905000.0,166.94720360488375,1949,0.35915854284248333
Weekly Wednesday Options Week 3 - AUG 26,4175.0,CALL,5,2087500.0,92690.83193779034,1949,0.2565418163160595
Weekly Wednesday Options Week 3 - AUG 26,4175.0,PUT,7,2922500.0,389.38406829588104,1949,0.35915854284248333
Weekly Wednesday Options Week 3 - AUG 26,4200.0,CALL,20,8400000.0,322078.55029718665,1949,1.026167265264238
Weekly Wednesday Options Week 3 - AUG 26,4200.0,PUT,7,2940000.0,842.5216561423525,1949,0.35915854284248333
Weekly Wednesday Options Week 3 - AUG 26,4225.0,CALL,14,5915000.0,192177.48988628056,1949,0.7183170856849667
Weekly Wednesday Options Week 3 - AUG 26,4225.0,PUT,19,8027500.0,4605.012878303091,1949,0.9748589020010261
Weekly Wednesday Options Week 3 - AUG 26,4250.0,CALL,21,8925000.0,240268.96055166982,1949,1.07747562852745
Weekly Wednesday Options Week 3 - AUG 26,4250.0,PUT,23,9775000.0,10482.420735006974,1949,1.1800923550538738
Weekly Wednesday Options Week 3 - AUG 26,4275.0,CALL,16,6840000.0,148637.35716146693,1949,0.8209338122113904
Weekly Wednesday Options Week 3 - AUG 26,4275.0,PUT,35,14962500.0,28111.509502428875,1949,1.7957927142124166
Weekly Wednesday Options Week 3 - AUG 26,4300.0,CALL,30,12900000.0,219579.52139899952,1949,1.539250897896357
Weekly Wednesday Options Week 3 - AUG 26,4300.0,PUT,40,17200000.0,53265.65427913829,1949,2.052334530528476
Weekly Wednesday Options Week 3 - AUG 26,4325.0,CALL,286,123695000.0,1594224.6600037827,1949,14.674191893278604
Weekly Wednesday Options Week 3 - AUG 26,4325.0,PUT,5,2162500.0,10427.544443735087,1949,0.2565418163160595
Weekly Wednesday Options Week 3 - AUG 26,4350.0,CALL,29,12615000.0,118559.10726619631,1949,1.4879425346331452
Weekly Wednesday Options Week 3 - AUG 26,4350.0,PUT,55,23925000.0,170418.3075537892,1949,2.8219599794766546
Weekly Wednesday Options Week 3 - AUG 26,4375.0,CALL,51,22312500.0,146762.30243887653,1949,2.616726526423807
Weekly Wednesday Options Week 3 - AUG 26,4375.0,PUT,11,4812500.0,48256.28085470703,1949,0.5643919958953308
Weekly Wednesday Options Week 3 - AUG 26,4400.0,CALL,136,59840000.0,263581.94038803375,1949,6.977937403796819
Weekly Wednesday Options Week 3 - AUG 26,4400.0,PUT,40,17600000.0,237852.70940577355,1949,2.052334530528476
Weekly Wednesday Options Week 3 - AUG 26,4425.0,CALL,36,15930000.0,44841.81689368597,1949,1.8471010774756287
Weekly Wednesday Options Week 3 - AUG 26,4425.0,PUT,44,19470000.0,341122.93912116747,1949,2.2575679835813234
Weekly Wednesday Options Week 3 - AUG 26,4450.0,CALL,90,40050000.0,68600.15293528988,1949,4.617752693689072
Weekly Wednesday Options Week 3 - AUG 26,4450.0,PUT,75,33375000.0,732628.8586075599,1949,3.8481272447408927
Weekly Wednesday Options Week 3 - AUG 26,4475.0,CALL,27,12082500.0,11968.679755957612,1949,1.3853258081067215
Weekly Wednesday Options Week 3 - AUG 26,4500.0,CALL,30,13500000.0,7339.439504414202,1949,1.539250897896357
Weekly Wednesday Options Week 3 - AUG 26,4525.0,CALL,45,20362500.0,5759.418740565053,1949,2.308876346844536
Weekly Wednesday Options Week 3 - AUG 26,4550.0,CALL,38,17290000.0,2409.755886683533,1949,1.9497178040020522
Weekly Wednesday Options Week 3 - AUG 26,4575.0,CALL,25,11437500.0,743.524289273072,1949,1.2827090815802977
Weekly Wednesday Options Week 3 - AUG 26,4600.0,CALL,94,43240000.0,1240.5910759789315,1949,4.822986146741919
Weekly Wednesday Options Week 3 - AUG 26,4625.0,CALL,18,8325000.0,99.7277281500569,1949,0.9235505387378143
Weekly Wednesday Options Week 3 - AUG 26,4650.0,CALL,40,18600000.0,88.00892804752358,1949,2.052334530528476
Weekly Wednesday Options Week 3 - AUG 26,4675.0,CALL,44,20570000.0,36.37163515258699,1949,2.2575679835813234
Weekly Wednesday Options Week 3 - AUG 26,4700.0,CALL,49,23030000.0,14.399763827110634,1949,2.5141097998973834
Weekly Wednesday Options Week 3 - AUG 26,4725.0,CALL,10,4725000.0,0.9888674145812903,1949,0.513083632632119
Weekly Wednesday Options Week 3 - AUG 26,4750.0,CALL,9,4275000.0,0.28355965483039675,1949,0.46177526936890717
Weekly Wednesday Options Week 3 - AUG 26,4800.0,CALL,11,5280000.0,0.029917419913942558,1949,0.5643919958953308
Weekly Wednesday Options Week 3 - AUG 26,4900.0,CALL,5,2450000.0,5.374940872907057e-05,1949,0.2565418163160595
